branch_key,name,address,city,state,zip,country,latitude,longitude,phone,hours_mon_fri,hours_sat_sun,time_zone,products,detail_url
7717,Burnaby,4055 Mcconnell Drive,Burnaby,,V5A 3A7,CANADA,49.24759007222371,-122.9383354,(604) 299-2525,6:30 AM - 3:30 PM,7:00 AM - 12:00 PM,,Commercial roofing; Residential roofing; Metal roofing,
741,Calgary Branch,2750 Centre Ave. Ne,Calgary,AB,T2A 2L3,CANADA,51.053011567088575,-113.9950575,(403) 720-0600,7:30 AM - 4:00 PM,,,Residential roofing; Commercial roofing; Metal roofing,
740,Edmonton Branch,9610 54 Avenue,Edmonton,AB,T6E 5V1,CANADA,53.4898902,-113.479481,(780) 437-7003,7:30 AM - 4:00 PM,,,Residential roofing; Commercial roofing; Metal roofing,
857,BIRMINGHAM BRANCH,521 31ST ST N,BIRMINGHAM,AL,35203-2928,UNITED STATES,33.526449,-86.7929403,(205) 994-3003,7:00 AM - 4:00 PM,,America/Chicago,Residential roofing; Commercial roofing; Siding; Metal roofing,https://locations.qxo.com/AL/Birmingham/Birmingham-AL-35203/857
730,Birmingham - Waterproofing,409 37Th Street North,Birmingham,AL,35222-1315,UNITED STATES,33.52835482,-86.7826849,(205) 484-2900,7:00 AM  - 4:30 PM,,America/Chicago,Waterproofing,
847,HUNTSVILLE BRANCH,579 PLUMMER RD. SUITE 200,HUNTSVILLE,AL,35806-3801,UNITED STATES,34.7716147,-86.670347,(256) 361-0912,7:00 AM - 4:00 PM,,America/Chicago,Residential roofing; Siding; Commercial roofing; Metal roofing,https://locations.qxo.com/AL/Huntsville/Huntsville-AL-35806/847
856,MOBILE BRANCH,3406 GEORGIA PACIFIC AVE.,MOBILE,AL,36617,UNITED STATES,30.716486,-88.1185373,(251) 456-5204,7:00 AM - 4:00 PM,,America/Chicago,Commercial roofing; Residential roofing; Siding; Metal roofing,https://locations.qxo.com/AL/Mobile/Mobile-AL-36617/856
855,MONTGOMERY BRANCH,1283 N. MCDONOUGH ST.,MONTGOMERY,AL,36104,UNITED STATES,32.3939007,-86.3060183,(334) 262-7663,7:00 AM - 4:00 PM,,America/Chicago,Commercial roofing; Residential roofing; Metal roofing; Siding,https://locations.qxo.com/AL/Montgomery/Montgomery-AL-36104/855
1829,PELHAM BRANCH,1 CLARK ST.,PELHAM,AL,35124-1906,UNITED STATES,33.284493967844334,-86.81800091,(205) 419-0971,7:00 AM-4:00 PM,,America/Chicago,Commercial roofing; Residential roofing; Metal roofing; Siding,https://locations.qxo.com/AL/Pelham/Pelham-AL-35124-1829
848,ROBERTSDALE BRANCH,17270 RESNIK DR,ROBERTSDALE,AL,36567-3264,UNITED STATES,30.5597461,-87.7291319,(251) 271-0270,7:00 AM - 4:00 PM,,America/Chicago,Residential roofing; Siding; Commercial roofing; Metal roofing,https://locations.qxo.com/AL/Robertsdale/Robertsdale-AL-36567/848
854,TUSCALOOSA BRANCH,2705 SOUTHSIDE DRIVE,TUSCALOOSA,AL,35401-5612,UNITED STATES,33.1880835,-87.5610218,(205) 345-7003,7:00 AM - 4:00 PM,,America/Chicago,Residential roofing; Metal roofing; Commercial roofing; Siding,
998,SPRINGDALE BRANCH,5191 N. OAK,BETHEL HEIGHTS,AR,72764,UNITED STATES,36.230464,-94.1227849,(479) 306-7663,7:00 AM - 4:30 PM,,America/Chicago,Residential roofing; Commercial roofing; Metal roofing; Siding,
996,Ft. Smith Branch,6514 S 28Th Pl,Ft. Smith,AR,72908,UNITED STATES,35.32051268436245,-94.40495906,(479) 782-4400,7:00 AM - 4:00 PM,,America/Chicago,Residential roofing; Commercial roofing; Metal roofing; Siding,
988,Hot Springs Branch,2424 E. Grand Ave.,Hot Springs,AR,71901,UNITED STATES,34.5037651,-92.9969142,(501) 262-4121,7:00 AM - 4:30 PM,,America/Chicago,Residential roofing; Siding; Commercial roofing; Metal roofing,
989,N. Little Rock Branch,815 S. A. Jones St.,N. Little Rock,AR,72114,UNITED STATES,34.76232,-92.257308,(501) 376-1186,7:00 AM - 4:30 PM,,America/Chicago,Residential roofing,https://locations.qxo.com/AR/North-Little-Rock/North-Little-Rock-AR-72114/989
732,LITTLE ROCK BRANCH - CCP,408 MANSON RD. SUITE 490,SHERWOOD,AR,72120-4220,UNITED STATES,34.8300813,-92.18786947,(501) 487-9182,7:00 AM - 4:30 PM,,America/Chicago,Waterproofing,
136,Phoenix Branch,5307 W. Missouri Avenue,Glendale,AZ,85301-6005,UNITED STATES,33.5163725,-112.1730542,(623) 931-0054,6:00 AM - 3:00 PM,,America/Denver,Residential roofing; Commercial roofing; Siding; Metal roofing,https://locations.qxo.com/AZ/Glendale/Glendale-AZ-85301-136
118,Mesa Branch,235 S Hibbert,Mesa,AZ,85210-1601,UNITED STATES,33.4096054,-111.8254649,(480) 557-6309,6:00 AM - 3:00 PM,,America/Denver,Residential roofing; Commercial roofing; Siding; Metal roofing,https://locations.qxo.com/AZ/Mesa/Mesa-AZ-85210/118
1103,Queen Creek,8150 E Germann Road Building #3,Mesa,AZ,85212,UNITED STATES,33.28002117,-111.6569892,(480) 719-8181,6:00 AM - 3:00 PM,,America/Denver,,https://locations.qxo.com/AZ/Mesa/Mesa-AZ-85212-1103
1104,Payson Branch,200 N. Tonto St,Payson,AZ,85541-4387,UNITED STATES,34.24225487482524,-111.3280992,(928) 268-3050,6:00 AM - 3:00 PM,,America/Denver,Residential roofing; Commercial roofing,https://locations.qxo.com/AZ/Payson/Payson-AZ-85541/1104
2303,Phoenix West - Waterproofing,4507 W Mcdowell Rd,Phoenix,AZ,85035-4121,UNITED STATES,33.46604231,-112.1544869,(602) 269-7089,5:00 AM - 3:00 PM,,America/Denver,Waterproofing,
168,Prescott Branch,481 E Z St,Prescott,AZ,86301-2000,UNITED STATES,34.5485858,-112.464303,(928) 771-1190,6:30 AM - 3:30 PM,,America/Denver,Residential roofing; Commercial roofing; Siding; Metal roofing,
167,TUCSON BRANCH,3502 E 34TH ST,TUCSON,AZ,85713-3719,UNITED STATES,32.1937228,-110.9174132,(520) 795-7663,6:00 AM - 3:00 PM,,America/Denver,Residential roofing; Commercial roofing; Siding; Metal roofing,https://locations.qxo.com/AZ/Tucson/Tucson-AZ-85713/167
675,Phoenix - Waterproofing,441 W. Geneva Dr.,Tempe,AZ,85282,UNITED STATES,33.39468,-111.94735,(602) 268-7901,6:00 AM - 4:00 PM,,America/Denver,Waterproofing,https://locations.qxo.com/AZ/Tempe/Tempe-AZ-85282/675
748,Surrey 82 Branch,12510 82Nd Ave.,Surrey,BC,V3W 3E9,CANADA,49.15195085385234,-122.8760549,(604) 572-8088,7:00 AM - 3:30 PM,,,Commercial roofing; Residential roofing; Metal roofing,
7716,Surrey Branch,12390 88Th Avenue,Surrey,BC,V3W 3J6,CANADA,49.163077429388295,-122.8799785,(604) 590-5588,6:30 AM - 3:30 PM,7:00 AM - 12:00 PM,,Commercial roofing; Residential roofing; Metal roofing,
1905,Bakersfield Branch,2900 Gateway Ave,Bakersfield,CA,93307-6854,UNITED STATES,35.35096398632963,-118.971774,(661) 831-1044,6:00 AM - 3:00 PM,,America/Los_Angeles,Residential roofing; Commercial roofing; Metal roofing; Siding,
117,El Cajon Branch,396 Raleigh Ave.,El Cajon,CA,92020,UNITED STATES,32.7980369,-116.9739284,(619) 383-2747,6:00 AM - 3:00 PM,,America/Los_Angeles,Commercial roofing; Residential roofing; Siding; Metal roofing,https://locations.qxo.com/CA/Cajon/El/El-Cajon-CA-92020-117
102,Gardena Branch,1859 Rosecrans Ave,Gardena,CA,90249,UNITED STATES,33.9021652,-118.3112632,(310) 523-4475,6:00 AM - 3:00 PM,6:30 AM -10:45 AM,America/Los_Angeles,Residential roofing; Commercial roofing; Siding; Metal roofing; Metal roofin,https://locations.qxo.com/CA/Gardena/Gardena-CA-90249/102
673,Hayward  - Waterproofing,23030 Kidder St.,Hayward,CA,94545-1624,UNITED STATES,37.6436687,-122.1340644,(800) 252-2449,6:00 AM - 4:00 PM,,America/Los_Angeles,Waterproofing,https://locations.qxo.com/CA/Hayward/Hayward-CA-94545/673
1906,Hayward Branch - Al'S,23305 Bernhardt St,Hayward,CA,94545-1622,UNITED STATES,37.64228581236026,-122.1330681,(510) 782-0780,7:00 AM - 4:00 PM,,America/Los_Angeles,Residential roofing; Commercial roofing; Siding; Metal roofing,
2308,Jurupa Valley - Waterproofing,11150 Inland Ave Suite B,Jurupa Valley,CA,91752-1164,UNITED STATES,34.030665,-117.5268018,(909) 605-6540,6:00 AM - 4:00 PM,,America/Los_Angeles,Waterproofing,
128,Long Beach Branch,3100 Orange Ave,Long Beach,CA,90807-5220,UNITED STATES,33.8332465,-118.1766294,(562) 595-7377,6:00 AM - 3:00 PM,,America/Los_Angeles,Residential roofing; Commercial roofing; Siding; Metal roofing,https://locations.qxo.com/CA/Long-Beach/Long-Beach-CA-90807/128
127,Los Angeles Branch,1212 W 58Th St,Los Angeles,CA,90037-3917,UNITED STATES,33.9894715,-118.2965577,(323) 753-1277,6:00 AM - 3:00 PM,6:30 AM - 10:30 AM,America/Los_Angeles,Residential roofing; Commercial roofing; Siding,https://locations.qxo.com/CA/Los-Angeles/Los-Angeles-CA-90037/127
145,MARTINEZ BRANCH,183 ARTHUR ROAD,MARTINEZ,CA,94553-2205,UNITED STATES,38.0090123,-122.0880871,(925) 395-4250,6:30 AM - 3:00 PM,,America/Los_Angeles,Residential roofing; Commercial roofing; Siding; Metal roofing,https://locations.qxo.com/CA/Martinez/Martinez-CA-94553/145
139,Mcclellan Park Brn,4342 Dudley Blvd Bldg 475 Ste A,Mcclellan Park,CA,95652-2505,UNITED STATES,38.650954,-121.3938857,(916) 571-9820,6:00 AM - 4:00 PM,,America/Los_Angeles,Commercial roofing; Residential roofing; Siding; Metal roofing,https://locations.qxo.com/CA/McClellan-Park/McClellan-Park-CA-95652/139
2323,Menlo Park - Waterproofing,10 Kelly Court,Menlo Park,CA,94025,UNITED STATES,37.47586193310152,-122.150531,(650) 329-8700,6:00 AM - 3:00 PM,,America/Los_Angeles,Waterproofing,
144,Modesto Branch,730 N 9Th St,Modesto,CA,95350,UNITED STATES,37.6558246,-121.0202188,(209) 669-6994,7:00 AM - 3:00 PM,,America/Los_Angeles,Residential roofing; Commercial roofing; Siding; Metal roofing,https://locations.qxo.com/CA/Modesto/Modesto-CA-95386/144
1909,Newark Branch - Al'S,8075 Enterprise Drive,Newark,CA,94560-3301,UNITED STATES,37.523065131045534,-122.0433806,(510) 796-7467,6:30 AM - 3:00 PM,,America/Los_Angeles,Residential roofing; Commercial roofing; Siding; Metal roofing,
682,Norco Branch,1606 Hamner Ave,Norco,CA,92860-2941,UNITED STATES,33.9052035,-117.562494,(951) 340-0607,6:00 AM - 4:00 PM,6:30 AM - 10:00 AM,America/Los_Angeles,Commercial roofing; Residential roofing; Siding; Metal roofing,https://locations.qxo.com/CA/Norco/Norco-CA-92860/682
2324,Oakland - Waterproofing,465 Roland Way,Oakland,CA,94621,UNITED STATES,37.743314906629394,-122.202428,(510) 636-2020,6:00 AM - 3:00 PM,,America/Los_Angeles,Waterproofing,
101,Orange Branch,675 N. Batavia,Orange,CA,92868,UNITED STATES,33.7982925,-117.8614401,(714) 633-6330,6:00 AM - 3:00 PM,6:30 AM -10:30 AM,America/Los_Angeles,Residential roofing; Commercial roofing; Siding; Metal roofing,https://locations.qxo.com/CA/Orange/Orange-CA-92868/101
109,Oxnard Branch,567 Ventura Blvd,Oxnard,CA,93036,UNITED STATES,34.2290598,-119.1691366,(805) 919-0919,6:00 AM - 3:00 PM,,America/Los_Angeles,Residential roofing; Commercial roofing; Siding; Metal roofing,https://locations.qxo.com/CA/Oxnard/Oxnard-CA-93036/109
680,Oxnard - Waterproofing,3441 Galaxy Place,Oxnard,CA,93030-8985,UNITED STATES,34.2070627,-119.1260249,(805) 485-0700,6:00 AM - 3:30 PM,,America/Los_Angeles,Waterproofing,https://locations.qxo.com/CA/Oxnard/Oxnard-CA-93030/680
671,Placentia - Waterproofing,721 S. VAN BUREN ST.,PLACENTIA,CA,92870-6630,UNITED STATES,33.864478,-117.833293,(800) 439-4546,6:00 AM - 4:00 PM,,America/Los_Angeles,Waterproofing,https://locations.qxo.com/CA/Placentia/Placentia-CA-92870/671
400,Pico Rivera Branch,7875 Telegraph Rd.,Pico Rivera,CA,90660,UNITED STATES,33.97183,-118.11611,(562) 268-2662,6:00 AM - 4:00 PM,,America/Los_Angeles,Commercial roofing; Residential roofing; Siding; Metal roofing,https://locations.qxo.com/CA/Pico-Rivera/Pico-Rivera-90240/400/Commercial-Products
141,Sacramento Branch,2541 Grennan Court,Rancho Cordova,CA,95742-6209,UNITED STATES,38.61044,-121.2623959,(916) 525-2310,7:00 AM - 4:00 PM,,America/Los_Angeles,Residential roofing; Commercial roofing; Siding; Metal roofing,https://locations.qxo.com/CA/Rancho-Cordova/Rancho-Cordova-CA-95742/141
1902,Riverside Branch,2800 E La Cadena Dr.,Riverside,CA,92507-2645,UNITED STATES,33.987896461532095,-117.3608779,(951) 900-3118,6:00 AM - 4:00 PM,,America/Los_Angeles,Residential roofing; Commercial roofing; Siding; Metal roofing,https://locations.qxo.com/CA/Riverside/Riverside-CA-92507-1902
134,Rosemead Branch,8650 Garvey Ave,Rosemead,CA,91770-3269,UNITED STATES,34.0623185,-118.0800731,(626) 288-2922,6:00 AM - 3:00 PM,,America/Los_Angeles,Residential roofing; Commercial roofing; Siding; Waterproofing,https://locations.qxo.com/CA/Rosemead/Rosemead-CA-91770/134
112,San Bernardino,1515 S WATERMAN AVE,SAN BERNARDINO,CA,92408,UNITED STATES,34.0730079,-117.2779962,(909) 386-3600,6:00 AM - 3:00 PM,6:30 AM - 10:30 AM,America/Los_Angeles,Residential roofing; Commercial roofing; Siding; Metal roofing,https://locations.qxo.com/CA/San-Bernardino/San-Bernardino-CA-92408-112
2326,SAN JOSE BRANCH - WPR,1202 S 6TH ST,SAN JOSE,CA,95112-5922,UNITED STATES,37.32041998290994,-121.87229423558223,(408) 275-2876,7:00 AM - 3:00 PM,,America/Los_Angeles,Waterproofing,
143,STOCKTON BRANCH,2081 E CHARTER WAY,STOCKTON,CA,95205-7025,UNITED STATES,37.9446661,-121.2585716,(209) 946-4214,6:30 AM - 4:00 PM,,America/Los_Angeles,Residential roofing; Commercial roofing; Metal roofing; Siding,https://locations.qxo.com/CA/Stockton/Stockton-CA-95205/143
105,Sacramento Branch,5050 84Th St,Sacramento,CA,95826-4827,UNITED STATES,38.5286159,-121.3962824,(916) 381-1111,6:00 AM - 4:00 PM,,America/Los_Angeles,Residential roofing; Commercial roofing; Siding; Metal roofing,https://locations.qxo.com/CA/Sacramento/Sacramento-CA-95826/105
2325,Sacramento - Waterproofing,8330 Belvedere Avenue,Sacramento,CA,95826-5902,UNITED STATES,38.537420508763255,-121.3988549,(916) 388-5775,6:00 AM - 3:00 PM,,America/Los_Angeles,Waterproofing,
1904,Salinas Branch,12328 Christensen Rd,Salinas,CA,93907-1682,UNITED STATES,36.741085137056125,-121.6614327,(831) 741-2375,6:30 AM - 3:30 PM,7:00 AM  - 11:00 AM,America/Los_Angeles,Residential roofing; Commercial roofing; Siding; Metal roofing,https://locations.qxo.com/CA/Salinas/Salinas-CA-93907-1904
1907,San Carlos Branch - Al'S,266 Industrial Road,San Carlos,CA,94070-6226,UNITED STATES,37.517995116654006,-122.2640242,(650) 473-1788,7:00 AM - 4:00 PM,,America/Los_Angeles,Residential roofing; Commercial roofing; Siding; Metal roofing,
672,San Diego - Waterproofing,8840 Complex Dr.,San Diego,CA,92123,UNITED STATES,32.830525,-117.135983,(858) 430-1260,5:30 AM - 3:30 PM,,America/Los_Angeles,Waterproofing,https://locations.qxo.com/CA/San-Diego/San-Diego-CA-92123/672
148,San Diego Branch,5660 Kearny Villa Road,San Diego,CA,92123-1110,UNITED STATES,32.8375521,-117.1358047,(858) 715-0808,6:00 AM - 3:00 PM,6:30 AM - 10:30 AM,America/Los_Angeles,Residential roofing; Commercial roofing; Siding; Metal roofing,https://locations.qxo.com/CA/San-Diego/San-Diego--CA-92123/148
121,San Jose Branch,200 San Jose Ave,San Jose,CA,95125,UNITED STATES,37.3094187,-121.8744504,(408) 293-5947,7:00 AM - 3:00 PM,,America/Los_Angeles,Commercial roofing; Residential roofing; Siding; Metal roofing,
142,San Jose Branch,1202 S 6Th St,San Jose,CA,95112-5922,UNITED STATES,37.3202836,-121.8724492,(408) 491-7663,7:00 AM - 3:00 PM,,America/Los_Angeles,Residential roofing; Commercial roofing; Siding; Metal roofing,https://locations.qxo.com/CA/San-Jose/San-Jose-CA-95112/142
1908,San Jose Branch - Al'S,1854 South 7Th St.,San Jose,CA,95112-6005,UNITED STATES,37.31158032568456,-121.8608576,(408) 286-7220,,,America/Los_Angeles,Residential roofing; Commercial roofing; Siding; Metal roofing,
140,San Leandro Branch,1588 Doolittle Drive,San Leandro,CA,94577-2228,UNITED STATES,37.7113641,-122.1835627,(510) 568-5585,6:30 AM - 3:00 PM,6:30 AM to 10:30 AM,America/Los_Angeles,Commercial roofing; Residential roofing; Siding; Metal roofing,https://locations.qxo.com/CA/San-Leandro/San-Leandro--CA-94577/140
149,Santa Ana Branch,2734 S. Susan Street,Santa Ana,CA,92704-5818,UNITED STATES,33.71029,-117.9136409,(714) 557-2930,6:00 AM - 3:00 PM,,America/Los_Angeles,Residential roofing; Commercial roofing; Siding; Metal roofing,
115,Santa Ana Branch,1201 E Mcfadden Ave,Santa Ana,CA,92705,UNITED STATES,33.7341343,-117.8526408,(714) 567-0198,6:00 AM - 4:00 PM,,America/Los_Angeles,Residential roofing; Commercial roofing; Siding; Metal roofing,https://locations.qxo.com/CA/Ana/Santa/Santa-Ana-CA-92705-115
688,Santa Rosa Branch,4159 Santa Rosa Ave,Santa Rosa,CA,95407-8276,UNITED STATES,38.3777529,-122.7141007,(707) 584-7599,7:00 AM - 4:00 PM,,America/Los_Angeles,Residential roofing; Commercial roofing; Siding; Metal roofing,https://locations.qxo.com/CA/Santa-Rosa/Santa-Rosa-CA-95407/688
670,Sun Valley - Waterproofing,8501 Telfair Ave,Sun Valley,CA,91352-3928,UNITED STATES,34.2238315,-118.3839038,(800) 225-8231,5:00 AM - 3:30 PM,,America/Los_Angeles,Waterproofing,https://locations.qxo.com/CA/Sun-Valley/Sun-Valley-CA-91352/670
113,Sun Valley Branch,11731 Sheldon St.,Sun Valley,CA,91352,UNITED STATES,34.2439669,-118.3881872,(818) 767-4331,6:00 AM - 4:00 PM,7:00 AM - 11:00 AM,America/Los_Angeles,Residential roofing; Commercial roofing; Siding; Metal roofing,https://locations.qxo.com/CA/Sun-Valley/Sun-Valley-CA-91352/113
130,Van Nuys Branch,15208 Raymer St,Van Nuys,CA,91405-1016,UNITED STATES,34.214729746564785,-118.464487,(818) 781-3280,6:00 AM - 3:00 PM,6:30 AM - 10:30 AM,America/Los_Angeles,Residential roofing; Commercial roofing; Siding; Metal roofing,https://locations.qxo.com/CA/Van-Nuys/Van-Nuys-CA-91405/130
114,Vista Branch,2270 La Mirada Dr.,Vista,CA,92081,UNITED STATES,33.1516181,-117.2303845,(760) 510-8320,6:00 AM - 3:00 PM,,America/Los_Angeles,Residential roofing; Commercial roofing; Siding; Metal roofing,https://locations.qxo.com/CA/Vista/Vista-CA-92081/114
1911,Walnut Branch,249 South Paseo Tesoro,Walnut,CA,91789-2724,UNITED STATES,34.0146356,-117.8584722,(909) 598-8408,6:00 AM - 3:00 PM,,America/Los_Angeles,Residential roofing; Commercial roofing; Siding; Metal roofing,
674,Sacramento - Waterproofing,920 Stillwater Rd. #140,West Sacramento,CA,95605,UNITED STATES,38.6581628,-121.4315188,(866) 270-7333,7:00 AM - 4:00 PM,,America/Los_Angeles,Waterproofing,https://locations.qxo.com/CA/West-Sacramento/West-Sacramento-CA-95605/674
300,Denver Hub Branch,14200 E Moncrieff Place,Aurora,CO,80011-1647,UNITED STATES,39.7639011,-104.8233002,(720) 302-9965,7:00 AM - 4:00 PM,,America/Denver,,https://locations.qxo.com/CO/Aurora/Denver-CO-80011/300
934,Centennial Branch,6978 South Clinton Street,Centennial,CO,80112,UNITED STATES,39.5900225,-104.8781905,(303) 790-7670,7:00 AM - 5:00 PM,,America/Denver,Residential roofing; Siding; Commercial roofing; Metal roofing,https://locations.qxo.com/CO/Centennial/Centennial-CO-80112/934
181,Colorado Springs Branch,4850 Lorna Place,Colorado Springs,CO,80915,UNITED STATES,38.8457498,-104.7371001,(719) 591-7070,7:00 AM - 4:30 PM,,America/Denver,Residential roofing; Commercial roofing; Siding; Metal roofing,
685,Colorado Springs Branch,3170 North Century St,Colorado Springs,CO,80907-5409,UNITED STATES,38.8774423,-104.8145458,(719) 632-4298,7:00 AM - 4:00 PM,,America/Denver,Residential roofing; Commercial roofing; Metal roofing; Siding,
184,Denver Branch,1205 S Platte River Dr. Unit 104,Denver,CO,80223-3100,UNITED STATES,39.6942338,-104.9948379,(303) 744-7111,7:00 AM - 4:00 PM,,America/Denver,Residential roofing; Commercial roofing; Siding; Metal roofing,https://locations.qxo.com/CO/Denver/Denver-CO-80223/184
2305,Denver South - Waterproofing,861 S Jason St,Denver,CO,80223-2817,UNITED STATES,39.70151769,-104.9992708,(303) 777-3435,6:00 AM - 4:00 PM,,America/Denver,Waterproofing,
931,Denver Branch,4343 Holly Street,Denver,CO,80216,UNITED STATES,39.7769605,-104.922733,(303) 322-9009,7:00 AM - 5:00 PM,,America/Denver,Residential roofing; Siding; Commercial roofing,
683,Denver Branch,5252 Sherman St,Denver,CO,80216,UNITED STATES,39.7930543,-104.9844765,(303) 296-2222,7:00 AM - 4:00 PM,,America/Denver,Commercial roofing; Residential roofing; Siding; Metal roofing,https://locations.qxo.com/CO/Denver/Denver-CO-80216/683/Commercial-Products
2306,Denver North - Waterproofing,601 East 64Th Ave Unit B100,Denver,CO,80229-7021,UNITED STATES,39.81190423,-104.981739,(720) 644-6363,6:00 AM - 4:00 PM,,America/Denver,Waterproofing,
152,Fort Collins Branch,2155 Midpoint Dr,Fort Collins,CO,80525-4305,UNITED STATES,40.5644749,-105.0375684,(970) 495-6797,7:00 AM - 4:00 PM,,America/Denver,Residential roofing; Commercial roofing; Siding; Metal roofing,
1101,Longmont Branch,7500 Johnson Dr.,Frederick,CO,80504-3415,UNITED STATES,40.11439950227962,-104.9750984,(983) 200-6674,7:00 AM - 4:00 PM,,America/Denver,Residential roofing; Siding; Commercial roofing; Metal roofing,https://locations.qxo.com/CO/Frederick/Frederick-CO-80504-1101
173,Grand Junction Branch,2495 West Mesa Ct,Grand Junction,CO,81505-1325,UNITED STATES,39.0878364,-108.5907509,(970) 242-6621,7:00 AM - 4:00 PM,,America/Denver,Residential roofing; Commercial roofing; Metal roofing; Siding,https://locations.qxo.com/CO/Junction/Grand/Grand-Junction-CO-81505-173
186,Greeley Branch,2303 2Nd Avenue,Greeley,CO,80631,UNITED STATES,40.400520040643016,-104.6809624,(303) 456-2721,7:00 AM - 4:00 PM,,America/Denver,Residential roofing; Siding; Commercial roofing; Metal roofing,https://locations.qxo.com/CO/Greeley/Greeley-CO-80631/186
188,Montrose Branch,4584 N. Townsend,Montrose,CO,81401,UNITED STATES,38.5256896,-107.9276762,(970) 249-8641,7:00 AM - 4:00 PM,,America/Denver,Residential roofing; Metal roofing; Commercial roofing; Siding,
151,Pueblo Branch,3240 Mirror Ave,Pueblo,CO,81004-3789,UNITED STATES,38.2172399,-104.6339602,(719) 560-0401,7:00 AM - 4:00 PM,,America/Denver,Residential roofing; Commercial roofing; Siding; Metal roofing,https://locations.qxo.com/CO/Pueblo/Pueblo-CO-81004/151
187,Rifle Branch,185 Gemat Circle,Rifle,CO,81650,UNITED STATES,39.5429953,-107.7403971,(970) 625-4760,7:30 AM - 4:00 PM,,America/Denver,Residential roofing; Commercial roofing; Metal roofing; Siding,
26,Bridgeport Branch,1730 Commerce Dr,Bridgeport,CT,06605-2206,UNITED STATES,41.16920942,-73.21634148,(203) 696-0353,7:00 AM - 4:00 PM,,America/New_York,Siding; Residential roofing; Commercial roofing; Metal roofing,https://locations.qxo.com/CT/Bridgeport/Bridgeport-CT-06605/26
17,Danbury Branch,2 Great Pasture Road,Danbury,CT,06810-8128,UNITED STATES,41.386529,-73.426065,(475) 289-3696,7:00 AM - 4:00 PM,,America/New_York,Residential roofing; Commercial roofing; Siding; Metal roofing,https://locations.qxo.com/CT/DANBURY/DANBURY-CT-06810-8128/17
6,Hartford Branch,251 Locust Street,Hartford,CT,06114,UNITED STATES,41.7422392,-72.6684257,(860) 296-0855,7:00 AM - 4:00 PM,,America/New_York,Residential roofing; Commercial roofing; Siding; Metal roofing,https://locations.qxo.com/CT/Hartford/Hartford-CT-06114/0
1678,North Haven - Waterproofing,222 Universal Drive,North Haven,CT,06473-3659,UNITED STATES,41.34189667343125,-72.87170245,(203) 495-1177,6:00 AM - 4:00 PM,,America/New_York,Waterproofing,
18,Stamford Branch,316 Courtland Ave. Suite 102,Stamford,CT,06906-2269,UNITED STATES,41.068208,-73.51665,(475) 292-1800,7:00 AM - 4:00 PM,,America/New_York,Residential roofing; Commercial roofing; Siding; Metal roofing,https://locations.qxo.com/CT/Stamford/Stamford-CT-06906/18
25,Wallingford Branch,780 North Colony Rd,Wallingford,CT,06492-2475,UNITED STATES,41.476104,-72.813854,(203) 774-0064,7:00 AM - 4:00 PM,,America/New_York,Commercial roofing; Siding; Residential roofing; Metal roofing,https://locations.qxo.com/CT/Wallingford/Wallingford-CT-06492-25/residential
320,Dover Branch,40 Saulsbury Rd.,Dover,DE,19904,UNITED STATES,39.1602058,-75.543293,(302) 264-9815,7:00 AM - 4:00 PM,,America/New_York,Residential roofing; Siding; Commercial roofing; Metal roofing,https://locations.qxo.com/DE/Dover/Dover-DE-19904/320
311,Lewes Branch,34112 Citizen Drive,Lewes,DE,19958,UNITED STATES,38.7441656,-75.1550678,(302) 644-4115,7:00 AM - 3:30 PM,,America/New_York,Siding; Residential roofing; Commercial roofing; Metal roofing,https://locations.qxo.com/DE/Lewes/Lewes-DE-19958/311
304,New Castle De Branch,9 Parkway Circle,New Castle,DE,19720,UNITED STATES,39.6637555,-75.6125342,(302) 322-8322,7:00 AM - 4:00 PM,,America/New_York,Residential roofing; Commercial roofing; Siding; Metal roofing,
1808,Boynton Beach Branch,3402 Quantum Blvd,Boynton Beach,FL,33426-8635,UNITED STATES,26.552831534083325,-80.08030426,(954) 298-4017,7:00 AM - 4:00 PM,,America/New_York,Residential roofing; Commercial roofing; Siding,https://locations.qxo.com/FL/Boynton-Beach/Boynton-Beach-FL-33426/1808
863,Deerfield Branch,1150 Sw 32Nd Way,Deerfield Beach,FL,33442,UNITED STATES,26.3020924,-80.147843,(954) 969-8000,7:00 AM - 4:00 PM,,America/New_York,Commercial roofing; Residential roofing; Siding; Metal roofing,https://locations.qxo.com/FL/Deerfield-Beach/Deerfield-Beach-FL-33442/863
885,Ft. Lauderdale Branch,3121 Sw First Terr,Fort Lauderdale,FL,33315-3307,UNITED STATES,26.0860584,-80.1412447,(954) 525-1158,7:00 AM - 4:00 PM,,America/New_York,Residential roofing; Commercial roofing; Siding; Metal roofing,https://locations.qxo.com/FL/Fort-Lauderdale/Fort-Lauderdale-FL-33315/885
1802,Ft. Myers South Branch,8950 Alico Trade Center Rd.,Fort Myers,FL,33912-4554,UNITED STATES,26.509129413985065,-81.80866469,(239) 837-6784,6:30 AM - 4:00 PM,,America/New_York,Residential roofing; Commercial roofing; Siding; Metal roofing,https://locations.qxo.com/FL/Fort-Myers/Fort-Myers-FL-33912
862,Ft. Myers Branch,4075 Edison Ave,Fort Myers,FL,33916-4831,UNITED STATES,26.634662,-81.830799,(239) 935-5077,7:00 AM - 4:30 PM,,America/New_York,Residential roofing; Commercial roofing; Metal roofing; Siding,https://locations.qxo.com/FL/Fort-Myers/Fort-Myers-FL-33916/862
726,Fort Myers - Waterproofing,5810 Corporation Circle,Fort Myers,FL,33905-5026,UNITED STATES,26.661942078842433,-81.80521148,(239) 690-9797,7:00 AM - 5:00 PM,,America/New_York,Waterproofing,
881,Fort Pierce Branch,701 S Market Ave,Fort Pierce,FL,34982-6643,UNITED STATES,27.391636,-80.3312765,(772) 466-3461,7:00 AM - 4:00 PM,,America/New_York,Residential roofing; Commercial roofing; Metal roofing; Siding,https://locations.qxo.com/FL/Ft.-Pierce/Ft.-Pierce-FL-34982/881
413,HOMESTEAD BRANCH,13055 SW 238 ST.,HOMESTEAD,FL,33032-2426,UNITED STATES,25.54686229933444,-80.4013517,(786) 829-2761,7:00 AM - 4:00 PM,,America/New_York,Commercial roofing; Residential roofing; Metal roofing; Siding,https://locations.qxo.com/FL/Homestead/Homestead-FL-33032-413
803,Jacksonville Branch,3333 N Canal Street,Jacksonville,FL,32209-4195,UNITED STATES,30.3590193,-81.6961174,(904) 503-9400,7:00 AM - 4:00 PM,,America/New_York,Residential roofing; Commercial roofing; Metal roofing; Siding,https://locations.qxo.com/FL/Jacksonville/Jacksonville-FL-32209/803
720,Jacksonville - Waterproofing,3401 Philips Highway,Jacksonville,FL,32207,UNITED STATES,30.29255,-81.63662,(904) 398-7171,7:00 AM - 5:00 PM,,America/New_York,Waterproofing,
872,Leesburg Branch,2415 Griffin Rd,Leesburg,FL,34748-3201,UNITED STATES,28.8279381,-81.9059025,(352) 818-6120,7:00 AM - 4:00 PM,,America/New_York,Residential roofing; Commercial roofing; Metal roofing; Siding,
1827,MILTON BRANCH,5689 INDUSTRIAL BLVD.,MILTON,FL,32583-8720,UNITED STATES,30.640034134488285,-86.9852022153395,(850) 665-2020,6:30 AM - 4:00 PM,,America/New_York,Residential roofing; Commercial roofing; Siding; Metal roofing,https://locations.qxo.com/FL/Milton/Milton-FL-32583
868,Melbourne Branch,2850 Harper Road,Melbourne,FL,32904,UNITED STATES,28.1062291,-80.6679779,(321) 369-7892,7:00 AM - 4:30 PM,,America/New_York,Residential roofing; Commercial roofing; Siding; Metal roofing,https://locations.qxo.com/FL/Melbourne/Melbourne-FL-32904/868
1807,Miami,3590 Nw 114 Street,Miami,FL,33167,UNITED STATES,25.877699215991168,-80.2573969,(305) 635-7177,7:00 AM - 4:00 PM,,America/New_York,Commercial roofing; Residential roofing; Siding; Metal roofing,https://locations.qxo.com/FL/Miami/Miami-FL-33167-1807
723,Miami - Waterproofing,10501 Nw 7Th Ave,Miami,FL,33150-1005,UNITED STATES,25.872577129393772,-80.20939428,(305) 757-2121,6:00 AM - 5:00 PM,,America/New_York,Waterproofing,
891,North Port Branch,1075 Gateway Ave.,North Port,FL,34289-9374,UNITED STATES,27.08645,-82.15723,(941) 732-1029,7:00 AM - 4:00 PM,,America/New_York,Residential roofing; Commercial roofing; Siding; Metal roofing,https://locations.qxo.com/FL/North-Port/North-Port-FL-34289/891
884,ORLANDO BRANCH,6363 EDGEWATER DR.,ORLANDO,FL,32810-4711,UNITED STATES,28.61591209,-81.42404808,(321) 442-0061,7:00 AM - 4:00 PM,,America/New_York,Waterproofing; Residential roofing; Commercial roofing; Siding,https://locations.qxo.com/FL/Orlando/Orlando-FL-32810/884
860,ORLANDO BRANCH,2501 SILVER METEOR DR.,ORLANDO,FL,32804,UNITED STATES,28.5803475,-81.413389,(407) 291-7244,7:00 AM - 4:00 PM,,America/New_York,Residential roofing; Commercial roofing; Siding; Metal roofing,https://locations.qxo.com/FL/Orlando/Orlando-FL-32804/860
867,Ocala Branch,3082 Ne 24Th Street,Ocala,FL,34470,UNITED STATES,29.21183474073863,-82.09334205,(352) 622-3933,7:00 AM - 4:00 PM,,America/New_York,Residential roofing; Commercial roofing; Metal roofing; Siding,https://locations.qxo.com/FL/Ocala/Ocala-FL-34471-867
845,Odessa Fl Branch,13331 Byrd Drive,Odessa,FL,33556,UNITED STATES,28.17668,-82.5949569,(813) 749-5354,7:00 AM - 4:00 PM,,America/New_York,Residential roofing; Commercial roofing; Siding; Metal roofing,https://locations.qxo.com/FL/Odessa/Odessa-FL-33556/845
722,Orlando Branch - Waterproofing,5051 L.B. Mcleod Rd Suite D,Orlando,FL,32811-7400,UNITED STATES,28.50650743,-81.4469821,(407) 849-1717,7:00 AM - 5:00 PM,,America/New_York,Waterproofing,
865,South Orlando Branch,2155 West Landstreet Rd.,Orlando,FL,32809,UNITED STATES,28.4369571,-81.4082989,(407) 367-6246,7:00 AM - 4:00 PM,,America/New_York,Residential roofing; Commercial roofing; Siding; Metal roofing,https://locations.qxo.com/FL/Orlando/Orlando-FL-32809/865
873,Orlando Branch,1600 W. New Hampshire St.,Orlando,FL,32804-6002,UNITED STATES,28.56661,-81.404735,(407) 859-9997,7:00 AM - 4:00 PM,,America/New_York,Residential roofing; Commercial roofing; Metal roofing; Siding,https://locations.qxo.com/FL-Orlando/Orlando-FL-32804/873
870,Ormond Beach Branch,115 Business Center Drive,Ormond Beach,FL,32174-6620,UNITED STATES,29.3250418,-81.1118237,(386) 301-4471,7:00 AM - 4:00 PM,,America/New_York,Residential roofing; Commercial roofing; Siding; Metal roofing,https://locations.qxo.com/FL/Ormond-Beach/Ormond-Beach-FL-32174/870
892,PANAMA CITY,700 ABERDEEN LOOP,PANAMA CITY,FL,32405,UNITED STATES,30.22595,-85.61834,(850) 763-0851,7:00 AM - 4:00 PM,,America/New_York,Residential roofing; Siding; Commercial roofing; Metal roofing,https://locations.qxo.com/FL/Panama-City/Panama-City-FL-32405/892
729,PENSACOLA BRANCH - CCP,3081 COPTER RD.,PENSACOLA,FL,32514-7054,UNITED STATES,30.528134381019008,-87.20192094,(850) 432-7155,7:00 AM - 4:30 PM,,America/New_York,Waterproofing,
1809,PINELLAS PARK BRANCH,10603 US HIGHWAY 19 N,PINELLAS PARK,FL,33782-3426,UNITED STATES,27.869550400179374,-82.70247892883638,(727) 497-7915,7:00 AM - 4:00 PM,,America/New_York,,
871,Palmetto Branch,2906 Corporate Way,Palmetto,FL,34221-8488,UNITED STATES,27.58136488419541,-82.53451906,(941) 722-6800,7:00 AM - 4:00 PM,,America/New_York,Residential roofing; Commercial roofing; Siding; Metal roofing,https://locations.qxo.com/FL/Palmetto/Palmetto-FL-34221/871
724,Pompano Beach - Waterproofing,1501 West Copans Rd.,Pompano Beach,FL,33064-1544,UNITED STATES,26.262044785979526,-80.14379998,(954) 642-1619,7:00 AM - 5:00 PM,,America/New_York,Waterproofing,
1806,Port St. Lucie Branch,2132 Nw Settle Ave.,Port St. Lucie,FL,34986-3225,UNITED STATES,27.33969454343539,-80.42398484,(772) 224-8342,7:00 AM - 4:00 PM,,America/New_York,Residential roofing; Metal roofing; Commercial roofing; Siding,https://locations.qxo.com/FL/Port-Saint-Lucie/Port-Saint-Lucie-FL-34986-1806
886,Palm Beach Branch,4281 Westroads Dr,Riviera Beach,FL,33407-1238,UNITED STATES,26.7737896,-80.1049066,(561) 863-9899,7:00 AM - 4:00 PM,,America/New_York,Residential roofing; Commercial roofing; Metal roofing; Siding,https://locations.qxo.com/FL/Riviera-Beach/Riviera-Beach-FL-33407/886
725,West Palm Beach - Waterproofing,7835 Central Industrial Dr.,Riviera Beach,FL,33404-3453,UNITED STATES,26.792007723393382,-80.09573923,(561) 478-2000,7:00 AM - 5:00 PM,,America/New_York,Waterproofing,
1801,Ruskin Branch,1601 S Us Hwy 41,Ruskin,FL,33570-5315,UNITED STATES,27.70630352727403,-82.43774112,(813) 729-5977,7:00 AM - 4:00 PM,,America/New_York,Residential roofing; Commercial roofing; Siding; Metal roofing,https://locations.qxo.com/FL/Ruskin/Ruskin-FL-33570-1801
721,Daytona Branch,3131 OPPORTUNITY CT. SUITE A,SOUTH DAYTONA,FL,32119-3400,UNITED STATES,29.15176501,-80.99422612,(386) 506-5022,7:00 AM - 5:00 PM,,America/New_York,Waterproofing,
727,Sarasota - Waterproofing,1933 11Th St.,Sarasota,FL,34236-2615,UNITED STATES,27.34773116368726,-82.53190869,(941) 954-1092,7:00 AM - 5:00 PM,,America/New_York,Waterproofing,
877,Sarasota Branch,2955 Whitfield Ave,Sarasota,FL,34243-3307,UNITED STATES,27.41843,-82.526875,(941) 203-6320,7:00 AM - 4:00 PM,,America/New_York,Residential roofing; Commercial roofing; Siding; Metal roofing,https://locations.qxo.com/FL/Sarasota/Sarasota-FL-34243/877
1804,St Augustine Branch,233 Thomas Industry Way Jgp Commerce Center Way,St. Augustine,FL,32095,UNITED STATES,30.00882770316526,-81.39478671,(904) 770-3911,7:00 AM - 4:00 PM,,America/New_York,Residential roofing; Commercial roofing; Siding,https://locations.qxo.com/FL/St-Augustine/St-Augustine-FL-32095-1804
717,Largo - Waterproofing,12200 28th Street North,St. Petersburg,FL,33716-1822,UNITED STATES,27.8954864,-82.6995553,(727) 739-8570,7:00 AM - 4:00 PM,,America/New_York,Waterproofing,
882,Stuart Branch,3258 Se Gran Park Way,Stuart,FL,34997-6722,UNITED STATES,27.1480024,-80.2084709,(772) 223-8881,7:00 AM - 4:00 PM,,America/New_York,Residential roofing; Commercial roofing; Metal roofing; Siding,https://locations.qxo.com/FL/Stuart/Stuart-FL-34997/882
816,TALLAHASSEE BRANCH,4401 SWAMP FOX RD. UNIT 1,TALLAHASSEE,FL,32304,UNITED STATES,30.4445222,-84.3552874,(850) 574-7600,7:00 AM - 4:00 PM,,America/New_York,Residential roofing; Commercial roofing; Siding; Metal roofing,https://locations.qxo.com/FL/Tallahassee/Tallahassee-FL-32304/816
861,Tampa Branch,8501 Sabal Industrial Blvd,Tampa,FL,33619-1361,UNITED STATES,27.972518,-82.3527756,(813) 740-8790,7:00 AM - 4:00 PM,,America/New_York,Commercial roofing; Residential roofing; Siding; Metal roofing,https://locations.qxo.com/FL/Tampa/Tampa-FL-336190/861
728,Tampa - Waterproofing,4206 West Osborne Ave.,Tampa,FL,33614-6924,UNITED STATES,27.98945585676283,-82.51498703,(813) 289-8949,7:00 AM - 5:00 PM,,America/New_York,Waterproofing,
883,Vero Beach Branch,2590 Piper Dr,Vero Beach,FL,32960-1989,UNITED STATES,27.645498,-80.416748,(772) 778-0549,7:00 AM - 4:30 PM,,America/New_York,Residential roofing; Commercial roofing; Metal roofing; Siding,https://locations.qxo.com/FL/Vero-Beach/Vero-Beach-FL-32960/883
874,POLK COUNTY BRANCH,5555 COMMERCIAL BLVD,WINTER HAVEN,FL,33880,UNITED STATES,28.0358011,-81.7843412,(863) 293-1555,7:00 AM - 4:00 PM,,America/New_York,Residential roofing; Commercial roofing; Siding; Metal roofing,
1826,Athens Branch,295 Commerce Blvd.,Athens,GA,30606-0823,UNITED STATES,33.93491323573026,-83.47600154,(943) 770-8551,7:30 AM - 4:00 PM,,America/New_York,Residential roofing; Commercial roofing; Siding; Metal roofing,https://locations.qxo.com/GA/Athens/Athens-GA-30606-1826
889,Smyrna Branch,4768 S Atlanta Rd Se,Atlanta,GA,30339-1557,UNITED STATES,33.8368363,-84.4764095,(404) 355-4666,7:00 AM - 4:00 PM,,America/New_York,Siding; Residential roofing; Commercial roofing,https://locations.qxo.com/GA/Atlanta/Atlanta-GA-30080/889
801,North Atlanta Branch,2200 Cook Drive,Atlanta,GA,30340-3133,UNITED STATES,33.91063378761275,-84.2417537,(770) 447-6466,7:00 AM - 4:00 PM,,America/New_York,Commercial roofing; Residential roofing; Siding; Metal roofing,https://locations.qxo.com/GA-Atlanta/Atlanta-GA-30340/801
269,Augusta Branch,928 Molly Pond Rd.,Augusta,GA,30901-3718,UNITED STATES,33.44590773390707,-81.985294,(706) 739-7844,7:00 AM - 4:00 PM,,America/New_York,Residential roofing; Siding; Commercial roofing; Metal roofing,https://locations.qxo.com/GA/Augusta/Augusta-GA-30901-269
1803,Austell Branch,6902 Oak Ridge Commerce Way,Austell,GA,30168-5889,UNITED STATES,33.78652733046578,-84.60484696,(470) 970-5965,7:00 AM - 4:00 PM,,America/New_York,Residential roofing; Siding; Commercial roofing,https://locations.qxo.com/GA/Austell/Austell-GA-30168/1803
837,Cumming Branch,5150 Piney Grove Road,Cumming,GA,30040-9643,UNITED STATES,34.169056,-84.1671299,(770) 781-5493,7:00 AM - 4:00 PM,,America/New_York,Residential roofing; Siding; Metal roofing; Commercial roofing,https://locations.qxo.com/GA/Cumming/Cumming-GA-30040/837
813,KENNESAW BRANCH,2500 S MAIN STREET,KENNESAW,GA,30144-3518,UNITED STATES,34.0165105,-84.609276,(770) 423-1969,7:00 AM - 4:00 PM,,America/New_York,Residential roofing; Commercial roofing; Siding; Metal roofing,https://locations.qxo.com/GA/Kennesaw/Kennesaw-GA-30144/813
1778,Kennesaw - Waterproofing,2500 S Main Street,Kennesaw,GA,30144-3518,UNITED STATES,34.0165105,-84.609276,(678) 355-8165,7:00 AM - 4:00 PM,,America/New_York,Waterproofing,https://locations.qxo.com/GA/Kennesaw/Kennesaw-ga-30144/1778
815,Macon Branch,220 Allied Industrial Blvd.,Macon,GA,31206,UNITED STATES,32.774297,-83.639294,(866) 334-6695,7:00 AM - 4:00 PM,,America/New_York,Residential roofing; Commercial roofing; Siding; Metal roofing,https://locations.qxo.com/GA/Macon/Macon-GA-31206-815
818,Morrow Branch,6835 Southlake Parkway,Morrow,GA,30260-3035,UNITED STATES,33.5686061,-84.3385933,(770) 961-1995,7:00 AM - 4:00 PM,,America/New_York,Residential roofing; Commercial roofing; Siding; Waterproofing,https://locations.qxo.com/GA/Morrow/Morrow-GA-30260/818
846,Newnan Branch,108 Pine Road,Newnan,GA,30263-5174,UNITED STATES,33.3387858,-84.7939658,(678) 633-6800,7:00 AM - 4:00 PM,,America/New_York,Residential roofing; Siding; Commercial roofing; Metal roofing,https://locations.qxo.com/GA/Newnan/Newnan-GA-30263/846
802,Savannah Branch,1410 Mills B. Lane Blvd.,Savannah,GA,31402,UNITED STATES,32.05268027399896,-81.12990715,(912) 236-1151,7:00 AM - 4:00 PM,,America/New_York,Residential roofing; Commercial roofing; Siding; Metal roofing,https://locations.qxo.com/GA/Savannah/Savannah-GA-31405/802
836,Suwanee Branch,4225 Jenkins Court,Suwanee,GA,30024-3925,UNITED STATES,34.0684287,-84.0598133,(770) 237-8118,7:00 AM - 4:00 PM,,America/New_York,Residential roofing; Siding; Commercial roofing; Metal roofing,
731,Atlanta - Waterproofing,4640 Granite Dr.,Tucker,GA,30084-6303,UNITED STATES,33.84627375,-84.19911294,(770) 491-9100,7:00 AM - 5:00 PM,,America/New_York,Waterproofing,
841,Davenport Branch,438 S Devils Glen Rd,Bettendorf,IA,52722-6476,UNITED STATES,41.527974,-90.484556,(309) 793-0321,7:30 AM - 4:00 PM,,America/Chicago,,
842,Cedar Rapids Branch,200 32Nd St Dr Se,Cedar Rapids,IA,52403-1310,UNITED STATES,42.0102385,-91.6322849,(319) 390-4455,7:30 AM - 3:30 PM,,America/Chicago,Residential roofing; Siding; Commercial roofing; Metal roofing,https://locations.qxo.com/IA/Cedar-Rapids/Cedar-Rapids-IA-52403/842
1928,South Des Moines Branch,1824 De Wolf St.,Des Moines,IA,50316-2711,UNITED STATES,41.6780256,-93.5989665,(515) 398-8295,8:00 AM - 3:30 PM,7:00 AM  - 11:00 AM,America/Chicago,Residential roofing; Commercial roofing; Siding; Metal roofing,https://locations.qxo.com/IA/Des-Moines/Des-Moines-IA-50310/1928
839,Des Moines Branch,6485 Ne 14Th St,Des Moines,IA,50313-1214,UNITED STATES,41.6780256,-93.5989665,(515) 289-1375,7:30 AM - 3:30 PM,,America/Chicago,Siding; Residential roofing; Metal roofing; Commercial roofing,
1939,Sioux City Branch - Gss,700 Cunningham Drive,Sioux City,IA,51106-5825,UNITED STATES,42.48450720560957,-96.38313816,(712) 279-0666,7:30 AM - 4:00 PM,,America/Chicago,Siding; Residential roofing,
174,BOISE BRANCH,11215 W. EXECUTIVE DRIVE,BOISE,ID,83713-8958,UNITED STATES,43.6092959,-116.3219101,(208) 658-1350,6:30 AM - 4:00 PM,,America/Denver,Residential roofing; Commercial roofing; Siding; Metal roofing,
797,BOISE BRANCH,479 NORTH BROADMORE WAY,NAMPA,ID,83687-5741,UNITED STATES,43.59615909082477,-116.57641758466046,(208) 287-0963,,,America/Denver,Waterproofing,
203,Arlington Heights Branch,2512 S Clearbrook Dr,Arlington Heights,IL,60005-4624,UNITED STATES,42.0401069,-87.9740585,(847) 357-0433,6:30 AM - 4:00 PM,7:00 AM  - 11:00 AM,America/Chicago,Residential roofing; Siding; Commercial roofing,https://locations.qxo.com/IL/ArlingtonHeights/ArlingtonHeights-IL-60005/203
217,CHICAGO BRANCH,2424 NORTH PULASKI RD,CHICAGO,IL,60639-2114,UNITED STATES,41.9250555,-87.7271906,(773) 772-6500,6:30 AM - 4:00 PM,7:00 AM - 11:00 AM,America/Chicago,Siding; Commercial roofing; Residential roofing,https://locations.qxo.com/IL/Chicago/Chicago-IL-60639-217
214,Chicago Branch,323 Commerce Drive,Carol Stream,IL,60188-1810,UNITED STATES,41.9106823,-88.1065828,(630) 790-3400,7:00 AM - 3:00 PM,,America/Chicago,Commercial roofing; Metal roofing,https://locations.qxo.com/IL/Carol-Stream/Carol-Stream-IL-60188/214/Commercial-Products
218,Chicago - South Branch,155 W 84Th St,Chicago,IL,60620-1204,UNITED STATES,41.7413929,-87.6286641,(773) 873-2300,6:30 AM - 4:00 PM,7:00 AM - 11:00 AM,America/Chicago,Residential roofing; Siding; Commercial roofing,https://locations.qxo.com/IL/Chicago/Chicago-IL-60620/218
207,Des Plaines Branch,1530 Birchwood Ave.,Des Plaines,IL,60018,UNITED STATES,42.0156296,-87.8858111,(847) 795-9378,6:30 AM - 4:00 PM,7:00 AM - 11:00 AM,America/Chicago,Residential roofing; Commercial roofing; Siding; Metal roofing,https://locations.qxo.com/IL/Des-Plaines/Des-Plaines-IL-60018/207
719,Chicago - Waterproofing,1645 Greenleaf Ave.,Elk Grove Village,IL,60007-5526,UNITED STATES,42.00425916,-87.96138838,(630) 860-7878,6:30 AM - 4:00 PM,,America/Chicago,Waterproofing,
2802,Granite City Branch,3672 Route 111,Granite City,IL,62040-6612,UNITED STATES,38.71473547077629,-90.06924833,(618) 500-6295,7:00 AM - 4:00 PM,,America/Chicago,Residential roofing; Siding,https://locations.qxo.com/IL/granite-city/granite-city-IL-60404/2802
222,Hickory Hills Branch,9630 S 76Th Ave,Hickory Hills,IL,60457-6625,UNITED STATES,41.7151688,-87.8103461,(708) 599-9770,6:30 AM - 4:00 PM,7:00 AM - 11:00 AM,America/Chicago,Residential roofing; Siding; Commercial roofing,https://locations.qxo.com/IL/Hickory-Hills/Hickory-Hills-IL-60457/222
208,Joliet Branch,2428 Reeves Rd.,Joliet,IL,60436,UNITED STATES,41.4908103,-88.1422649,(815) 741-4777,6:30 AM - 4:00 PM,7:00 AM  - 11:00 AM,America/Chicago,Residential roofing; Siding; Commercial roofing; Metal roofing,https://locations.qxo.com/IL/Joliet/Joliet-IL-60436/208
1201,Marquette Heights Branch,1118 Wesley Rd,Marquette Heights,IL,61554,UNITED STATES,40.62698775625269,-89.61775997,(309) 863-5838,6:30 AM - 4:00 PM,7:00 AM - 11:00 AM,America/Chicago,Residential roofing; Siding; Commercial roofing,https://locations.qxo.com/IL/Marquette-Heights/Marquette-Heights-IL-61554
219,OAK FOREST BRANCH,16440 S KILBOURNE AVE,OAK FOREST,IL,60452-4603,UNITED STATES,41.589404,-87.7195706,(708) 802-6123,7:00 AM - 3:30 PM,,America/Chicago,Residential roofing; Siding; Commercial roofing; Waterproofing,https://locations.qxo.com/IL/Oak-Forest/Pak-Forest-IL-60452/219
913,Rock Island Branch,619 11Th St.,Rock Island,IL,61201,UNITED STATES,41.5043646,-90.5827939,(309) 793-0321,7:30 AM - 4:00 PM,,America/Chicago,Residential roofing; Commercial roofing; Siding; Metal roofing,https://locations.qxo.com/IL/Rock-Island/Rock-Island-IL-61201/913
466,Rockford Branch,"1122 Milford Ave, Suite B",Rockford,IL,61109-6336,UNITED STATES,42.20079929286448,-89.07899912,(779) 368-2264,6:30 AM - 4:00 PM,7:00 AM - 11:00 AM,America/Chicago,Residential roofing; Siding; Commercial roofing; Metal roofing,https://locations.qxo.com/IL/Rockford/Rockford-IL-61109-466
1206,WAUKEGAN BRANCH,1445 11TH STREET,WAUKEGAN,IL,60085-7613,UNITED STATES,42.339130722443,-87.8503567,(224) 214-4640,7:00 AM - 3:30 PM,7:00 AM - 11:00 AM,America/Chicago,,https://locations.qxo.com/IL/Waukegan/Waukegen-IL-60085/1206?utm_sourceWeb&utm_medium=Profile&utm_term=na&utm_content=Residential+Commercial-Waukegan-IL-1206&utm_campaign=Locations
223,Warrenville Branch,3S450 Il-59,Warrenville,IL,60555-9661,UNITED STATES,41.8188933,-88.2049902,(630) 326-4711,6:30 AM - 4:00 PM,7:00 AM - 11:00 AM,America/Chicago,Residential roofing; Siding; Commercial roofing; Metal roofing,https://locations.qxo.com/IL/Warrenville/Warrenville-IL-60555/223
205,Wauconda Branch,1120 North Rand Road,Wauconda,IL,60084-1174,UNITED STATES,42.2760484,-88.1539163,(847) 416-3202,6:30 AM - 4:00 PM,7:00 AM - 11:00 AM,America/Chicago,Residential roofing; Siding; Commercial roofing; Metal roofing,https://locations.qxo.com/IL/Wauconda/Wauconda-IL-60084/205
204,West Chicago Branch,1500 Powis Ct,West Chicago,IL,60185-6407,UNITED STATES,41.9130981,-88.234404,(630) 513-0505,6:30 AM - 4:00 PM,7:00 AM - 11:00 AM,America/Chicago,Siding; Residential roofing; Commercial roofing,https://locations.qxo.com/IL/West-Chicago/West-Chicago-IL-60185/204
242,Willowbrook Branch,835 79Th St.,Willowbrook,IL,60527-5608,UNITED STATES,41.74538424527772,-87.94227298,(630) 325-9044,6:30 AM - 4:00 PM,7:00 AM - 11:00 AM,America/Chicago,Residential roofing; Siding; Commercial roofing; Metal roofing,https://locations.qxo.com/IL/Willowbrook/Willowbrook-IL-60527-242
202,Evansville Branch,1301 East Tennessee St,Evansville,IN,47711-4761,UNITED STATES,37.9900098,-87.5413611,(812) 424-3424,7:00 AM - 4:00 PM,,America/New_York,Residential roofing; Commercial roofing; Siding; Metal roofing,
274,Fort Wayne Branch,3903 Kraft Parkway,Fort Wayne,IN,46808,UNITED STATES,41.110926,-85.1899712,(260) 497-7663,7:30 AM - 4:00 PM,,America/New_York,Commercial roofing; Residential roofing; Siding; Metal roofing,https://locations.qxo.com/IN/Fort-Wayne/Fort-Wayne-IN-46808/274
278,Indianapolis Branch,1610 S. Girls School Rd.,Indianapolis,IN,46231-1392,UNITED STATES,39.7426072,-86.2900432,(317) 634-9378,6:30 AM - 4:30 PM,,America/New_York,Residential roofing; Siding; Commercial roofing; Metal roofing,https://locations.qxo.com/IN/Indianapolis/Indianapolis-IN-46231/278
267,South Indy Branch,3000 S Shelby St,Indianapolis,IN,46227,UNITED STATES,39.721079074696135,-86.14103536,(463) 300-6314,6:30 AM - 4:30 PM,,America/New_York,Residential roofing; Siding; Commercial roofing; Metal roofing,https://locations.qxo.com/IN/Indianapolis/Indianapolis-IN-46227-267
201,Indianapolis Branch,3120 N Shadeland Ave,Indianapolis,IN,46226-6295,UNITED STATES,39.8137924,-86.0480211,(317) 568-0466,6:00 AM - 4:00  PM,,America/New_York,Commercial roofing; Residential roofing; Metal roofing; Siding,https://locations.qxo.com/IN/Indianapolis/Indianapolis-IN-46226/201
1202,Lafayette Branch,2330 Sagamore Parkway S,Lafayette,IN,47905-5114,UNITED STATES,40.39235376949126,-86.855097,(765) 637-9009,6:30 AM - 4:30 PM,,America/New_York,Residential roofing; Siding; Commercial roofing,https://locations.qxo.com/IN/Lafayette/Lafayette-IN-47905-1202
220,Merrillville Branch,9050 Louisiana St,Merrillville,IN,46410-7155,UNITED STATES,41.4544298,-87.3202875,(219) 793-1500,6:30 AM - 4:00 PM,7:00 AM - 11:00 AM,America/New_York,Residential roofing; Siding; Commercial roofing; Metal roofing,https://locations.qxo.com/IN/Merrillville/Merrillville-IN-46410/220
277,Mishawaka Branch,2341 Schumacher Dr.,Mishawaka,IN,46545,UNITED STATES,41.6819196448422,-86.18384554233022,(574) 254-9378,7:30 AM - 4:00 PM,,America/New_York,Residential roofing; Commercial roofing; Siding; Metal roofing,https://locations.qxo.com/IN/Mishawaka/Mishawaka-IN-46545/277
271,Noblesville Branch,15425 Herriman Blvd,Noblesville,IN,46060-4216,UNITED STATES,40.0136134,-86.0055796,(317) 773-6777,6:30 AM - 4:30 PM,,America/New_York,Residential roofing; Siding; Commercial roofing; Metal roofing,https://locations.qxo.com/IN/Noblesville/Noblesville-IN-46060/271
489,Garden City Branch- Mw,685 Air Links Rd,Garden City,KS,67846-9403,UNITED STATES,37.969831697796415,-100.8221959,(620) 276-4222,7:30 AM - 4:30 PM,,America/Chicago,Residential roofing; Commercial roofing; Siding; Metal roofing,
952,Kansas City Branch,200 S. 42Nd Street,Kansas City,KS,66106-1002,UNITED STATES,39.0937696,-94.6778163,(913) 281-4300,7:00 AM - 4:30 PM,,America/Chicago,Commercial roofing; Residential roofing; Siding; Metal roofing,https://locations.qxo.com/KS/Kansas-City/Kansas-City-KS-66106/952
483,Lawrence Branch- Mw,2711 Oregon St,Lawrence,KS,66046-4947,UNITED STATES,38.934685093081754,-95.22708906,(785) 865-5534,7:00 AM - 4:00 PM,,America/Chicago,Residential roofing; Siding; Commercial roofing; Metal roofing,
493,Lawrence Branch-Heartland,2711 Oregon St,Lawrence,KS,66046-4947,UNITED STATES,38.934685093081754,-95.22708906,(785) 865-5587,7:30 AM - 4:00 PM,,America/Chicago,Residential roofing; Siding; Commercial roofing; Metal roofing,
484,Manhattan Branch,8216 S. Port Dr,Manhattan,KS,66502-8116,UNITED STATES,39.19270531467137,-96.52508734,(785) 537-4665,7:00 AM - 5:00 PM,,America/Chicago,Residential roofing; Siding; Commercial roofing; Metal roofing,
494,Manhattan Brn- Heartland,8216 S. Port Dr,Manhattan,KS,66502-8116,UNITED STATES,39.19270531467137,-96.52508734,(785) 537-5110,,,America/Chicago,Residential roofing; Siding; Commercial roofing; Metal roofing,https://locations.qxo.com/KS/Manhattan/Manhattan-KS-66502-494
948,Merriam Branch,6000 Merriam Dr.,Merriam,KS,66203,UNITED STATES,39.0197364,-94.6946991,(913) 262-7663,7:30 AM - 4:30 PM,,America/Chicago,Residential roofing; Siding; Commercial roofing; Metal roofing,https://locations.qxo.com/KS/Merriam/Merriam-KS-66203/948
487,Overland Park- Mw,4501 Merriam Dr,Overland Park,KS,66203-1341,UNITED STATES,39.04032502795588,-94.68123039,(913) 362-1234,7:30 AM - 4:30 PM,,America/Chicago,Siding; Residential roofing; Commercial roofing; Metal roofing,
479,Salina Branch- Mw,3344 Scanlan Ave,Salina,KS,67401-1746,UNITED STATES,38.777059407455724,-97.63659296,(785) 823-7874,7:30 AM - 4:30 PM,,America/Chicago,Residential roofing; Siding; Commercial roofing; Metal roofing,https://locations.qxo.com/KS/Salina/Salina-KS-67401-479
478,Topeka Branch- Mw,218 Se Branner St,Topeka,KS,66607-1886,UNITED STATES,39.053712670513406,-95.65798351,(785) 232-4572,7:00 AM - 4:00 PM,,America/Chicago,Residential roofing; Siding; Metal roofing; Commercial roofing,
492,Topeka Branch- Heartland,218 Se Branner St,Topeka,KS,66607-1886,UNITED STATES,39.053712670513406,-95.65798351,(785) 233-7406,7:00 AM - 4:30 PM,,America/Chicago,Residential roofing; Siding; Metal roofing; Commercial roofing,
986,Wichita Branch,2037 S. Southwest Blvd.,Wichita,KS,67213,UNITED STATES,37.6558326,-97.3851121,(316) 945-9444,7:30 AM - 4:30 PM,,America/Chicago,Residential roofing; Commercial roofing; Siding; Metal roofing,https://locations.qxo.com/KS/Wichita/Wichita-KS-67213/986
488,Wichita Branch- Mw,2822 N. Mead Street,Wichita,KS,67219-4241,UNITED STATES,37.734461932016636,-97.32785571,(316) 944-3999,7:30 AM - 4:30 PM,,America/Chicago,Commercial roofing; Residential roofing; Siding; Metal roofing,https://locations.qxo.com/KS/Wichita/Wichita-KS-67219-488
290,Florence Branch,8905 Empire Connector Drive,Florence,KY,41042-2993,UNITED STATES,38.9685325,-84.6303352,(859) 955-7010,6:30 AM - 4:00 PM,,America/New_York,Residential roofing; Siding; Commercial roofing; Metal roofing,https://locations.qxo.com/KY/Florence/Florence-KY-41042/290
255,LOUISVILLE BRANCH,620 INDUSTRY RD.,LOUISVILLE,KY,40208,UNITED STATES,38.2195965,-85.7741297,(502) 636-2581,7:00 AM - 4:00 PM,,America/New_York,Residential roofing; Siding; Commercial roofing; Metal roofing,https://locations.qxo.com/KY/Louisville/Louisville-KY-40208/255
258,Lexington Branch,809 Enterprise Dr,Lexington,KY,40510,UNITED STATES,38.0626805,-84.5575159,(859) 559-0177,6:30 AM - 4:30 PM,,America/New_York,Residential roofing; Commercial roofing; Siding; Metal roofing,https://locations.qxo.com/KY/Lexington/Lexington-KY-40510/258
257,Louisville Branch,4400 Poplar Level Road,Louisville,KY,40213,UNITED STATES,38.190592,-85.706923,(502) 635-6059,7:00 AM - 4:30 PM,,America/New_York,Commercial roofing; Residential roofing; Metal roofing; Siding,https://locations.qxo.com/KY/Louisville/Louisville-KY-40213/257
256,Louisville Branch,1100 Ulrich Ave.,Louisville,KY,40219,UNITED STATES,38.157863,-85.7037361,(502) 969-5115,7:30 AM - 4:00 PM,,America/New_York,Siding; Residential roofing; Commercial roofing,https://locations.qxo.com/KY/Louisville/Louisville-KY-40219/256
832,Baton Rouge Branch,7650 East Industrial Avenue,Baton Rouge,LA,70806-1420,UNITED STATES,30.472304009812813,-91.11178328,(225) 424-1040,7:00 AM - 4:00 PM,,America/Chicago,Residential roofing; Commercial roofing; Siding; Metal roofing,https://locations.qxo.com/LA/Rouge/Baton/Baton-Rouge-LA-70806-832
834,Shreveport Branch,4275 Meadow Ln.,Bossier City,LA,71111,UNITED STATES,32.5361077,-93.678917,(318) 674-8780,7:00 AM - 4:00 PM,,America/Chicago,,https://locations.qxo.com/LA/Bossier-City/Bossier-City-LA-71111/834
617,LAFAYETTE CAMERON ST BRN,3004 CAMERON ST.,LAFAYETTE,LA,70506,UNITED STATES,30.2330486,-92.0506669,(337) 233-6169,7:00 AM - 4:00 PM,,America/Chicago,Residential roofing; Commercial roofing; Siding; Metal roofing,https://locations.qxo.com/LA/Lafayette/Lafayette-LA-70506/617
616,Madisonville Branch,265 Hwy 1085,Madisonville,LA,70447,UNITED STATES,30.4660428,-90.1968271,(985) 875-0837,7:00 AM - 4:00 PM,,America/Chicago,Residential roofing; Siding; Commercial roofing,https://locations.qxo.com/LA/Madisonville/Madisonville-LA-70447/616
615,New Orleans Branch,800 Edwards Avenue,New Orleans,LA,70123-3123,UNITED STATES,29.9529372,-90.192962,(504) 455-6161,7:00 AM - 4:00 PM,,America/Chicago,,https://locations.qxo.com/LA/New-Orleans/New-Orleans-LA-70123/615
831,New Orleans Branch,800 Edwards Avenue,New Orleans,LA,70123-3123,UNITED STATES,29.9529372,-90.192962,(504) 455-6161,7:30 AM - 4:00 PM,,America/Chicago,,https://locations.qxo.com/LA/New-Orleans/New-Orleans-LA-70123/831
618,Prairieville Branch,18235 Swamp Road,Prairieville,LA,70769,UNITED STATES,30.3238205,-90.996908,(225) 744-2999,7:00 AM - 4:00 PM,,America/Chicago,Residential roofing; Siding; Commercial roofing,https://locations.qxo.com/LA/Prairieville/Prairieville-LA-70769/618
833,West Monroe Branch,1500 Old Natchitoches Road,West Monroe,LA,71292-9468,UNITED STATES,32.495659,-92.1443339,(318) 323-4486,7:00 AM - 3:30 PM,,America/Chicago,Residential roofing; Commercial roofing; Siding; Metal roofing,https://locations.qxo.com/LA/West-Monroe/West-Monroe-LA-71292/833
1051,Attleboro Branch,6 Howard Ireland Drive,Attleboro,MA,02703-4612,UNITED STATES,41.92212154821293,-71.32427989,(508) 342-5651,7:00 AM - 4:00 PM,,America/New_York,Residential roofing; Siding; Commercial roofing; Metal roofing,https://locations.qxo.com/MA/Attleboro/Attleboro-MA-02703-1051
718,Boston  - Waterproofing,12 Allerton St,Boston,MA,02119-2902,UNITED STATES,42.33037163758193,-71.07152963,(617) 427-2000,6:00 AM - 4:00 PM,,America/New_York,Waterproofing,
16,South Boston Branch,180 West First Street,Boston,MA,02127,UNITED STATES,42.3422512,-71.0508262,(617) 269-1230,6:30 AM - 3:45 PM,,America/New_York,Commercial roofing; Siding; Residential roofing; Metal roofing,https://locations.qxo.com/MA/Boston/Boston-MA-02127
13,Chicopee Branch,60 Haynes Circle,Chicopee,MA,01020,UNITED STATES,42.1632111,-72.5568064,(413) 612-2060,7:00 AM - 4:00 PM,,America/New_York,Residential roofing; Commercial roofing; Siding; Metal roofing,https://locations.qxo.com/MA/Chicopee/Chicopee-MA-01020/13
4,Easton,530 Turnpike Street,Easton,MA,2375,UNITED STATES,42.00766057,-71.06528172,(508) 580-8802,7:00 PM - 4:00 PM,,America/New_York,,https://locations.qxo.com/MA/West-Bridgewater/West-Bridgewater-MA-02379/4
12,Lowell Branch,5 Foundry Industrial Park,Lowell,MA,01852-5129,UNITED STATES,42.6235871,-71.3151675,(978) 452-1392,7:00 AM - 4:30 PM,,America/New_York,Commercial roofing; Residential roofing; Siding; Metal roofing,https://locations.qxo.com/MA/Lowell/Lowell-MA-01852/12
1,Malden Branch,197 Commercial St.,Malden,MA,02148-6708,UNITED STATES,42.4204345,-71.0760546,(617) 666-2800,7:00 AM - 3:30 PM,,America/New_York,Commercial roofing; Residential roofing; Siding; Metal roofing,https://locations.qxo.com/MA/Malden/Malden-MA-01248-1
1680,Medford - Waterproofing,300 Mystic Avenue,Medford,MA,02155-6305,UNITED STATES,42.40531406045652,-71.10013559,(617) 242-2525,6:00 AM - 4:00 PM,,America/New_York,Waterproofing,
10,New Bedford Branch,25 Nauset Street,New Bedford,MA,02746,UNITED STATES,41.662629,-70.9385653,(508) 979-1055,7:00 AM - 4:00 PM,,America/New_York,Residential roofing; Commercial roofing; Siding; Metal roofing,https://locations.qxo.com/MA/New-Bedford/New-Bedford-MA-02746/10
11,Peabody Branch,1 Lakeland Park Drive,Peabody,MA,01960-3835,UNITED STATES,42.5340148,-70.9876505,(978) 535-7291,7:00 AM - 4:00 PM,,America/New_York,Residential roofing; Commercial roofing; Siding; Metal roofing,
15,Rockland Branch,14 Longwater Drive,Rockland,MA,02370,UNITED STATES,42.1636917,-70.8898924,(781) 421-6444,7:00 AM - 4:00 PM,,America/New_York,Residential roofing; Commercial roofing; Siding; Metal roofing,https://locations.qxo.com/MA/Rockland/Rockland-MA-02370/15
7,West Barnstable Branch,96 Lombard Ave.,West Barnstable,MA,02668,UNITED STATES,41.707709,-70.377853,(508) 362-7109,7:00 AM - 4:00 PM,,America/New_York,Residential roofing; Siding; Commercial roofing; Metal roofing,https://locations.qxo.com/MA/West-Barnstable/West-Barnstable-MA-02668/7
19,Coastal Metal Service,393 Manley St.,West Bridgewater,MA,02379,UNITED STATES,42.03959181,-71.05571276,(508) 580-8436,,,America/New_York,,
1054,Westwood Branch - Ryan,190 University Ave,Westwood,MA,02090,UNITED STATES,42.20492061,-71.15205048,(781) 329-4849,7:00 AM - 4:00 PM,,America/New_York,,
23,Woburn Branch,41 Atlantic Ave,Woburn,MA,01801-1095,UNITED STATES,42.5176373,-71.141231,(781) 935-2038,7:00 AM - 4:00 PM,,America/New_York,Siding; Residential roofing; Commercial roofing; Metal roofing,
2,Worcester Branch,120 Prescott Street,Worcester,MA,01605,UNITED STATES,42.2782787,-71.7993622,(508) 753-2943,7:00 AM - 4:00 PM,,America/New_York,Commercial roofing; Residential roofing; Siding; Metal roofing,https://locations.qxo.com/MA/Worcester/Worcester-MA-01605/2
511,Aberdeen Branch,1042 Hardees Drive,Aberdeen,MD,21001,UNITED STATES,39.4903537,-76.2002442,(443) 303-3210,7:00 AM - 4:00 PM,,America/New_York,Residential roofing; Siding; Commercial roofing; Metal roofing,https://locations.qxo.com/MD/Aberdeen/Aberdeen-MD-21001/511
531,Annapolis North Branch,1978 Moreland Pkwy,Annapolis,MD,21401-3128,UNITED STATES,38.9846027,-76.5252491,(410) 268-5090,7:00 AM - 4:00 PM,,America/New_York,Siding; Residential roofing; Commercial roofing; Metal roofing,https://locations.qxo.com/MD/Annapolis/Annapolis-MD-21401/531
513,Annapolis South Branch,1804 West Street,Annapolis,MD,21401,UNITED STATES,38.9808535,-76.5226295,(410) 280-9110,7:00 AM - 4:00 PM,,America/New_York,Residential roofing; Siding; Commercial roofing; Metal roofing,https://locations.qxo.com/MD/Annapolis/Annapolis-MD-21401/513
501,BETHESDA BRANCH,5244 RIVER ROAD,BETHESDA,MD,20816,UNITED STATES,38.9652594,-77.1051426,(301) 656-9231,6:30 AM - 3:30 PM,,America/New_York,Residential roofing; Commercial roofing; Siding; Metal roofing,https://locations.qxo.com/MD/Bethesda/Bethesda-MD-20816/501
507,Western Avenue Branch,1321 Western Avenue,Baltimore,MD,21230,UNITED STATES,39.2714664,-76.6423042,(410) 636-7932,7:00 AM - 4:00 PM,,America/New_York,,https://locations.qxo.com/MD/Baltimore/Baltimore-MD-21230/507
529,North Point Branch,501 N North Point Rd,Baltimore,MD,21237-1230,UNITED STATES,39.2925153,-76.5182996,(410) 325-7915,6:30 AM - 4:00 PM,,America/New_York,,https://locations.qxo.com/MD/Baltimore/Baltimore-MD-21237/529/Commercial-Products
508,Golden Ring Branch,8999 Yellow Brick Road,Baltimore,MD,21237,UNITED STATES,39.3408494,-76.4752489,(410) 238-0100,7:00 AM - 4:00 PM,,America/New_York,Siding; Residential roofing; Commercial roofing; Metal roofing,https://locations.qxo.com/MD/Baltimore/Baltimore-MD-21236/508
503,Brentwood Branch,4600 Rhode Island Avenue,Brentwood,MD,20722,UNITED STATES,38.9449361,-76.9483272,(301) 779-4242,7:00 AM - 3:30 PM,,America/New_York,Commercial roofing; Residential roofing; Siding; Metal roofing,https://locations.qxo.com/MD/North-Brentwood/North-Brentwood-MD-20722/503
509,Columbia Branch,7075 Oakland Mills Rd,Columbia,MD,21046,UNITED STATES,39.1762019,-76.8277359,(410) 290-8810,7:00 AM - 4:00 PM,,America/New_York,Siding; Residential roofing,https://locations.becn.com/MD/Columbia/Columbia-MD-21046/509
532,Easton Branch,8945 Glebe Park Dr,Easton,MD,21601-7005,UNITED STATES,38.7936605,-76.0702725,(410) 822-8222,7:00 AM - 4:00 PM,,America/New_York,Siding; Residential roofing; Commercial roofing; Metal roofing,https://locations.qxo.com/MD/Easton/Easton-MD-21601/532
506,FREDERICK BRANCH,5752 INDUSTRY LANE,FREDERICK,MD,21704,UNITED STATES,39.394368,-77.4186481,(301) 698-9765,7:00 AM - 3:30 PM,,America/New_York,Residential roofing; Siding; Commercial roofing; Metal roofing,https://locations.qxo.com/MD/Frederick/Frederick-MD-21704/506
1683,Baltimore - Waterproofing,1041 West Nursery Rd,Linthicum,MD,21090-1202,UNITED STATES,39.222471541209345,-76.66944703,(410) 403-0076,6:00 AM - 4:30 PM,,America/New_York,Waterproofing,
528,Derwood Branch,128 Derwood Cir,Rockville,MD,20850-1264,UNITED STATES,39.104754,-77.154075,(301) 294-4611,7:00 AM - 4:00 PM,,America/New_York,Siding; Residential roofing; Metal roofing; Commercial roofing,https://locations.qxo.com/MD/Rockville/Rockville-MD-20850-1264/528
502,Rockville Branch,30 Southlawn Court,Rockville,MD,20850,UNITED STATES,39.1032425,-77.1308092,(301) 948-6066,7:00 AM - 4:00 PM,,America/New_York,Residential roofing; Siding; Commercial roofing; Metal roofing,https://locations.qxo.com/MD/Rockville/Rockville-MD-20850/502
512,Salisbury Branch,505 Marvel Road,Salisbury,MD,21801,UNITED STATES,38.4013775,-75.5842515,(410) 860-2800,7:00 AM - 4:00 PM,,America/New_York,Siding; Residential roofing; Commercial roofing; Metal roofing,https://locations.qxo.com/MD/Salisbury/Salisbury-MD-21801/512
526,Westminster Branch,344 Manchester Rd.,Westminster,MD,21157-3898,UNITED STATES,39.5826769,-76.982962,(410) 386-1128,7:00 AM - 4:00 PM,,America/New_York,Residential roofing; Siding; Commercial roofing; Metal roofing,https://locations.qxo.com/MD/Westminster/Westminster-MD-21157/526
510,White Plains Branch,10510 Middleport Lane,White Plains,MD,20695,UNITED STATES,38.590619,-76.94528,(301) 374-9319,7:00 AM - 4:00 PM,,America/New_York,Residential roofing; Siding; Commercial roofing; Metal roofing,https://locations.qxo.com/MD/White-Plains/White-Plains-MD-20695/510
523,Williamsport Branch,9912 A Governor Lane Blvd.,Williamsport,MD,21795,UNITED STATES,39.5860642,-77.8120316,(301) 223-4255,7:00 AM - 3:30 PM,,America/New_York,Residential roofing; Commercial roofing; Siding; Metal roofing,https://locations.qxo.com/MD/Williamsport/Williamsport-MD-21795/523
3,Auburn Branch,80 Kittyhawk Avenue,Auburn,ME,04210,UNITED STATES,44.046955,-70.2947809,(207) 784-1525,7:00 AM - 3:30 PM,,America/New_York,Commercial roofing; Residential roofing; Siding; Metal roofing,https://locations.qxo.com/ME/Auburn/Auburn-ME-04210/3
34,Augusta Branch,55 Industrial Drive,Augusta,ME,04330,UNITED STATES,44.3560925,-69.803717,(207) 622-2224,7:00 AM - 4:00 PM,,America/New_York,Residential roofing; Siding; Metal roofing; Commercial roofing,https://locations.qxo.com/ME/Augusta/Augusta-ME-04330/34
35,Bangor Branch,35 Godsoe Road,Bangor,ME,04401,UNITED STATES,44.7840664,-68.7892395,(207) 947-8112,7:00 AM - 4:00 PM,,America/New_York,Residential roofing; Siding; Metal roofing; Commercial roofing,https://locations.qxo.com/ME/Bangor/Bangor-ME-04401/35
31,Portland Branch,400 Warren Avenue,Portland,ME,04103,UNITED STATES,43.6866325,-70.3146873,(207) 797-7950,7:00 AM - 4:00 PM,,America/New_York,Siding; Residential roofing; Metal roofing; Commercial roofing,https://locations.qxo.com/ME/Portland/Portland-ME-04103/31
295,Flint Branch,2097 Utley Road,Flint,MI,48532-4830,UNITED STATES,42.9995177,-83.747344,(800) 921-2263,7:30 AM - 4:00 PM,,America/New_York,Residential roofing; Siding; Commercial roofing; Metal roofing,https://locations.qxo.com/MI/Flint/Flint-MI-48532/295
235,Fraser Branch,32800 Groesbeck Hwy,Fraser,MI,48026-3129,UNITED STATES,42.5371517,-82.9357866,(586) 296-6500,7:30 AM - 4:00 PM,,America/New_York,Residential roofing; Siding; Commercial roofing; Metal roofing,https://locations.qxo.com/MI/Fraser/Fraser-MI-48026/235
359,Grand Haven Branch,14064 172Nd Ave.,Grand Haven,MI,49417-9431,UNITED STATES,43.02364227617158,-86.21326802,(616) 612-5724,7:30 AM - 4:00 PM,,America/New_York,Residential roofing; Siding; Commercial roofing,https://locations.qxo.com/MI/Grand-Haven/Grand-Haven-MI-49417-359
286,Howell Branch,1031 N. Old Us 23,Howell,MI,48843-9573,UNITED STATES,42.6186207,-83.7503687,(810) 632-2900,7:30 AM - 4:00 PM,,America/New_York,Residential roofing; Siding; Metal roofing; Commercial roofing,https://locations.qxo.com/MI/Howell/Howell-MI-48855/286
287,Lansing Branch,4615 West Grand River Ave,Lansing,MI,48906-9140,UNITED STATES,42.768698,-84.592681,(517) 323-2323,7:30 AM - 4:00 PM,,America/New_York,Residential roofing; Siding; Commercial roofing; Metal roofing,https://locations.qxo.com/MI/Lansing/Lansing-MI-48906/287
289,Portage Branch,7475 S. Sprinkle Rd.,Portage,MI,49002-9436,UNITED STATES,42.2090119,-85.539535,(269) 327-5600,7:30 AM - 4:00 PM,,America/New_York,Residential roofing; Siding; Commercial roofing; Metal roofing,https://locations.qxo.com/MI/Portage/Portage-MI-49002/289
285,Rochester Hills Branch,2230 Avon Industrial Drive,Rochester Hills,MI,48309-3614,UNITED STATES,42.6480731,-83.1754514,(877) 320-2263,7:30 AM - 4:00 PM,,America/New_York,Commercial roofing; Residential roofing; Siding; Metal roofing,https://locations.qxo.com/MI/Rochester-Hills/Rochester-Hills-MI-48309/285
476,Saginaw Branch,2840 Bay Road,Saginaw,MI,48603-3311,UNITED STATES,43.44765137696664,-83.97396097,(989) 930-0525,7:30 AM - 4:00 PM,,America/New_York,Residential roofing; Siding; Commercial roofing; Metal roofing,https://locations.qxo.com/MI/Saginaw/Saginaw-MI-48603-476
233,Taylor Branch,22900 Ecorse Rd,Taylor,MI,48180-1864,UNITED STATES,42.2565755,-83.2576677,(313) 291-5900,7:30 AM - 4:00 PM,,America/New_York,Residential roofing; Siding; Commercial roofing; Metal roofing,https://locations.qxo.com/MI/Taylor/Taylor-MI-48180/233
228,Grand Rapids Branch,3718 Buchanan Avenue Sw,Wyoming,MI,49548-3106,UNITED STATES,42.8962179,-85.6696577,(616) 452-8749,7:30 AM - 4:00 PM,,America/New_York,Commercial roofing; Residential roofing; Siding; Metal roofing,https://locations.qxo.com/MI/Wyoming/Wyoming-MI-49548/228
229,YPSILANTI BRANCH,5290 W MICHIGAN AVE,YPSILANTI,MI,48197-4999,UNITED STATES,42.2120479,-83.6748589,(734) 434-0830,7:30 AM - 4:00 PM,,America/New_York,Residential roofing; Siding; Commercial roofing; Metal roofing,https://locations.qxo.com/MI/Ypsilanti/Ypsilanti-MI-48197/229
246,Burnsville Branch,701 Ladybird Lane W Suite 100,Burnsville,MN,55337,UNITED STATES,44.77978,-93.28938,(651) 461-0213,8:00 AM - 4:00 PM,,America/Chicago,Residential roofing; Siding; Commercial roofing; Metal roofing,https://locations.qxo.com/MN/Burnsville/Burnsville-MN-55337-246
829,Duluth Branch,3112 Truck Center Dr,Duluth,MN,55806-1754,UNITED STATES,46.757734,-92.139497,(218) 628-0717,8:00 AM-4:00 PM,,America/Chicago,Residential roofing; Siding; Commercial roofing; Metal roofing,https://locations.qxo.com/MN/Duluth/Duluth-MN-55806/829
693,Plymouth Branch,9800 13Th Avenue North,Plymouth,MN,55441-5032,UNITED STATES,44.9951268,-93.4024084,(763) 545-1273,8:00 AM-4:00 PM,,America/Chicago,Commercial roofing; Residential roofing; Siding; Metal roofing,https://locations.qxo.com/MN/Plymouth/Plymouth-MN-55441/693
695,"Rochester, Mn Branch",1081 Pendant Lane Nw,Rochester,MN,55901-6772,UNITED STATES,44.0373687,-92.5257507,(507) 282-3909,8:00 AM - 4:00 PM,,America/Chicago,Residential roofing; Siding; Commercial roofing; Metal roofing,https://locations.qxo.com/MN/Rochester/Rochester-MN-55901/695
694,ST. PAUL BRANCH,165 WEST SYCAMORE STREET,SAINT PAUL,MN,55117-5418,UNITED STATES,44.9650899,-93.1078659,(651) 227-8731,8:00 AM-4:00 PM,,America/Chicago,Residential roofing; Siding; Commercial roofing; Metal roofing,https://locations.qxo.com/MN/St-Paul/St-Paul-MN-55117/694
827,St Cloud Branch,777 Anderson Ave,Saint Cloud,MN,56303-2048,UNITED STATES,45.567616,-94.2222538,(320) 255-5374,7:00 AM - 4:00 PM,,America/Chicago,Residential roofing; Siding; Commercial roofing; Metal roofing,https://locations.qxo.com/MN/Saint-Cloud/Saint-Cloud-MN-56303/827
1927,Spring Lake Park Branch,8329 Central Ave Ne,Spring Lake Park,MN,55432-1325,UNITED STATES,45.11943958567705,-93.23617609,(612) 293-2002,8:00 AM-4:00 PM,,America/Chicago,Residential roofing; Siding; Metal roofing; Commercial roofing,https://locations.qxo.com/MN/Spring-Lake-Park/Spring-Lake-Park-MN-55432-1927
1926,Arnold Branch,605 E. Outer 21 Rd.,Arnold,MO,63010-4654,UNITED STATES,38.46057243,-90.42713108,(636) 333-1119,,,America/Chicago,Residential roofing; Siding; Commercial roofing,https://locations.qxo.com/MO/Arnold/Arnold-MO-63010-1926
944,JEFFERSON CITY BRANCH,3208 ROUTE C,JEFFERSON CITY,MO,65109,UNITED STATES,38.547488,-92.241648,(573) 636-7663,7:00 AM - 4:30 PM,,America/Chicago,Residential roofing; Commercial roofing; Siding; Metal roofing,https://locations.qxo.com/MO/Jefferson-city/Jefferson-city--MO-65109/944
995,Joplin Branch,727 South Schifferdecker Rd.,Joplin,MO,64801,UNITED STATES,37.0828535,-94.5479771,(417) 781-6622,7:00 AM - 4:30 PM,,America/Chicago,Residential roofing; Commercial roofing; Siding,https://locations.qxo.com/MO/Joplin/Joplin-MO-64801/995
947,Kansas City Mo Brn,1800 E 103Rd St,Kansas City,MO,64131-3413,UNITED STATES,38.9410421,-94.5681839,(816) 412-9990,7:00 AM - 4:30 PM,,America/Chicago,Residential roofing; Siding; Commercial roofing; Metal roofing,https://locations.qxo.com/MO/Kansas-City/Kansas-City-MO-64131/947
943,Lee's Summit Branch,951 S.E. Oldham Parkway,Lee'S Summit,MO,64081,UNITED STATES,38.9017017,-94.3563925,(816) 246-7663,7:30 AM - 4:00 PM,,America/Chicago,Residential roofing; Siding; Metal roofing; Commercial roofing,https://locations.qxo.com/MO/Lees-Summit/Lees-Summit-MO-64081/943
939,O'Fallon Branch,1285 W Terra Ln,O'Fallon,MO,63366-2316,UNITED STATES,38.80728,-90.736993,(636) 474-2710,7:00 AM - 4:30 PM,,America/Chicago,Residential roofing; Siding; Commercial roofing; Metal roofing,https://locations.qxo.com/MO/O-Fallon/O-Fallon-MO-63366/939
486,ST JOSEPH BRANCH- MW,5002 SE HIGHWAY 169,ST JOSEPH,MO,64507-9602,UNITED STATES,39.72026700663742,-94.77638541,(816) 364-1670,7:30 AM - 4:30 PM,,America/Chicago,Residential roofing; Siding; Commercial roofing; Metal roofing,
987,Springfield Branch,3149 S. Scenic Ave.,Springfield,MO,65807,UNITED STATES,37.1573923,-93.3329497,(417) 823-8727,7:30 AM - 4:30 PM,,America/Chicago,Residential roofing; Commercial roofing; Siding; Metal roofing,https://locations.qxo.com/MO/Springfield/Springfield-MO-65807/987
495,St Joseph Brn- Heartland,5002 Se Highway 169,St Joseph,MO,64507-9602,UNITED STATES,39.72026700663742,-94.77638541,(816) 396-5520,7:30 AM - 4:30 PM,,America/Chicago,Residential roofing; Siding; Commercial roofing; Metal roofing,
940,St. Louis Branch,1441 North Warson Road,St. Louis,MO,63132,UNITED STATES,38.6875655,-90.3960888,(314) 473-1904,7:00 AM - 4:00 PM,,America/Chicago,,https://locations.qxo.com/MO/St-Louis/St-Louis-Missouri-93132/940
356,GULFPORT BRANCH,11573 THREE RIVERS RD.,GULFPORT,MS,39503-3353,UNITED STATES,30.45568505465017,-89.07097163,(228) 678-1306,7:00 AM - 4:00 PM,,America/Chicago,Residential roofing; Commercial roofing; Siding; Metal roofing,https://locations.qxo.com/MS/Gulfport/Gulfport-MS-39503-356
853,HATTIESBURG BRANCH,75 LIBERTY PLACE,HATTIESBURG,MS,39402,UNITED STATES,31.3120893,-89.4089491,(601) 296-1858,7:00 AM - 4:00 PM,,America/Chicago,Residential roofing; Commercial roofing; Siding; Metal roofing,https://locations.qxo.com/MI/Hattiesburg/Hattiesburg-MI-39402/853
850,PEARL BRANCH,205 PRIESTER DR.,PEARL,MS,39208,UNITED STATES,32.2853073,-90.1264302,(601) 939-9128,7:00 AM - 4:00 PM,,America/Chicago,Residential roofing; Commercial roofing; Siding; Metal roofing,https://locations.qxo.com/MS-/Pearl/Pearl-MS--39208/850
358,PEARL BRANCH,203 PRIESTER DR,PEARL,MS,39208-3305,UNITED STATES,32.2853073,-90.1264302,(769) 251-1894,6:30 AM to 4:00 PM,,America/Chicago,,
1805,TUPELO BRANCH,702 N EASON BLVD,TUPELO,MS,38804,UNITED STATES,34.26394004,-88.64915006,(662) 844-2324,,,America/Chicago,Siding; Residential roofing,https://locations.qxo.com/MS/Tupelo/Tupelo-MS-38801/1805
193,Billings Branch,2700 Overland Avenue,Billings,MT,59102,UNITED STATES,45.7492876,-108.5851427,(406) 652-1558,7:30 AM - 4:30 PM,,America/Denver,Residential roofing; Siding; Commercial roofing; Metal roofing,
700,Dieppe Branch,1175 Aviation Avenue,Dieppe,NB,E1A 7P5,CANADA,46.12380478854677,-64.6813679,(506) 317-1724,7:00 AM - 4:00 PM,,,Commercial roofing; Residential roofing; Metal roofing,https://locations.qxo.com/NB/Dieppe/Dieppe-NB-E1A7P5-700
405,Asheville Branch,3020 Sweeten Creek Road,Asheville,NC,28803,UNITED STATES,35.4967577,-82.519756,(828) 687-8787,7:00 AM - 4:00 PM,,America/New_York,Residential roofing; Commercial roofing; Siding; Metal roofing,https://locations.qxo.com/NC/Asheville/Asheville-NC-28803/405
443,Burlington Branch,2303 Hanford Road,Burlington,NC,27215-0000,UNITED STATES,36.060828,-79.43967,(336) 350-7900,7:30 AM - 4:00 PM,,America/New_York,Residential roofing; Commercial roofing; Siding; Metal roofing,https://locations.qxo.com/NC/Burlington/Burlington-NC-27215/443
735,Charlotte - Waterproofing,1314 Atando Ave,Charlotte,NC,28206-2208,UNITED STATES,35.13358865026956,-80.95448564,(704) 401-0015,7:00 AM - 4:30 PM,,America/New_York,Waterproofing,
1408,Charlotte Branch,9333-F Forsyth Park Drive,Charlotte,NC,28273,UNITED STATES,35.13358865026956,-80.95448564,(704) 970-4010,,,America/New_York,Commercial roofing; Metal roofing; Siding; Residential roofing,
442,Charlotte Branch,1600 Westinghouse Blvd.,Charlotte,NC,28273-6327,UNITED STATES,35.125375,-80.934425,(704) 332-8440,7:00 AM - 4:00 PM,,America/New_York,Residential roofing; Siding; Commercial roofing; Metal roofing,https://locations.qxo.com/NC/Charlotte/Charlotte-NC-28273/442
402,Charlotte Branch,5945 Harris Technology Blvd.,Charlotte,NC,28269,UNITED STATES,35.3370445,-80.8370004,(704) 596-8866,7:00 AM - 4:00 PM,,America/New_York,Commercial roofing; Residential roofing; Siding; Metal roofing,
458,Concord Branch,800 Florence Street,Concord,NC,28027-5947,UNITED STATES,35.4256188,-80.6075397,(704) 706-6076,7:00 AM - 4:00 PM,,America/New_York,Residential roofing; Commercial roofing; Metal roofing,
268,Durham Branch,526 United Drive,Durham,NC,27713-1476,UNITED STATES,35.93674411483844,-78.90517087,(984) 278-5672,7:00 AM - 4:30 PM,,America/New_York,Residential roofing; Commercial roofing; Siding; Metal roofing,https://locations.qxo.com/NC/Durham/Durham-NC-27713-268
424,GREENSBORO EAST BRANCH,2307 SOABAR ST,GREENSBORO,NC,27406,UNITED STATES,36.04005711798079,-79.7960622,(336) 274-7300,7:30 AM - 4:00 PM,,America/New_York,Residential roofing; Siding; Commercial roofing; Metal roofing,https://locations.qxo.com/NC/Greensboro/Greensboro-NC-27406/424
403,GREENSBORO BRANCH,7614 BOEING DRIVE,GREENSBORO,NC,27409,UNITED STATES,36.082885,-79.9469975,(336) 668-9700,7:00 AM - 4:00 PM,,America/New_York,Residential roofing; Commercial roofing; Siding; Metal roofing,https://locations.qxo.com/NC/Greensboro/Greensboro-NC-27409/403
1407,Garner Branch,3826 Generosity Court,Garner,NC,27529,UNITED STATES,35.72306955,-78.57742858,(919) 662-0300,,,America/New_York,Commercial roofing; Metal roofing; Siding; Residential roofing,
401,Goldsboro Branch,1504 Hwy 117 Bypass North,Goldsboro,NC,27533-0128,UNITED STATES,35.4013085,-77.9898352,(919) 735-1651,7:00 AM - 4:30 PM,,America/New_York,Roofing; Insulation,https://locations.qxo.com/NC/Goldsboro/Goldsboro-NC-27533/401
411,Coastal Metal Service,1602 Highway 117 Bypas North,Goldsboro,NC,27530,UNITED STATES,35.4030942,-77.9891215,(919) 735-1651,,,America/New_York,,
453,Greensboro Branch,4523 Green Point Drive Suite 102,Greensboro,NC,27410-8103,UNITED STATES,36.0641478,-79.9550921,(336) 370-1700,7:30 AM - 4:00 PM,,America/New_York,Siding; Residential roofing; Metal roofing; Commercial roofing,https://locations.qxo.com/NC/Greensboro/Greensboro-NC-27410/453
454,Hickory Branch,461 19Th Street S.E.,Hickory,NC,28602-5324,UNITED STATES,35.7243274,-81.3086941,(828) 324-9002,7:00 AM - 4:00 PM,,America/New_York,Siding; Residential roofing; Commercial roofing,https://locations.qxo.com/NC/Hickory/Hickory-NC-28602/454
429,Jacksonville Branch,475A Marine Blvd.,Jacksonville,NC,28540,UNITED STATES,34.755993,-77.4234409,(910) 219-3051,7:00 AM - 4:00 PM,,America/New_York,Residential roofing; Siding; Metal roofing; Commercial roofing,https://locations.qxo.com/NC/Jacksonville/Jacksonville-NC-28540/429
425,Monroe Branch,1515 Morgan Mill Road B,Monroe,NC,28110-3638,UNITED STATES,34.9898942,-80.5302145,(704) 226-9142,7:00 AM - 4:00 PM,,America/New_York,Residential roofing; Siding; Metal roofing; Commercial roofing,
444,RALEIGH BRANCH,1424 S BLOODWORTH ST,RALEIGH,NC,27610-3902,UNITED STATES,35.7617882,-78.6347316,(919) 779-6210,7:00 AM - 4:00 PM,,America/New_York,Residential roofing; Commercial roofing; Siding; Metal roofing,https://locations.qxo.com/NC/Raleigh/Raleigh-NC-27610/444/Commercial-Products
404,Raleigh Branch,1306 Kirkland Road,Raleigh,NC,27603,UNITED STATES,35.753973,-78.659642,(919) 832-2003,7:00 AM - 4:00 PM,,America/New_York,Siding; Residential roofing; Commercial roofing; Metal roofing,https://locations.qxo.com/NC/Raleigh/Raleigh-NC-27603/404
736,Raleigh - Waterproofing,2539 Noblin Rd. Suite 102,Raleigh,NC,27604-2473,UNITED STATES,35.808661128491465,-78.59818427,(919) 533-5726,7:00 AM - 4:30 PM,,America/New_York,Waterproofing,
406,Statesville Branch,1252 North Barkley Road,Statesville,NC,28677,UNITED STATES,35.766313,-80.857036,(704) 873-4565,7:00 AM - 4:00 PM,,America/New_York,Residential roofing; Siding; Commercial roofing; Metal roofing,https://locations.qxo.com/NC/Statesville/Statesville-NC-28625/406
415,Wilmington Branch,319 Marlboro Street,Wilmington,NC,28403,UNITED STATES,34.23216,-77.891757,(910) 392-7737,7:00 AM - 4:00 PM,,America/New_York,Residential roofing; Siding; Metal roofing; Commercial roofing,https://locations.qxo.com/NC/Wilmington/Wilmington-NC-28403/415
1403,Winston-Salem Branch,2800 Lowery St.,Winston-Salem,NC,27101,UNITED STATES,36.09609740381061,-80.20031116,(336) 422-0042,7:30 AM - 4:00 PM,,America/New_York,,https://locations.qxo.com/NC/Winston-Salem/Winston-Salem-NC-27101/1403
421,Greenville Nc Branch,306 Forlines Road,Winterville,NC,28590,UNITED STATES,35.5373681,-77.4166305,(252) 752-0033,7:00 AM - 4:00 PM,,America/New_York,Residential roofing; Siding; Metal roofing; Commercial roofing,https://locations.qxo.com/NC/Winterville/Winterville-NC-28590/421
690,Bismarck Branch,3300 Rock Island Pl,Bismarck,ND,58504-7709,UNITED STATES,46.7956091,-100.7412041,(701) 255-3081,7:30 AM - 4:30 PM,,America/Chicago,Residential roofing; Siding; Commercial roofing; Metal roofing,https://locations.qxo.com/ND/Bismarck/Bismarck-ND-58504/690
696,Fargo Branch,4500 16Th Ave Nw,Fargo,ND,58102-2862,UNITED STATES,46.9013238,-96.8628408,(701) 282-0980,8:00 AM - 4:00 PM,,America/Chicago,Residential roofing; Siding; Commercial roofing; Metal roofing,https://locations.qxo.com/ND/Fargo/Fargo-ND-58102/696
1937,GRAND ISLAND BRANC - GSS,2932 WEST OLD HWY 30,GRAND ISLAND,NE,68803-5225,UNITED STATES,40.91335104778546,-98.37303215,(308) 384-9060,7:30 AM - 4:00 PM,,America/Chicago,Siding; Residential roofing,
490,Grand Island Branch- Mw,4319 Juergen Road,Grand Island,NE,68801-9677,UNITED STATES,40.869892592851656,-98.37556153,(308) 398-2100,7:30 AM - 4:00 PM,,America/Chicago,Residential roofing; Siding; Metal roofing; Commercial roofing,
955,Lincoln Branch,200 W. South St.,Lincoln,NE,68522,UNITED STATES,40.792277,-96.722588,(402) 474-4841,7:00 AM - 4:30 PM,,America/Chicago,,https://locations.qxo.com/NE/Lincoln/Lincoln-NE-68522/955
959,Lincoln Branch,3210 Superior St,Lincoln,NE,68504-1112,UNITED STATES,40.8575974,-96.6755222,(402) 325-1060,8:00 AM - 4:00 PM,,America/Chicago,Residential roofing; Siding; Metal roofing; Commercial roofing,https://locations.qxo.com/NE/Lincoln/Lincoln--NE-68504/959
1938,Lincoln Branch - Gss,5601 North 58Th Ct.,Lincoln,NE,68507-3176,UNITED STATES,40.86891482,-96.63956491,(402) 466-4600,7:30 AM - 4:00 PM,,America/Chicago,Siding; Residential roofing,
922,Omaha Branch,15001 W Center Rd,Omaha,NE,68144-3220,UNITED STATES,41.2331257,-96.1491625,(402) 734-2322,7:30 AM to 4:00 PM,,America/Chicago,Residential roofing; Commercial roofing; Metal roofing; Siding,
956,Omaha Branch,10000 J Street,Omaha,NE,68127,UNITED STATES,41.2148335,-96.0689949,(402) 339-1103,7:30 AM - 4:00 PM,,America/Chicago,Residential roofing; Commercial roofing; Siding; Metal roofing,https://locations.qxo.com/NE/Omaha/Omaha--NE-68127/956
1936,Omaha Branch - Gss,1709 Mason Street,Omaha,NE,68108-3120,UNITED STATES,41.250146356401196,-95.93839575,(402) 344-3300,,,America/Chicago,Siding; Residential roofing,
198,Scottsbluff Branch,901 Broadway,Scottsbluff,NE,69361,UNITED STATES,41.8571823,-103.6609872,(308) 632-6768,7:30 AM - 5:00 PM,,America/Chicago,Residential roofing; Commercial roofing; Siding; Metal roofing,https://locations.qxo.com/NE-/Scottsbluff/Scottsbluff-NE-69361/198
8,Manchester Branch,13 Page Road,Londonderry,NH,3053,UNITED STATES,42.92623234,-71.40360008,(603) 645-6898,7:00 AM - 4:00 PM,,America/New_York,Commercial roofing; Residential roofing; Metal roofing; Siding,
32,SALEM BRANCH,7 RAYMOND AVE BUILDING C,SALEM,NH,03079,UNITED STATES,42.773752343378696,-71.23982017301832,(603) 893-6454,7:00 AM - 4:00 PM,,America/New_York,Siding; Residential roofing; Commercial roofing; Metal roofing,
20,Seabrook Branch,81 Ledge Road,Seabrook,NH,03874,UNITED STATES,42.890728,-70.893402,(603) 760-3056,7:00 AM - 4:00 PM,,America/New_York,Residential roofing; Commercial roofing; Siding; Metal roofing,
30,West Lebanon Branch,4 Technology Drive,West Lebanon,NH,03784-1671,UNITED STATES,43.62311330815033,-72.3117698,(603) 802-5234,7:00 AM - 4:00 PM,,America/New_York,Metal roofing; Residential roofing; Commercial roofing; Siding,https://locations.qxo.com/NH/West-Lebanon/West-Lebanon-NH-03784-30
1314,ANDOVER-NW BLDG,221 MAIN ST,ANDOVER,NJ,07821-4594,UNITED STATES,40.99783038,-74.74502116,(973) 786-5151,7:00 AM - 3:30 PM,,America/New_York,Residential roofing; Commercial roofing,
1311,ASBURY-SIDING DEPOT,809 3RD AVE,ASBURY PARK,NJ,07712-5934,UNITED STATES,40.22428704,-74.01132372,(732) 988-0470,7:00 AM - 3:30 PM,,America/New_York,Siding; Residential roofing,
366,Bergenfield Branch,30 Columbia Ave,Bergenfield,NJ,07621-1210,UNITED STATES,40.9359628,-73.9966157,(201) 439-1462,7:00 AM - 4:00 PM,,America/New_York,Siding; Residential roofing; Commercial roofing,https://locations.qxo.com/NJ/Bergenfield/Bergenfield-NJ-07621-366
376,Burlington Branch,11 Cadillac Road,Burlington,NJ,08016-4815,UNITED STATES,40.0504388,-74.8367315,(609) 386-5500,7:00 AM - 4:00 PM,,America/New_York,Residential roofing; Commercial roofing; Siding; Metal roofing,
1313,CLIFTON- RESI,85 CENTRAL AVE,CLIFTON,NJ,07011-2337,UNITED STATES,40.87320297,-74.13426269,(973) 554-1513,7:00 AM - 4:00 PM,,America/New_York,Residential roofing,
1312,CLIFTON- COMM,5 CENTRAL AVE,CLIFTON,NJ,07011-2399,UNITED STATES,40.87413439,-74.13465257,(862) 304-4250,7:00 AM - 4:00 PM,,America/New_York,Commercial roofing,
1679,Carlstadt  - Waterproofing,460 Meadow Lane,Carlstadt,NJ,07072-3006,UNITED STATES,40.827576683476835,-74.0541935,(201) 636-5046,6:30 AM - 4:00 PM,,America/New_York,Waterproofing,
364,Cedar Knolls Branch,17 E Frederick Pl,Cedar Knolls,NJ,07927-2051,UNITED STATES,40.8126747,-74.454792,(973) 267-1576,7:00 AM - 4:00 PM,,America/New_York,Siding; Residential roofing; Commercial roofing; Metal roofing,https://locations.qxo.com/NJ/Cedar-Knolls/Cedar-Knolls-NJ-07927/364
1315,Clifton Branch (HVAC),5 Central Ave,Clifton,NJ,07011-2399,UNITED STATES,40.87413439,-74.13465257,(973) 546-9000,7:00 AM - 4:00 PM,7:00 AM - 11:00 AM,America/New_York,,
1319,Clifton Branch (Fire Door),103 Central Ave,Clifton,NJ,07011-2392,UNITED STATES,40.87472975,-74.1349143,(888) 772-3667,7:00 AM - 4:00 PM,,America/New_York,,
371,East Brunswick Branch,15 Edgeboro Rd,East Brunswick,NJ,08816-1634,UNITED STATES,40.4640943,-74.4008078,(732) 238-4445,7:00 AM - 4:00 PM,,America/New_York,Siding; Residential roofing; Commercial roofing,https://locations.qxo.com/NJ/East-Brunswick/East-Brunswick-NJ-8816/371
365,East Rutherford Branch,250 Rt 17 North,East Rutherford,NJ,07073-2224,UNITED STATES,40.8257331,-74.0940757,(201) 935-0800,7:00 AM - 4:00 PM,7:00 AM - 11:00 AM,America/New_York,Commercial roofing; Residential roofing; Siding; Metal roofing,https://locations.qxo.com/NJ/EastRutherford/EastRutherford-NJ-07073/365/Commercial-Products
370,Elizabeth Branch,450 York St,Elizabeth,NJ,07201-2041,UNITED STATES,40.6604296,-74.1890337,(908) 820-3700,7:00 AM - 4:00 PM,,America/New_York,Siding; Residential roofing; Commercial roofing,https://locations.qxo.com/NJ/Elizabeth/Elizabeth-NJ-07201/370
369,Jersey City Branch,50 Carbon Pl,Jersey City,NJ,07305-1125,UNITED STATES,40.7139804,-74.0947229,(201) 435-3600,7:00 AM - 3:30 PM,,America/New_York,Siding; Commercial roofing; Residential roofing; Metal roofing,https://locations.qxo.com/NJ/Jersey-City/Jersey-City-NJ-07305/369
1317,Lakewood Branch (HVAC),1957 Rutgers University Blvd,Lakewood,NJ,08701-4568,UNITED STATES,40.07772702,-74.15859483,(732) 886-9410,7:00 AM - 3:30 PM,,America/New_York,,
373,Lakewood Branch,1905 Swarthmore Ave,Lakewood,NJ,08701-4541,UNITED STATES,40.0775451,-74.1692196,(732) 370-4496,7:00 AM - 4:00 PM,,America/New_York,Siding; Residential roofing; Commercial roofing; Metal roofing,https://locations.qxo.com/NJ/Lakewood/Lakewood-NJ-08701/373
362,MAHWAH BRANCH,27-33 FRANKLIN TURNPIKE,MAHWAH,NJ,07430-1344,UNITED STATES,41.1059903,-74.1507614,(201) 529-3300,7:00 AM - 4:00 PM,,America/New_York,Siding; Residential roofing; Commercial roofing; Metal roofing,https://locations.qxo.com/NJ/Mahwah/Mahwah-NJ-07430-362
378,Manahawkin Branch,583 E Bay Avenue,Manahawkin,NJ,08050-3324,UNITED STATES,39.6860976,-74.239402,(609) 489-5156,7:00 AM - 4:00 PM,,America/New_York,Siding; Residential roofing; Commercial roofing; Metal roofing,
379,Marmora Branch,109 S Shore Rd,Marmora,NJ,08223-1209,UNITED STATES,39.261018,-74.650234,(609) 736-4417,7:00 AM - 4:00 PM,,America/New_York,Siding; Residential roofing; Commercial roofing; Metal roofing,https://locations.qxo.com/NJ/Marmora/Marmora-NJ-08223/379
368,Paterson Branch,27 Kentucky Ave,Paterson,NJ,07503-2505,UNITED STATES,40.9002266,-74.1558792,(973) 357-1600,7:00 AM - 4:00 PM,,America/New_York,,
316,Pennsauken Branch,8351 National Highway,Pennsauken,NJ,08110-1319,UNITED STATES,39.984351,-75.0299917,(856) 532-2035,7:00 AM - 4:00 PM,,America/New_York,Residential roofing; Siding; Commercial roofing; Metal roofing,https://locations.qxo.com/NJ/Pennsauken/Pennsauken-NJ-08110/316
377,Pleasantville Branch,516 West Leeds Avenue,Pleasantville,NJ,08232-1226,UNITED STATES,39.4127903,-74.5173981,(609) 833-2250,7:00 AM - 4:00 PM,,America/New_York,Siding; Residential roofing; Commercial roofing; Metal roofing,https://locations.qxo.com/NJ/Pleasantville/Pleasantville-NJ-08232/377
372,South Bound Brook Branch,41 Canal St,South Bound Brook,NJ,08880-1403,UNITED STATES,40.5550616,-74.522409,(732) 356-1500,7:00 AM - 4:00 PM,7:00 AM - 11:00 AM,America/New_York,Commercial roofing; Siding; Residential roofing; Metal roofing,https://locations.qxo.com/NJ/South-Bound-Brook/South-Bound-Brook-NJ-08880/372
374,Toms River Branch,320 W Water St,Toms River,NJ,08753-6533,UNITED STATES,39.953803,-74.2039001,(732) 341-4767,7:00 AM - 4:00 PM,,America/New_York,Siding; Residential roofing; Commercial roofing; Metal roofing,https://locations.qxo.com/NJ/Toms-River/Toms-River-NJ-08753/374
367,Totowa Branch,595 Union Blvd,Totowa,NJ,07512-2444,UNITED STATES,40.8993768,-74.2196292,(973) 790-5500,7:00 AM - 4:00 PM,7:00 AM - 11:00 AM,America/New_York,Siding; Residential roofing; Commercial roofing; Metal roofing,
375,Wall Township Branch,2065 Highway 34,Wall Township,NJ,07719-9103,UNITED STATES,40.1473002,-74.095457,(732) 449-3355,7:00 AM - 4:00 PM,7:00 AM - 11:30 AM,America/New_York,Siding; Residential roofing; Commercial roofing; Metal roofing,https://locations.qxo.com/NJ/Wall-Township/Wall-Township-NJ-07719/375
2307,Albuquerque - Waterproofing,531 Gallatin Place Nw Suite C,Albuquerque,NM,87121-8459,UNITED STATES,35.08759082,-106.7216102,(505) 797-7222,7:00 AM - 4:00 PM,,America/Denver,Waterproofing,
191,Albuquerque Branch,"2222 Fourth Street, N.W.",Albuquerque,NM,87102-1024,UNITED STATES,35.1077544,-106.6470628,(505) 343-8000,7:00 AM - 4:00 PM,,America/Denver,Commercial roofing; Residential roofing; Siding; Metal roofing,
712,Dartmouth Branch,47 Troop Avenue,Dartmouth,NS,B3B 2A7,CANADA,44.71012,-63.58592,(902) 468-7043,7:00 AM - 4:00 PM,,,Commercial roofing; Residential roofing; Metal roofing,
1903,Gardnerville Branch,1434 Industrial Way,Gardnerville,NV,89410-5788,UNITED STATES,38.92954621909074,-119.7251085,(775) 782-7663,,,America/Los_Angeles,Residential roofing; Metal roofing; Commercial roofing; Siding,
2302,Las Vegas - Waterproofing,5295 Procyon St Suite 100,Las Vegas,NV,89118-1676,UNITED STATES,36.09448352,-115.1881889,(702) 739-8600,5:00 AM - 3:00 PM,,America/Los_Angeles,Waterproofing,
150,Las Vegas Branch,3860 W. Naples,Las Vegas,NV,89103-5525,UNITED STATES,36.107116,-115.1912318,(702) 227-6655,5:30 AM - 3:00 PM,,America/Los_Angeles,Residential roofing; Commercial roofing; Siding; Metal roofing,https://locations.qxo.com/NV/Las-Vegas/Las-Vegas-NV-89103/150
108,Reno Branch,1690 Industrial Way,Sparks,NV,89431-6089,UNITED STATES,39.5209574,-119.7579203,(775) 331-3824,7:00 AM - 3:00 PM,,America/Los_Angeles,Commercial roofing; Residential roofing; Metal roofing; Siding,https://locations.qxo.com/NV/Sparks/Sparks-NV-89431/108
55,Albany Branch,24 Railroad Ave,Albany,NY,12205-5727,UNITED STATES,42.6919319,-73.8127741,(518) 489-0147,7:00 AM - 4:00 PM,,America/New_York,Residential roofing; Commercial roofing; Siding; Metal roofing,https://locations.qxo.com/NY/Albany/Albany-NY-12205/55
56,BUFFALO BRANCH,3401 GENESEE ST,CHEEKTOWAGA,NY,14225-5051,UNITED STATES,42.9249174,-78.7588841,(716) 634-5671,7:00 AM - 4:00 PM,,America/New_York,Commercial roofing; Residential roofing; Siding; Metal roofing,
384,Riverhead Branch,558 Edwards Avenue,Calverton,NY,11933-1636,UNITED STATES,40.9251344,-72.7453202,(631) 416-3830,7:00 AM - 4:00 PM,,America/New_York,Residential roofing; Siding; Commercial roofing; Metal roofing,https://locations.qxo.com/NY/Calverton/Calverton-NY-11933/384
1320,Fishkill Branch (HVAC),182 Old Rte 9 Unit 5,Fishkill,NY,12524-2457,UNITED STATES,41.55482526,-73.8993509,(845) 896-4200,7:00 AM - 3:30 PM,,America/New_York,,
380,Hicksville Branch,1 Enterprise Pl,Hicksville,NY,11801-5347,UNITED STATES,40.7580354,-73.50226,(516) 733-2900,7:00 AM - 4:00 PM,,America/New_York,Commercial roofing; Siding; Residential roofing; Metal roofing,https://locations.qxo.com/NY/Hicksville/Hicksville-NY-11801/380/commercial-products
1677,Long Island City - Waterproofing,49-29 30Th Place,Long Island City,NY,11101-3117,UNITED STATES,40.74014638565106,-73.93726999,(718) 472-4700,6:30 AM - 4:00 PM,,America/New_York,Waterproofing,
385,Long Island City Branch,42-16 11Th St,Long Island City,NY,11101-4902,UNITED STATES,40.7527988,-73.9475021,(718) 706-0145,6:00 AM - 4:00 PM,,America/New_York,Commercial roofing; Metal roofing; Siding; Residential roofing,https://locations.qxo.com/NY/Long-Island-City/Long-Island-City-NY-11101/385
388,Lynbrook Branch,120 Whitehall St,Lynbrook,NY,11563-1047,UNITED STATES,40.6645336,-73.6875124,(516) 872-0094,7:00 AM - 3:30 PM,,America/New_York,Residential roofing; Siding; Commercial roofing; Metal roofing,https://locations.qxo.com/NY/Lynbrook/Lynbrook-NY-11563/388
1301,Medford Branch,3177 Route 112,Medford,NY,11763-1409,UNITED STATES,40.83963679405216,-72.99570201,(631) 732-8000,7:00 AM - 4:00 PM,,America/New_York,Siding; Residential roofing; Commercial roofing; Metal roofing,
363,Middletown Branch,201 Cottage St,Middletown,NY,10940-2901,UNITED STATES,41.4554782,-74.4103818,(845) 343-2300,7:00 AM - 4:00 PM,7:00 AM - 11:00 AM,America/New_York,Siding; Residential roofing; Commercial roofing; Metal roofing,
381,New Hyde Park Branch,85 Denton Avenue,New Hyde Park,NY,11040-4002,UNITED STATES,40.74146,-73.6721432,(516) 248-6173,7:00 AM - 3:30 PM,,America/New_York,Siding; Residential roofing; Commercial roofing; Metal roofing,https://locations.qxo.com/NY/New-Hyde-Park/New-Hyde-Park-NY-11040/381
391,Ozone Park 2 Branch,89-02 Atlantic Avenue,Ozone Park,NY,11416-1420,UNITED STATES,40.6865703,-73.8548503,(718) 296-7900,7:00 AM - 4:00 PM,,America/New_York,Residential roofing; Commercial roofing; Siding; Metal roofing,https://locations.qxo.com/NY/Ozone-Park/Ozone-Park-NY-11416/391
53,ROCHESTER NY BRANCH,1160 SCOTTSVILLE RD,ROCHESTER,NY,14624-5124,UNITED STATES,43.1193889,-77.6528314,(585) 328-7330,7:00 AM - 4:00 PM,,America/New_York,Residential roofing; Siding; Commercial roofing; Metal roofing,https://locations.qxo.com/NY/Rochester/Rochester-NY-14624/53
383,Ronkonkoma Branch,2130 5Th Ave,Ronkonkoma,NY,11779-6906,UNITED STATES,40.794666,-73.1394783,(631) 467-4800,7:00 AM - 4:00 PM,7:00 AM  - 11:00 AM,America/New_York,Siding; Residential roofing; Commercial roofing; Metal roofing,https://locations.qxo.com/NY/Ronkonkoma/Ronkonkoma-NY-11779/383
387,STATEN ISLAND BRANCH,244 ARLINGTON AVE,STATEN ISLAND,NY,10303-1606,UNITED STATES,40.6339645,-74.1684018,(718) 448-0170,7:00 AM - 4:00 PM,,America/New_York,Residential roofing; Commercial roofing; Siding; Metal roofing,
382,Seaford Branch,3771 Merrick Rd,Seaford,NY,11783-2816,UNITED STATES,40.6657638,-73.4913752,(516) 783-6668,7:00 AM - 4:00 PM,7:00 AM  - 11:00 AM,America/New_York,Siding; Residential roofing; Commercial roofing; Metal roofing,https://locations.qxo.com/NY/Seaford/Seaford-NY-11783/382
291,Cincinnati Branch,227 Circle Freeway Drive,Cincinnati,OH,45246,UNITED STATES,39.3063012,-84.4785528,(513) 874-6200,6:30 AM - 4:00 PM,,America/New_York,Residential roofing; Commercial roofing; Siding; Metal roofing,https://locations.qxo.com/OH/Cincinnati/Cincinnati-OH-45246/291
262,Cleveland Branch,12800 Brookpark Rd,Cleveland,OH,44130-1158,UNITED STATES,41.41986,-81.77565,(216) 362-1764,7:30 AM - 4:00 PM,,America/New_York,Commercial roofing; Residential roofing; Siding; Metal roofing,https://locations.qxo.com/OH/Cleveland/Cleveland-OH-44130/262/Commercial-Products
264,Columbus Branch,1055 Kinnear Rd,Columbus,OH,43212-1150,UNITED STATES,39.997055,-83.036642,(614) 488-0717,6:30 AM - 4:00 PM,,America/New_York,Residential roofing; Siding; Commercial roofing,https://locations.qxo.com/OH/Cleveland/Cleveland-OH-44130/262/Commercial-Products
292,DAYTON BRANCH,3445 SUCCESSFUL WAY,DAYTON,OH,45414,UNITED STATES,39.8186335,-84.1614019,(937) 237-2774,6:30 AM - 4:00 PM,,America/New_York,Residential roofing; Siding; Commercial roofing,https://locations.qxo.com/OH/Dayton/Dayton-OH-45414/292
477,Elyria Branch,1444 Lowell Street,Elyria,OH,44035-4867,UNITED STATES,41.37372079391121,-82.14246946,(440) 687-2982,7:00 AM - 3:30 PM,,America/New_York,Residential roofing; Siding; Commercial roofing,https://locations.qxo.com/OH/Elyria/Elyria-OH-44035-477
1227,Solon,30501 Carter Street,Solon,OH,44139-3511,UNITED STATES,41.382264725313014,-81.46129019,(440) 561-6444,7:00 AM - 3:30 PM,,America/New_York,,https://locations.qxo.com/OH/Solon/Solon-Ohio-44139/1227
237,Toledo Branch,2815 Hill Ave,Toledo,OH,43607-2928,UNITED STATES,41.6369268,-83.6101916,(419) 531-7980,7:30 AM - 4:00 PM,,America/New_York,Residential roofing; Commercial roofing; Siding; Metal roofing,https://locations.qxo.com/OH/Toledo/Toledo-OH-43607/237
232,Whitehall Branch,200 Schofield Drive,Whitehall,OH,43213-3803,UNITED STATES,39.98000352827621,-82.87918581,(614) 503-7360,6:30 AM - 4:00 PM,,America/New_York,Residential roofing; Siding; Commercial roofing; Metal roofing,https://locations.qxo.com/OH/Hilliard/Hilliard-OH-43026/232
1933,Enid Branch,2601 N. 30Th St.,Enid,OK,73701,UNITED STATES,36.42183791336855,-97.83614261,(580) 233-7663,7:30 AM - 4:00 PM,,America/Chicago,Residential roofing; Commercial roofing; Siding; Metal roofing,
475,Norman Branch,"4100 28Th Ave., Nw",Norman,OK,73069-8218,UNITED STATES,35.26859917205384,-97.48418534,(405) 914-6457,7:30 AM - 4:00 PM,,America/Chicago,Residential roofing; Siding; Commercial roofing; Metal roofing,https://locations.qxo.com/OK/Norman/Norman-OK-73609-475
1930,Oklahoma City Branch,2700 N. Santa Fe,Oklahoma City,OK,73103,UNITED STATES,35.49763237171741,-97.51169045,(405) 528-7663,7:30 AM - 4:00 PM,,America/Chicago,Residential roofing; Commercial roofing; Siding; Metal roofing,
997,Oklahoma City Branch,5120 Nw 5Th Street,Oklahoma City,OK,73127-5811,UNITED STATES,35.473382,-97.609685,(405) 605-7807,7:00 AM - 4:30 PM,,America/Chicago,Residential roofing; Commercial roofing; Siding; Metal roofing,
1934,Stillwater Branch,716 E. 46Th Avenue,Stillwater,OK,74074,UNITED STATES,36.06964987395173,-97.04958775,(405) 533-7663,7:30 AM - 4:00 PM,,America/Chicago,Residential roofing; Commercial roofing; Siding; Metal roofing,https://locations.qxo.com/OK/Stillwater/Stillwater-OK-74074/1934
994,Tulsa Branch,9802 E 46Th Pl,Tulsa,OK,74146-4901,UNITED STATES,36.0962397,-95.8671229,(918) 835-7663,7:30 AM - 4:00 PM,,America/Chicago,Residential roofing; Commercial roofing; Siding; Metal roofing,https://locations.qxo.com/OK/Tulsa/Tulsa-OK-74146/994
1931,Tulsa Branch,7615 East 42Nd Pl,Tulsa,OK,74145,UNITED STATES,36.103091018196615,-95.89174856,(918) 527-7754,7:30 AM - 4:00 PM,,America/Chicago,Residential roofing; Commercial roofing; Metal roofing; Siding,
709,Cambridge Branch,42 Raglin Place,Cambridge,ON,N1R 7J2,CANADA,43.4006858,-80.3114918,(519) 624-8703,7:00 AM - 4:00 PM,,,Commercial roofing; Residential roofing; Metal roofing,
7706,Toronto Branch,"8400 Keele Street, Unit #2",Concord,ON,L4K 2A6,CANADA,43.815477037209945,-79.50452824233024,(289) 917-0295,7:00 AM - 4:00 PM,,,Residential roofing,
706,Toronto Branch,8400 Keele Street Unit#1,Concord,ON,L4K 2A6,CANADA,43.8154297,-79.5066776,(905) 761-1762,7:00 AM - 4:00 PM,,,Commercial roofing,
7708,Hamilton Branch (Opening 6/15),910 ARVIN AVE,HAMILTON,ON,L8E 5Y8,CANADA,43.219099031779855,-79.67588074233024,(365) 317-8363,,,,,
708,London Branch,1285 Hubrey Rd.,London,ON,N6N 1E2,CANADA,42.9246141,-81.185384,(519) 685-0666,7:00 AM - 4:00 PM,,,Commercial roofing; Residential roofing; Metal roofing,
7707,Mississauga Branch,3145 Wolfedale Road,Mississauga,ON,L5C 1V8,CANADA,43.56628082127796,-79.63939656,(289) 777-5617,7:00 AM - 5:00 PM,,,Commercial roofing; Residential roofing; Metal roofing,
703,Ottawa Branch,2801 Chemin Sheffield,Ottawa,ON,K1B 3V8,CANADA,45.3987337,-75.6042728,(613) 744-5119,7:00 AM - 4:00 PM,,,Commercial roofing; Residential roofing; Metal roofing,
710,Peterborough Posi-Slope,615 The Kingsway,Peterborough,ON,K9J 7G2,CANADA,44.27445213428036,-78.34140475,(705) 743-5013,7:00 AM - 4:00 PM,,,Commercial roofing; Residential roofing,
714,Whitby Branch,202 S. Blair Street Unit 36,Whitby,ON,L1N 8X9,CANADA,43.8587867,-78.9257143,(905) 666-5648,7:00 AM - 4:00 PM,,,Commercial roofing; Residential roofing; Metal roofing,
669,Eugene Branch,3285 W 1St Ave Ste B,Eugene,OR,97402-5400,UNITED STATES,44.0594981,-123.1453761,(541) 343-6918,7:00 AM - 4:00 PM,,America/Los_Angeles,Residential roofing; Siding; Commercial roofing; Metal roofing,
668,Medford Branch,3630 Crater Lake Ave,Medford,OR,97504-9741,UNITED STATES,42.3694825,-122.8548655,(541) 779-4571,7:00 AM - 4:30 PM,,America/Los_Angeles,Residential roofing; Commercial roofing; Siding; Metal roofing,
162,Oregon City Branch,215 16Th Street,Oregon City,OR,97045-1442,UNITED STATES,45.3638852,-122.5992929,(503) 850-3130,7:00 AM - 4:00 PM,,America/Los_Angeles,Residential roofing; Siding; Commercial roofing; Metal roofing,
161,PORTLAND BRANCH,8414 N. VANCOUVER AVE.,PORTLAND,OR,97217-1028,UNITED STATES,45.5845276,-122.6666241,(503) 289-8813,7:00 AM - 4:00 PM,,America/Los_Angeles,Residential roofing; Commercial roofing; Siding; Metal roofing,
794,Portland - Waterproofing,2325 Se 10Th Ave.,Portland,OR,97214,UNITED STATES,45.5060706,-122.6561291,(503) 281-6585,6:30 AM - 3:30 PM,,America/Los_Angeles,Waterproofing,
667,Salem Branch,1575 Salem Industrial Dr Ne,Salem,OR,97301-0373,UNITED STATES,44.9692499,-123.0129323,(503) 581-3932,7:00 AM - 4:00 PM,,America/Los_Angeles,Residential roofing; Commercial roofing; Siding; Metal roofing,
648,Tigard Branch,11440 Sw Tiedeman Rd,Tigard,OR,97223-4171,UNITED STATES,45.4363746,-122.7811971,(503) 639-1579,7:00 AM - 4:00 PM,,America/Los_Angeles,Residential roofing; Siding; Commercial roofing; Metal roofing,https://locations.qxo.com/OR/Tigard/Tigard-OR-97223/648
343,ALLENTOWN BRANCH,1841 VULTEE ST,ALLENTOWN,PA,18103-4742,UNITED STATES,40.5754172,-75.4842234,(610) 797-3656,7:00 AM - 4:00 PM,,America/New_York,Residential roofing; Siding; Commercial roofing; Metal roofing,https://locations.qxo.com/PA/Allentown/Allentown-PA-18103/343
307,ALLENTOWN BRANCH,444 EAST CEDAR STREET,ALLENTOWN,PA,18109,UNITED STATES,40.6189547,-75.4525147,(610) 820-5366,7:00 AM - 4:00 PM,,America/New_York,Commercial roofing; Residential roofing; Siding; Metal roofing,https://locations.qxo.com/PA/Allentown/Allentown-PA-18109/307
348,BLANDON BRANCH,310 JUNE AVENUE PO BOX 676,BLANDON,PA,19510-9566,UNITED STATES,40.4402549,-75.8938044,(610) 926-1009,7:00 AM - 4:00 PM,,America/New_York,Residential roofing; Siding; Commercial roofing,https://locations.qxo.com/PA/Blandon/Blandon-PA-19510/348
331,BRADDOCK BRANCH,201 COREY AVE.,BRADDOCK,PA,15104,UNITED STATES,40.4091798,-79.868062,(800) 232-0018,7:00 AM - 3:30 PM,,America/New_York,Siding; Residential roofing; Commercial roofing; Metal roofing,https://locations.qxo.com//PA/Braddock/Braddock-PA-15104/331/Commercial-Products
333,Cranberry Branch,9018 Marshall Road Suite 101 & 102,Cranberry Township,PA,16066-3610,UNITED STATES,40.70584,-80.099051,(800) 651-6564,7:00 AM - 3:30 PM,,America/New_York,Commercial roofing; Residential roofing; Siding; Metal roofing,https://locations.qxo.com/PA/Cranberry/Cranberry-PA-16066/333/Commercial-Products
327,Butler Branch,500 Grant Ave,East Butler,PA,16029-2111,UNITED STATES,40.8712733,-79.8377276,(724) 352-2600,7:00 AM - 3:30 PM,,America/New_York,,https://locations.qxo.com/PA/East-Butler/East-Butler-PA-16029/327
309,Eddystone Branch,2000 Industrial Highway,Eddystone,PA,19022,UNITED STATES,39.859503,-75.336617,(610) 874-2005,7:00 AM - 4:00 PM,,America/New_York,Residential roofing; Siding; Commercial roofing; Metal roofing,https://locations.qxo.com/PA/Eddystone/Eddystone-PA-19022/309
338,Erie Branch,"1317 W 12Th Street, Suite B",Erie,PA,16501-1520,UNITED STATES,42.1130854,-80.1095989,(800) 723-7027,7:00 AM - 3:30 PM,,America/New_York,Commercial roofing; Residential roofing; Siding; Metal roofing,https://locations.qxo.com/PA/Erie/Erie-PA-16501/338
344,Glenolden Branch,520 Grobes Ave,Glenolden,PA,19036-1233,UNITED STATES,39.9095685,-75.2903402,(610) 626-0700,7:00 AM - 4:00 PM,,America/New_York,Residential roofing; Siding; Commercial roofing; Metal roofing,https://locations.qxo.com/PA/Glenolden/Glendolden-PA-19036/344
322,Greensburg Branch,111 West Hills Drive,Greensburg,PA,15601,UNITED STATES,40.3040484,-79.5829204,(724) 836-7000,7:00 AM - 3:30 PM,,America/New_York,Residential roofing; Siding; Commercial roofing; Metal roofing,https://locations.qxo.com/PA/Greensburg/Greensburg-PA-15601/322
305,Harrisburg Branch,7901 Allentown Blvd.,Harrisburg,PA,17112,UNITED STATES,40.3368911,-76.7191215,(800) 228-6687,7:00 AM - 4:00 PM,,America/New_York,Residential roofing; Siding; Commercial roofing; Metal roofing,https://locations.qxo.com/PA/Harrisburg/Harrisburg-PA-17112/305
318,JESSUP BRANCH,70 MEYA DRIVE,JESSUP,PA,18434,UNITED STATES,41.4607639,-75.5702078,(570) 383-0437,7:00 AM - 4:00 PM,,America/New_York,Commercial roofing; Residential roofing; Siding; Metal roofing,https://locations.qxo.com/PA/Jessup/Jessup-PA-18434/318
335,Johnstown Branch,81 Mc Millen Street,Johnstown,PA,15902,UNITED STATES,40.3081576,-78.9130041,(800) 452-0268,7:00 AM - 3:30 PM,,America/New_York,Siding; Residential roofing; Commercial roofing; Metal roofing,https://locations.qxo.com/pa/johnstown/johnstown-pa-15902/335
308,YEADON BRANCH,6250 BALTIMORE AVE.,LANSDOWNE,PA,19050,UNITED STATES,39.9414349,-75.2495439,(610) 626-8800,7:00 AM - 4:00 PM,,America/New_York,Residential roofing; Commercial roofing; Siding; Metal roofing,
302,Lancaster Branch,737 Flory Mill Road,Lancaster,PA,17601,UNITED STATES,40.0810804,-76.342111,(717) 569-2661,7:00 AM - 4:00 PM,,America/New_York,Residential roofing; Siding; Commercial roofing; Metal roofing,https://locations.qxo.com/PA/Lancaster/Lancaster-PA-17601/302
301,Lebanon Branch,"2700 Cumberland St, Route 422W",Lebanon,PA,17042,UNITED STATES,40.3408581,-76.4585681,(717) 277-0800,7:00 AM - 4:00 PM,,America/New_York,Commercial roofing; Residential roofing; Siding; Metal roofing,https://locations.qxo.com/PA/Lebanon/Lebanon-PA-17042/301
345,Levittown Branch,5810 Bristol Emilie Rd,Levittown,PA,19057-2604,UNITED STATES,40.1392075,-74.8647392,(215) 949-2220,7:00 AM - 4:00 PM,,America/New_York,Residential roofing; Siding; Commercial roofing; Metal roofing,https://locations.qxo.com/PA/Levittown/Levittown-PA-19057/345
332,New Castle Pa Branch,100 Taylor Street,New Castle,PA,16101,UNITED STATES,40.9930009,-80.3450258,(800) 548-1322,7:00 AM - 3:30 PM,,America/New_York,Siding; Residential roofing; Commercial roofing; Metal roofing,https://locations.qxo.com/PA/New-Castle/New-Castle-PA-16101/332
337,New Kensington Branch,201 14Th St.,New Kensington,PA,15068,UNITED STATES,40.5733079,-79.770424,(866) 606-4464,7:00 AM - 3:30 PM,,America/New_York,Residential roofing; Siding; Commercial roofing; Metal roofing,https://locations.qxo.com/PA/New-Kensington/New-Kensington-PA-15068/337
312,North Wales Branch,1256 Welsh Rd,North Wales,PA,19454,UNITED STATES,40.2229702,-75.2509141,(215) 661-1440,7:00 AM - 4:00 PM,,America/New_York,Commercial roofing; Residential roofing; Siding; Metal roofing,https://locations.qxo.com/PA/North-Wales/North-Wales-PA-19454/312
346,Philadelphia Branch,2430 East Tioga St,Philadelphia,PA,19134-4616,UNITED STATES,39.9906091,-75.0988465,(215) 425-6780,7:00 AM - 4:00 PM,,America/New_York,Commercial roofing; Metal roofing; Siding; Residential roofing,https://locations.qxo.com/PA/Philadelphia/Philadelphia-PA-19134/346
310,Philadelphia Branch,3939 Whitaker Avenue,Philadelphia,PA,19124,UNITED STATES,40.0094027,-75.1214534,(215) 426-7575,7:00 AM - 4:00 PM,,America/New_York,Commercial roofing; Siding; Residential roofing; Metal roofing,
321,Pittsburgh Branch,2295 Preble Avenue,Pittsburgh,PA,15233,UNITED STATES,40.4611369,-80.0349104,(412) 321-8987,7:00 AM - 3:30 PM,,America/New_York,Residential roofing; Siding; Commercial roofing; Metal roofing,https://locations.qxo.com/PA/Pittsburgh/Pittsburgh-PA-15233
351,QUAKERTOWN BRANCH,200 COMMERCE DRIVE,QUAKERTOWN,PA,18951-3743,UNITED STATES,40.440185,-75.3841186,(215) 538-2333,7:00 AM - 4:00 PM,,America/New_York,Siding; Residential roofing; Commercial roofing; Metal roofing,https://locations.qxo.com/PA/Quakertown/Quakertown-PA-18951/351
303,READING BRANCH,530 MORGANTOWN ROAD,READING,PA,19611,UNITED STATES,40.3159817,-75.9255475,(610) 375-8464,7:00 AM - 4:00 PM,,America/New_York,Residential roofing; Siding; Commercial roofing; Metal roofing,https://locations.qxo.com/PA/Reading/Reading-PA-19611/303
315,STATE COLLEGE BRANCH,350 STRUBLE ROAD,STATE COLLEGE,PA,16801,UNITED STATES,40.8242208,-77.8068702,(814) 308-5001,7:00 AM - 4:00 PM,,America/New_York,Residential roofing; Siding; Commercial roofing; Metal roofing,https://locations.qxo.com/PA/State-College/State-College-PA-16801/315
350,WARMINSTER BRANCH,56 ASH CIRCLE,WARMINSTER,PA,18974-4800,UNITED STATES,40.1895529,-75.0936827,(215) 672-1400,7:00 AM - 4:00 PM,,America/New_York,Siding; Residential roofing; Commercial roofing,https://locations.qxo.com/PA/Warminster/Warminster-PA-18974/350
328,Washington Branch,2121 W. Chestnut Street,Washington,PA,15301,UNITED STATES,40.1635856,-80.2867244,(724) 503-1110,7:00 AM - 3:30 PM,,America/New_York,Residential roofing; Siding; Commercial roofing; Metal roofing,https://locations.qxo.com/PA/Washington/Washington-PA-15301/328
354,West Chester,823 Lincoln Avenue,West Chester,PA,19380-4435,UNITED STATES,39.9729127,-75.5923458,(610) 883-5002,7:00 AM - 4:00 PM,,America/New_York,Residential roofing; Siding; Commercial roofing; Metal roofing,https://locations.qxo.com/PA/West-Chester/West-Chester-PA-19380/354
324,West Mifflin Branch,1200 Lebanon Road Suite 240,West Mifflin,PA,15122,UNITED STATES,40.3583741,-79.9358188,(412) 326-0552,7:00 AM - 3:30 PM,,America/New_York,Residential roofing; Siding; Commercial roofing; Metal roofing,https://locations.qxo.com/PA/West-Mifflin/West-Mifflin-PA-15122/324
314,York Branch,3336 Concord Road,York,PA,17402,UNITED STATES,39.9842839,-76.6642217,(717) 751-6001,7:00 AM - 4:00 PM,,America/New_York,Commercial roofing; Residential roofing; Siding; Metal roofing,https://locations.qxo.com/PA/York/York-PA-17402/314
7718,Boucherville,1465 Rue Graham Bell,Boucherville,QC,J4B 6A1,CANADA,45.56298162874515,-73.42711801957945,(579) 900-2777,6:30 AM - 4:30 PM,,,,
704,Delson Branch,311 Chemin St. Francois Xavier,Delson,QC,J5B 1X8,CANADA,45.3693954,-73.5397429,(450) 635-2583,6:30 AM - 4:30 PM,,,Commercial roofing; Residential roofing; Waterproofing,
715,Laval Branch,4885 Autoroute 440 Suite 100,Laval,QC,H7P 5P9,CANADA,45.5579058,-73.8027296,(450) 688-8227,6:30 AM - 4:30 PM,,,Residential roofing; Commercial roofing,
701,Montreal Branch,13145 Prince Arthur,Montreal,QC,H1A 1A9,CANADA,45.65876822,-73.51369023,(514) 642-8691,6:30 AM - 4:30 PM,,,Commercial roofing; Residential roofing; Metal roofing,
711,Montreal,13145 Prince Arthur,Montreal,QC,H1A 1A9,CANADA,45.65876822,-73.51369023,(450) 966-4611,6:30 AM - 4:30 PM,,,,
702,Quebec Branch,"2375, Rue Watt",Quebec,QC,G1P 3X2,CANADA,46.7909662,-71.2944351,(418) 654-9161,6:30 AM - 4:30 PM,,,Commercial roofing; Residential roofing; Waterproofing,
705,Trois Rivieres Branch,12000 Boul. Louis-Loranger,Trois-Rivieres,QC,G9B 0N6,CANADA,46.3414104,-72.6353814,(819) 377-1888,6:30 AM - 4:30 PM,,,Commercial roofing; Residential roofing; Metal roofing,https://locations.qxo.com/Quebec/TROIS-RIVIERES/TROIS-RIVIERES-Quebec-G9B-0N6/705
5,Cranston Branch,730 Wellington Avenue,Cranston,RI,02910,UNITED STATES,41.7698689,-71.4276172,(401) 467-8870,7:00 AM - 4:00 PM,,America/New_York,Commercial roofing; Residential roofing; Siding; Metal roofing,https://locations.becn.com/MA/Easton/Easton-MA-02375
416,Charleston Branch,2240 Technical Parkway,Charleston,SC,29406,UNITED STATES,32.9111258,-80.03107,(843) 572-7400,7:00 AM - 4:00 PM,,America/New_York,Siding; Residential roofing; Metal roofing; Commercial roofing,
407,Columbia Branch,725 Mauney Drive,Columbia,SC,29201,UNITED STATES,33.9567202,-80.9904653,(803) 748-7774,7:00 AM - 4:00 PM,,America/New_York,Residential roofing; Siding; Commercial roofing; Metal roofing,https://locations.becn.com/SC/Columbia/Columbia-SC-29072/407/Commercial-Products
447,Columbia Branch,1240 Atlas Road,Columbia,SC,29209-2451,UNITED STATES,33.9565074,-80.9533791,(803) 799-7055,7:00 AM - 4:00 PM,,America/New_York,Residential roofing; Commercial roofing; Siding; Metal roofing,https://locations.qxo.com/SC/Columbia/Columbia-SC-29209/447
410,GREENVILLE SC BRANCH,2514 NEW EASLEY HWY.,GREENVILLE,SC,29611,UNITED STATES,35.5373681,-77.4166305,(864) 220-0720,7:00 AM - 4:00 PM,,America/New_York,Residential roofing; Commercial roofing; Siding; Metal roofing,https://locations.qxo.com/SC/Greenville/Greenville-SC-29611/410
446,Hanahan Branch,906 Commerce Cir,Hanahan,SC,29410-3002,UNITED STATES,32.907411,-79.9828243,(843) 751-4925,7:00 AM - 4:00 PM,,America/New_York,Residential roofing; Commercial roofing; Siding; Metal roofing,
430,Myrtle Beach Branch,1090 Tidewater Road,Myrtle Beach,SC,29579,UNITED STATES,33.7272815,-78.9274541,(843) 582-0657,7:00 AM - 4:00 PM,,America/New_York,Residential roofing; Siding; Commercial roofing; Metal roofing,
1776,North Charleston - Waterproofing,7635 Southrail Rd. Suite 102,North Charleston,SC,29420-9001,UNITED STATES,32.93864843733098,-80.06358275,(854) 300-9516,7:00 AM - 4:00 PM,,America/New_York,Waterproofing,
1406,Greenville Branch,34 Construction Drive,Piedmont,SC,29673,UNITED STATES,34.76654074,-82.42657714,(864) 299-0055,,,America/New_York,,
445,Simpsonville Branch,2932 Grandview Dr,Simpsonville,SC,29680-6218,UNITED STATES,34.7407378,-82.2760242,(864) 881-4009,7:30 AM - 4:00 PM,,America/New_York,Residential roofing; Siding; Commercial roofing,
432,Spartanburg Branch,2220 S Pine Street,Spartanburg,SC,29302,UNITED STATES,34.930343,-81.890973,(864) 342-6023,7:00 AM - 4:00 PM,,America/New_York,Residential roofing; Siding; Commercial roofing; Metal roofing,
692,Rapid City Branch,1331 Jess St,Rapid City,SD,57703-1701,UNITED STATES,44.0823394,-103.1890851,(605) 341-3085,8:00 AM - 4:00 PM,,America/Chicago,Residential roofing; Commercial roofing; Siding; Metal roofing,
742,SASKATOON BRANCH,36 CAPITAL CIRCLE RM OF CORMAN PARK NO. 344,SASKATOON,SK,S7R 0H4,CANADA,52.19456628308623,-106.6961719,(306) 242-7577,7:30 AM - 4:00 PM,,,Residential roofing; Commercial roofing,
428,Chattanooga Branch,2500 East Main Street,Chattanooga,TN,37404,UNITED STATES,35.0223782,-85.271358,(423) 624-2672,7:00 AM - 5:00 PM,,America/Chicago,Residential roofing; Commercial roofing; Siding; Metal roofing,https://locations.qxo.com/TN/Chattanooga/Chattanooga-TN-37404/428
437,Clarksville Branch,819 Power St.,Clarksville,TN,37042,UNITED STATES,36.5495859,-87.3876624,(931) 552-5475,7:00 AM - 4:00 PM,,America/Chicago,Residential roofing; Siding; Commercial roofing,https://locations.qxo.com/TN/Clarksville/Clarksville-TN-37042/437
460,Cookeville Branch,149 Old Gainesboro Hwy,Cookeville,TN,38501-8940,UNITED STATES,36.24548099624448,-85.6136067,(931) 268-2098,7:00 AM - 4:00 PM,,America/Chicago,Residential roofing; Siding; Commercial roofing; Metal roofing,
1401,JACKSON BRANCH,2252 HWY 70 E.,JACKSON,TN,38305-9534,UNITED STATES,35.689661206210985,-88.73398019,(731) 574-0746,7:00 AM - 4:00 PM,,America/Chicago,Residential roofing; Commercial roofing; Siding; Metal roofing,https://locations.qxo.com/TN/Jackson/Jackson-TN-38305-1401
427,Knoxville Branch,540 W Baxter Avenue,Knoxville,TN,37921-6845,UNITED STATES,35.9776747,-83.9332906,(865) 546-6464,7:00 AM - 4:00 PM,,America/Chicago,Residential roofing; Siding; Commercial roofing; Metal roofing,
438,Lavergne Branch,1610 Corporate Pl.,Lavergne,TN,37086,UNITED STATES,36.0163872,-86.6044861,(615) 641-7711,7:00 AM - 4:30 PM,,America/Chicago,Commercial roofing; Residential roofing; Siding; Metal roofing,
1402,Lebanon Branch,312 Babb Dr.,Lebanon,TN,37087-2510,UNITED STATES,36.22897369092102,-86.32332426,(629) 306-4320,,,America/Chicago,Residential roofing; Siding; Commercial roofing; Metal roofing,https://locations.qxo.com/TN/Lebanon/Lebanon-TN-37087-1402
441,MEMPHIS BRANCH,1810 GETWELL,MEMPHIS,TN,38111-7000,UNITED STATES,35.0820261,-89.9303929,(901) 866-7663,6:30 AM - 4:00 PM,,America/Chicago,Residential roofing; Commercial roofing; Siding; Metal roofing,https://locations.qxo.com/TN/Memphis/Memphis-TN-38111/441
733,Memphis - Waterproofing,3365 One Place,Memphis,TN,38116-3511,UNITED STATES,35.05743650903347,-90.01343953,(901) 692-5608,7:00 AM  - 4:30 PM,,America/Chicago,Waterproofing,
440,NASHVILLE BRANCH,1707 RIVER HILLS DRIVE,NASHVILLE,TN,37210-2312,UNITED STATES,36.1647072,-86.714999,(615) 242-7663,7:00 AM - 4:30 PM,,America/Chicago,Residential roofing; Siding; Commercial roofing; Metal roofing,https://locations.qxo.com/TN/Nashville/Nashville-TN-37210/440
436,Nashville Branch,33 Fairfield Ave,Nashville,TN,37210,UNITED STATES,36.1486081,-86.7562505,(615) 244-9378,7:00 AM - 4:30 PM,,America/Chicago,Siding; Residential roofing; Metal roofing; Commercial roofing,https://locations.qxo.com/TN/Nashville/Nashville-TN-37210/436
734,Nashville - Waterproofing,1643 Lebanon Pike Cir,Nashville,TN,37210-3232,UNITED STATES,36.15230577,-86.71563094,(615) 627-2464,7:00 AM - 4:30 PM,,America/Chicago,Waterproofing,
961,Abilene Branch,5447 S 1St St,Abilene,TX,79605,UNITED STATES,32.4522927,-99.7957129,(325) 691-9511,7:00 AM - 4:00 PM,,America/Chicago,Residential roofing; Commercial roofing; Siding; Metal roofing,https://locations.qxo.com/TX/Abilene/Abilene-TX-79605/961
971,Amarillo Branch,7955 S. Osage St.,Amarillo,TX,79118,UNITED STATES,35.12982,-101.81121,(806) 376-9000,,,America/Chicago,Residential roofing; Commercial roofing; Metal roofing; Siding,
611,Austin Branch,3601 Silver Dollar Circle,Austin,TX,78744,UNITED STATES,30.205814,-97.711076,(512) 672-0022,7:00 AM - 4:30 PM,,America/Chicago,Residential roofing; Siding; Commercial roofing; Metal roofing,https://locations.qxo.com/TX/Austin/Austin-TX-78744-611
621,Austin Branch,108 Denson Drive,Austin,TX,78752,UNITED STATES,30.328068757271435,-97.71681142883487,(512) 834-4347,7:00 AM - 4:00 PM,,America/Chicago,,https://locations.qxo.com/TX-Austin/Austin-TX-78753/621
604,BEAUMONT BRANCH,5925 COLLEGE STREET,BEAUMONT,TX,77707,UNITED STATES,30.0672467,-94.1594182,(409) 866-0954,7:00 AM - 4:00 PM,,America/Chicago,Residential roofing; Commercial roofing; Siding; Waterproofing,https://locations.qxo.com/TX/Beaumont/Beaumont-TX-77707/604
468,Brownsville Branch,1600 Alton Gloor Blvd,Brownsville,TX,78526-3916,UNITED STATES,25.980772225079722,-97.48675954,(956) 556-2104,7:00 AM - 4:00 PM,,America/Chicago,Residential roofing; Commercial roofing; Siding,https://locations.qxo.com/TX/Brownsville/Brownsville-TX-78526-468
470,College Station Branch,4100 E State Hwy 21,Bryan,TX,77808-0941,UNITED STATES,30.70252878708825,-96.35376344,(979) 317-4306,7:30 AM - 4:30 PM,,America/Chicago,Residential roofing; Commercial roofing; Siding; Metal roofing,https://locations.qxo.com/TX/Bryan/Bryan-TX-77808-470
633,CORPUS CHRISTI BRANCH,5608 OLD BROWNSVILLE ROAD,CORPUS CHRISTI,TX,78417-9758,UNITED STATES,27.752614,-97.4664086,(800) 981-6493,7:00 AM - 4:30 PM,,America/Chicago,Residential roofing; Commercial roofing; Metal roofing; Siding,
1607,Greenville Branch,2037 Geld St,Caddo Mills,TX,75135,UNITED STATES,33.00397272,-96.225671,(430) 256-0205,7:00 AM - 4:00 PM,,America/Chicago,Residential roofing; Commercial roofing,https://locations.qxo.com/TX/Caddo-Mills/Caddo-Mills-TX-75135/1607
1606,North Conroe Branch,212 N. Loop 336 East,Conroe,TX,77301-1429,UNITED STATES,30.33851704,-95.45241904,(936) 777-8589,7:00 AM - 4:00 PM,,America/Chicago,Residential roofing; Commercial roofing,https://locations.qxo.com/TX/Conroe/Conroe-TX-77301-1606
635,Dallas Branch,2251 Stemmons Trail,Dallas,TX,75220-5329,UNITED STATES,32.8570691,-96.8855353,(214) 358-2600,6:30 AM - 4:00 PM,,America/Chicago,Residential roofing; Commercial roofing; Metal roofing; Siding,https://locations.qxo.com/TX/Dallas/Dallas-TX-75220/635
270,Denton Branch,2419 I-35 Frontage Rd.,Denton,TX,76207,UNITED STATES,33.20748,-97.16579,(940) 435-7938,7:00 AM - 4:00 PM,,America/Chicago,Residential roofing; Commercial roofing; Siding; Metal roofing,
605,Pharr Branch,1702 S Expressway 281,Edinburg,TX,78542-7203,UNITED STATES,26.2831334,-98.149039,(956) 787-5766,7:00 AM - 4:30 PM,,America/Chicago,Residential roofing; Commercial roofing; Siding; Metal roofing,https://locations.qxo.com/TX/Edinburg/Edinburg-TX-78542/605
627,El Paso Branch,6907 Commerce Avenue,El Paso,TX,79915-1101,UNITED STATES,31.7737364,-106.3856119,(915) 781-0202,6:30 AM - 3:00 PM,,America/Chicago,Residential roofing; Commercial roofing; Siding; Metal roofing,
968,FT. WORTH ROOFING BRANCH,5328 E LANCASTER AVE,FT. WORTH,TX,76112,UNITED STATES,32.7385913,-97.2395817,(817) 446-7504,7:00 AM - 3:00 PM,,America/Chicago,Residential roofing; Siding; Commercial roofing; Metal roofing,
1604,Frisco Branch,6811 Ash Street,Frisco,TX,75034,UNITED STATES,33.14774784883984,-96.82724304,(469) 888-8063,7:00 AM - 4:00 PM,,America/Chicago,Residential roofing; Siding; Commercial roofing,https://locations.qxo.com/TX/Frisco/Frisco-TX-75034-1604
469,Georgetown Branch,2555 S Ih 35 Frontage Rd,Georgetown,TX,78628-0901,UNITED STATES,30.686808842598598,-97.66417078,(737) 738-5160,7:00 AM - 4:00 PM,,America/Chicago,Residential roofing; Siding; Commercial roofing; Metal roofing,https://locations.qxo.com/TX/Georgetown/Georgetown-TX-78628-469
976,Grand Prairie Branch,104 E Trinity Blvd.,Grand Prairie,TX,75050,UNITED STATES,32.7988717,-97.0037659,(972) 263-8190,6:00 AM - 5:00 PM,,America/Chicago,Residential roofing; Commercial roofing; Siding; Metal roofing,
601,Highway 6 Branch,9335 Highway 6 North,Houston,TX,77095,UNITED STATES,29.9154784,-95.6225127,(281) 463-7575,7:00 AM - 4:30 PM,,America/Chicago,,https://locations.qxo.com/TX/Houston/Houston-TX-77095/601/Commercial-Products
1601,Houston South Loop Branch,6969 Ardmore St,Houston,TX,77054-2308,UNITED STATES,29.6962596,-95.37732004,(346) 586-0870,7:00 AM - 4:00 PM,,America/Chicago,Residential roofing; Commercial roofing,https://locations.qxo.com/TX/Houston/Houston-TX-77054/1601
603,Gulf Freeway Branch,14950 Gulf Freeway,Houston,TX,77034,UNITED STATES,29.589441,-95.189273,(281) 922-4880,7:00 AM - 4:00 PM,7:00 AM  - 12:00 PM,America/Chicago,Residential roofing; Siding; Commercial roofing; Metal roofing,https://locations.qxo.com/TX/Houston/Houston-TX-77034/603
800,Houston Otc,1031 Bammel Rd,Houston,TX,77073-2004,UNITED STATES,30.02251,-95.41455,(936) 441-7727,7:00 AM - 4:00 PM,,America/Chicago,Residential roofing; Siding; Commercial roofing; Metal roofing,
1780,Houston - Waterproofing,1031 Bammel Rd,Houston,TX,77073-2004,UNITED STATES,30.02251,-95.41455,(346) 839-0500,7:00 AM - 4:00 PM,,America/Chicago,Waterproofing,https://locations.qxo.com/TX/Houston/Houston-TX-77073/1780
1781,Irving - Waterproofing,300 N. Britain Rd,Irving,TX,75061,UNITED STATES,32.81625595000753,-96.94187682,(469) 299-9060,7:00 AM - 4:00 PM,,America/Chicago,Waterproofing,https://locations.qxo.com/TX/Irving/Irving-TX-75061/1781
622,Katy Branch,608 Pederson Rd.,Katy,TX,77494-1704,UNITED STATES,29.784384,-95.882838,(281) 769-1500,7:00 AM - 4:00 PM,,America/Chicago,Residential roofing; Siding; Commercial roofing; Metal roofing,https://locations.qxo.com/TX/Katy/Katy-TX-77494/622
474,Killeen Branch,2305 South Fort Hood St.,Killeen,TX,76542-2316,UNITED STATES,31.09531512505048,-97.7548885,(254) 952-5018,7:30 AM - 4:30 PM,,America/Chicago,Residential roofing; Commercial roofing; Siding; Metal roofing,https://locations.qxo.com/TX/Killeen/Killeen-Texas-76542-474
473,Longview Branch,3995 C Whitehurst Drive,Longview,TX,75602-6995,UNITED STATES,32.462032679822784,-94.66319932,(903) 803-3912,7:30 AM - 4:00 PM,,America/Chicago,Residential roofing; Commercial roofing; Siding; Metal roofing,https://locations.qxo.com/TX/Longview/Longview-TX-75602-473
464,Lubbock Branch,3208 Oberlin Ave,Lubbock,TX,79415-1404,UNITED STATES,33.61688565795943,-101.8846345,(806) 404-0171,7:00 AM - 4:00 PM,,America/Chicago,Residential roofing; Commercial roofing; Metal roofing; Siding,https://locations.qxo.com/TX/Lubbock/Lubbock-TX-79415-464
1605,Lufkin Branch,2120 Raguet Street,Lufkin,TX,75904,UNITED STATES,31.35505322095437,-94.74890336,(936) 229-3608,7:00 AM - 4:00 PM,,America/Chicago,Residential roofing; Commercial roofing,https://locations.qxo.com/TX/Lufkin/Lufkin-TX-75904/1605
965,Mckinney Branch,1602 Lavon Dr.,Mckinney,TX,75069,UNITED STATES,33.1797954,-96.609126,(972) 542-4455,7:00 AM - 4:30 PM,,America/Chicago,Residential roofing; Siding; Commercial roofing; Metal roofing,https://locations.qxo.com/TX/McKinney/McKinney-TX-75069-965
972,Odessa Branch,11210 W County Road 72,Midland,TX,79707-4401,UNITED STATES,31.98647334836116,-102.2518924,(432) 561-5943,7:30 AM - 4:00 PM,,America/Chicago,Residential roofing; Commercial roofing; Siding; Metal roofing,https://locations.qxo.com/TX/Midland/Midland-TX-79707/972
1603,Midlothian Branch,4311 N. Us Hwy 67 Midlothian Logisticsctr Bldg2,Midlothian,TX,76065,UNITED STATES,32.531570758839955,-96.97750695,(469) 537-7092,7:00 AM - 4:00 PM,,America/Chicago,Residential roofing; Commercial roofing; Siding; Waterproofing,https://locations.qxo.com/TX/Midlothian/Midlothian-TX-76065-1603
620,North San Antonio Branch,7067 Heuermann Rd.,San Antonio,TX,78256,UNITED STATES,29.6370521,-98.6211569,(210) 598-5634,7:00 AM - 5:00 PM,,America/Chicago,Residential roofing; Siding; Commercial roofing; Metal roofing,
632,San Antonio Branch,8727 Lockway Street,San Antonio,TX,78217-4800,UNITED STATES,29.5197974,-98.407029,(210) 650-3460,7:30 AM - 4:30 PM,,America/Chicago,Commercial roofing; Residential roofing; Siding; Metal roofing,
248,San Marcos Branch,5602 Central Texas Drive,San Marcos,TX,78666,UNITED STATES,29.81503,-98.00585,(737) 221-3735,7:00 AM - 4:00 PM,,America/Chicago,Commercial roofing; Residential roofing; Metal roofing; Siding,https://locations.qxo.com/TX/San-Marcos/San-Marcos-TX-78666/248
412,Sherman Branch,3601 N. Travis Street,Sherman,TX,75092-4005,UNITED STATES,33.668627043709584,-96.61669631,(430) 262-5060,7:00 AM - 4:00 PM,,America/Chicago,Residential roofing; Commercial roofing; Siding; Metal roofing,https://locations.qxo.com/TX/Sherman/Sherman-TX-75092-412
608,Stafford Branch,13246 Murphy Rd Suite 100,Stafford,TX,77477,UNITED STATES,29.6298997,-95.565177,(281) 499-7500,7:00 AM - 4:00 PM,,America/Chicago,Residential roofing; Siding; Commercial roofing; Metal roofing,https://locations.qxo.com/TX/Stafford/Stafford-TX-77477/608
1602,Terrell Branch,105 Metro Dr,Terrell,TX,75160-9105,UNITED STATES,32.73575570884158,-96.32177979,(972) 210-2102,7:00 AM - 4:00 PM,,America/Chicago,Residential roofing; Siding; Commercial roofing,https://locations.qxo.com/TX/Terrell/Terrell-TX-75160-1602
973,Tyler Branch,5580 American Legion Rd.,Tyler,TX,75708,UNITED STATES,32.38654639,-95.2630278,(903) 525-6297,,,America/Chicago,Residential roofing; Commercial roofing; Siding; Metal roofing,https://locations.qxo.com/TX/Tyler/Tyler-TX-75708/973
969,Waco Branch,6801 Imperial Dr.,Waco,TX,76712,UNITED STATES,31.502856,-97.1895739,(254) 741-1010,7:00 AM - 4:00 PM,,America/Chicago,Residential roofing; Commercial roofing; Siding; Metal roofing,
472,West Ft. Worth Branch,1650 S. Cherry Lane,White Settlement,TX,76108-3625,UNITED STATES,32.74270414,-97.45302392,(682) 900-7344,7:00 AM - 4:00 PM,,America/Chicago,,https://locations.qxo.com/TX/White-Settlement/White-Settlement-TX-76108-472
249,Wichita Falls Branch,2905 Seymour Hwy,Wichita Falls,TX,76301-1802,UNITED STATES,33.909078001539484,-98.52367746,(940) 767-1447,7:00 AM - 4:00 PM,,America/Chicago,Residential roofing; Siding; Commercial roofing; Metal roofing,https://locations.qxo.com/TX/Falls/Wichita/Wichita-Falls-TX-76301-249
175,Salt Lake City Branch,4700 S Riverside Dr,Murray,UT,84123-3617,UNITED STATES,40.6701472,-111.9065104,(801) 261-8888,7:00 AM - 4:00 PM,,America/Denver,Residential roofing; Commercial roofing; Siding; Metal roofing,
176,Ogden Branch,1631 W. 2550 S.,Ogden,UT,84401-3245,UNITED STATES,41.2189704,-112.0187602,(801) 394-7663,8:00 AM - 4:00 PM,,America/Denver,Residential roofing; Commercial roofing; Siding; Metal roofing,
628,Provo Branch,585 S University Ave,Provo,UT,84601-4528,UNITED STATES,40.2260772,-111.6581365,(801) 373-5650,7:00 AM - 5:00 PM,7:00 AM - 11:00 AM,America/Denver,Residential roofing; Commercial roofing; Siding; Metal roofing,
178,Salt Lake City Brn,2114 S. 400 W.,So Salt Lake City,UT,84115-2502,UNITED STATES,40.7247177,-111.9025979,(801) 467-4900,7:00 AM - 4:00 PM,,America/Denver,Residential roofing; Commercial roofing; Siding; Metal roofing,https://locations.qxo.com/UT/Salt-Lake-City/Salt-Lake-City-UT-84115/178
2301,Salt Lake City - Waterproofing,2234 South 5900 West Suite 600,West Valley,UT,84128-6437,UNITED STATES,40.72317229,-112.0330585,(801) 975-0672,7:00 AM - 4:00 PM,,America/Denver,Waterproofing,
179,Salt Lake City - Waterproofing,2371 South 3600 West,West Valley City,UT,84119,UNITED STATES,40.71924,-111.976851,(801) 410-4345,7:00 AM  - 4:00 PM,,America/Denver,Waterproofing,
504,Alexandria Branch,5900 Farrington Avenue,Alexandria,VA,22304,UNITED STATES,38.7991093,-77.1371014,(703) 941-6400,7:00 AM - 4:00 PM,,America/New_York,Residential roofing; Commercial roofing; Siding; Metal roofing,https://locations.qxo.com/VA/Alexandria/Alexandria-VA-22304/504
1684,Richmond - Waterproofing,11152 Leadbetter Rd,Ashland,VA,23005-3400,UNITED STATES,37.70888692176527,-77.44198519,(804) 292-2751,6:30 AM - 4:30 PM,,America/New_York,Waterproofing,
448,Ashland Branch,10991 Richardson Rd,Ashland,VA,23005-3512,UNITED STATES,37.6982806,-77.4412429,(804) 585-3069,7:00 AM - 4:30 PM,,America/New_York,Residential roofing; Commercial roofing; Siding; Metal roofing,https://locations.qxo.com/VA/Ashland/Ashland-VA-23005/448
462,CHESAPEAKE BRANCH,1800 S MILITARY HWY,CHESAPEAKE,VA,23320-2614,UNITED STATES,36.7869226,-76.2483292,(757) 420-1372,7:00 AM - 4:00 PM,,America/New_York,Residential roofing; Siding; Metal roofing; Commercial roofing,https://locations.qxo.com/VA/Chesapeake/Chesapeake-VA-23320/462
517,Charlottesville Branch,1738 Scottsville Road,Charlottesville,VA,22902,UNITED STATES,37.9889797,-78.5012096,(434) 295-0442,7:00 AM - 4:00 PM,,America/New_York,Residential roofing; Siding; Metal roofing; Commercial roofing,https://locations.qxo.com/VA/Charlottesville/Charlottesville-VA-22902/517
515,Fredericksburg Branch,41 Joseph Mills Drive,Fredericksburg,VA,22408,UNITED STATES,38.2768508,-77.4466219,(540) 368-0018,7:00 AM - 3:00 PM,,America/New_York,Residential roofing; Siding; Commercial roofing; Metal roofing,https://locations.qxo.com/VA/Fredericksburg/Fredericksburg-VA-22408/515
414,Hampton Branch,325 E Street,Hampton,VA,23661-1209,UNITED STATES,37.013151286913214,-76.41054854,(757) 732-0267,7:00 AM - 4:00 PM,,America/New_York,Residential roofing; Siding; Commercial roofing; Metal roofing,https://locations.qxo.com/VA/Hampton/Hampton-VA-23661-414
516,Harrisonburg Branch,566 Belle Circle,Harrisonburg,VA,22801,UNITED STATES,38.3837538,-78.9131326,(540) 209-9020,7:00 AM - 4:00 PM,,America/New_York,Residential roofing; Commercial roofing; Siding; Metal roofing,https://locations.qxo.com/VA/Harrisonburg/Harrisonburg-VA-22801/516
505,Manassas North Branch,7891 Notes Drive,Manassas,VA,20109,UNITED STATES,38.790352,-77.542621,(703) 393-9171,7:00 AM - 4:00 PM,,America/New_York,Residential roofing; Siding; Commercial roofing; Metal roofing,https://locations.qxo.com/VA/Manassas/Manassas-VA-20109/505
527,Manassas South Branch,9131 Centreville Rd Ste B,Manassas,VA,20110-5208,UNITED STATES,38.7555217,-77.4620405,(703) 393-6815,7:00 AM - 4:00 PM,,America/New_York,Residential roofing; Siding; Commercial roofing; Metal roofing,https://locations.qxo.com/VA/Manassas/Manassas-VA-20110/527
423,Norfolk Branch,1301 Production Road,Norfolk,VA,23502,UNITED STATES,36.858701,-76.24496,(757) 852-9073,7:00 AM - 4:30 PM,,America/New_York,Commercial roofing; Residential roofing; Siding; Metal roofing,https://locations.qxo.com/VA/Norfolk/Norfolk-VA-23502/423
461,Richmond Branch,2701 Bells Rd,Richmond,VA,23234-2603,UNITED STATES,37.4731642,-77.4467116,(804) 233-6200,7:00 AM - 4:00 PM,,America/New_York,Residential roofing; Siding; Commercial roofing; Metal roofing,https://locations.qxo.com/VA/Richmond/Richmond-VA-23234/461
409,Roanoke Branch,1830 Blue Hills Drive,Roanoke,VA,24012-8606,UNITED STATES,37.3096249,-79.8994139,(540) 265-4241,7:00 AM - 4:00 PM,,America/New_York,Residential roofing; Siding; Commercial roofing; Metal roofing,https://locations.qxo.com/VA/Roanoke/Roanoke-VA-24012/409
408,Sandston Branch,100 Lumber Drive,Sandston,VA,23150,UNITED STATES,37.5301959,-77.315436,(804) 328-5082,7:00 AM - 4:00 PM,,America/New_York,Residential roofing; Commercial roofing; Siding; Metal roofing,https://locations.qxo.com/VA/Sandston/Sandston-VA-23150/408
1681,Springfield - Waterproofing,7904 Yarnwood Ct,Springfield,VA,22153-2856,UNITED STATES,38.74507088,-77.20059385,(703) 565-2554,,,America/New_York,Waterproofing,
1682,VIRGINIA BEACH BRANCH,5921 THURSTON AVE SUITE 500,VIRGINIA BEACH,VA,23455-3308,UNITED STATES,36.893560706248834,-76.18795549325328,(757) 347-8963,6:30 AM - 4:30 PM,,America/New_York,Waterproofing,
450,Williamsburg Branch,4551 John Tyler Highway,Williamsburg,VA,23185-2453,UNITED STATES,37.2529384,-76.7626716,(757) 903-0360,7:00 AM - 4:00 PM,,America/New_York,Residential roofing; Siding; Commercial roofing; Metal roofing,https://locations.qxo.com/VA/Williamsburg/Williamsburg-VA-23188/450
514,Winchester Branch,399 Lenoir Drive,Winchester,VA,22603,UNITED STATES,39.2141239,-78.1508314,(540) 678-9927,7:00 AM - 4:00 PM,,America/New_York,Residential roofing; Siding; Metal roofing; Commercial roofing,https://locations.qxo.com/Va/Winchester/Winchester-VA-22603/514
14,WILLISTON BRANCH,391 BOYER CIRCLE,WILLISTON,VT,05495,UNITED STATES,44.444916,-73.133069,(802) 497-3289,7:00 AM - 4:00 PM,,America/New_York,Residential roofing; Metal roofing; Commercial roofing; Siding,https://locations.qxo.com/VT/Williston/Williston-VT-05495-014
2602,Bellingham Branch,1968 Midway Lane,Bellingham,WA,98226,UNITED STATES,48.78563861459199,-122.4519343,(360) 483-5060,7:00 AM - 4:00 PM,,America/Los_Angeles,Residential roofing; Metal roofing; Commercial roofing; Siding,https://locations.qxo.com/WA/Bellingham/Bellingham-WA-98226-2602
2601,Centralia Branch,2000 North Park Dr,Centralia,WA,98531,UNITED STATES,46.73922063,-122.9990694,(360) 807-5020,7:00 AM - 4:00 PM,,America/Los_Angeles,Residential roofing; Commercial roofing; Siding,https://locations.qxo.com/WZ/Centralia/Centralia-WA-98531/2601
158,Wenatchee Branch,5534 Baker Flats Rd,E. Wenatchee,WA,98802-9514,UNITED STATES,47.4934597,-120.3017402,(509) 886-7663,7:00 AM - 4:00 PM,,America/Los_Angeles,Residential roofing; Metal roofing; Commercial roofing; Siding,
659,EDMONDS BRANCH,7100 212TH ST SW,EDMONDS,WA,98026-7732,UNITED STATES,47.8060305,-122.3293984,(425) 776-4600,7:00 AM - 4:00 PM,,America/Los_Angeles,,https://locations.qxo.com/WA/Edmonds/Edmonds-WA-98026/659
153,Everett Branch,12807 Hwy 99 South,Everett,WA,98204-6226,UNITED STATES,47.8813243,-122.2645076,(425) 355-7300,7:00 AM - 4:00 PM,,America/Los_Angeles,Residential roofing; Commercial roofing; Siding; Metal roofing,https://locations.qxo.com/WA/everett/everett-WA-98204/153
2315,Everett - Waterproofing,10315 Airport Road Ste 101,Everett,WA,98204-3539,UNITED STATES,47.90451484205192,-122.2680368,(425) 320-4056,6:30 AM - 3:30 PM,,America/Los_Angeles,Waterproofing,
664,Kent Branch,19130 84Th Ave S,Kent,WA,98032-1207,UNITED STATES,47.4302365,-122.2274482,(253) 872-4400,7:00 AM - 4:00 PM,,America/Los_Angeles,Residential roofing; Commercial roofing; Siding; Metal roofing,https://locations.qxo.com/WA/Kent/Kent-WA-98032/664
795,Lakewood - Waterproofing,"4823 95Th St.Sw. Bldg 7,Ste B",Lakewood,WA,98499,UNITED STATES,47.1715549,-122.5011818,(253) 983-8882,6:30 AM - 3:30 PM,,America/Los_Angeles,Waterproofing,
154,Mt Vernon Branch,120 South Wall,Mt Vernon,WA,98273-3253,UNITED STATES,48.4210832,-122.3458503,(360) 336-2500,7:00 AM - 4:00 PM,,America/Los_Angeles,Residential roofing; Metal roofing; Commercial roofing; Siding,https://locations.qxo.com/WA/Mount-Vernon/Mount-Vernon-WA-98273/154
157,Pasco Branch,1404 E. Lewis,Pasco,WA,99301-4309,UNITED STATES,46.2335171,-119.0783461,(509) 543-7663,7:00 AM - 4:00 PM,,America/Los_Angeles,Residential roofing; Commercial roofing; Metal roofing; Siding,https://locations.qxo.com/WA/Pasco/Pasco-WA-99301/157
171,SPOKANE VALLEY BRANCH,7011 E MISSION AVE,SPOKANE VALLEY,WA,99212-1198,UNITED STATES,47.6714385,-117.310158,(509) 891-8802,7:00 AM - 4:00 PM,,America/Los_Angeles,Residential roofing; Commercial roofing; Siding; Metal roofing,https://locations.qxo.com/WA/Spokane-Valley/Spokane-Valley-WA-99212/171
170,Seattle Branch,7901 1St Ave South,Seattle,WA,98108-4201,UNITED STATES,47.5315875,-122.3357157,(206) 624-8881,7:00 AM - 4:00 PM,,America/Los_Angeles,Commercial roofing; Residential roofing; Siding; Metal roofing,https://locations.qxo.com/WA/Seattle/Seattle-WA-98108/170
792,Seattle - Waterproofing,611 S. Charlestown St.,Seattle,WA,98108,UNITED STATES,47.5694733,-122.3257919,(206) 623-4697,6:30 AM - 3:30 PM,,America/Los_Angeles,Waterproofing,
155,Snohomish Branch,1428 Bonneville Ave,Snohomish,WA,98290-1745,UNITED STATES,47.9295478,-122.1051814,(360) 568-7663,7:00 AM - 4:00 PM,,America/Los_Angeles,Residential roofing; Siding; Metal roofing; Commercial roofing,https://locations.qxo.com/WA/Snohomish/Snohomish-WA-98290/155
661,Tacoma Branch,2015 112Th St S,Tacoma,WA,98444,UNITED STATES,47.1566835,-122.4646646,(253) 588-6604,7:00 AM - 4:00 PM,,America/Los_Angeles,Residential roofing; Siding; Metal roofing; Commercial roofing,https://locations.qxo.com/WA/Tacoma/Tacoma-WA-98444/661
169,Vancouver Branch,11000 N.E. 34Th Circle,Vancouver,WA,98682-8714,UNITED STATES,45.647039,-122.560157,(360) 260-2600,7:00 AM - 4:00 PM,,America/Los_Angeles,Commercial roofing; Residential roofing; Siding; Metal roofing,https://locations.qxo.com/WA/Vancouver/Vancouver-WA-98682-8714/169
665,Woodinville Branch,14390 Ne 200Th St,Woodinville,WA,98072-8469,UNITED STATES,47.7727914,-122.14818,(425) 487-1166,7:00 AM - 4:00 PM,,America/Los_Angeles,Residential roofing; Siding; Metal roofing; Commercial roofing,https://locations.qxo.com/WA/Woodinville/Woodinville-WA-98072/665
226,Eau Claire Branch,2520 Davey St,Eau Claire,WI,54703-0386,UNITED STATES,44.8664276,-91.4737597,(715) 831-0855,7:30 AM  - 3:30 PM,,America/Chicago,Residential roofing; Siding; Commercial roofing; Metal roofing,https://locations.qxo.com/WI/Eau-Claire/Eau-Claire-WI-54703/226
240,Appleton Branch,860 East Line Road,Kaukauna,WI,54130,UNITED STATES,44.30291,-88.2556906,(920) 690-2057,7:30 AM  - 3:30 PM,,America/Chicago,,https://locations.qxo.com/Kaukauna-WI-54130/240
1205,La Crosse Branch,1809 Saint James St,La Crosse,WI,54603,UNITED STATES,43.83750749007506,-91.23079649,(720) 639-9804,7:30 AM  - 3:30 PM,,America/Chicago,Residential roofing; Siding; Commercial roofing,https://locations.qxo.com/WI/La-Crosse/Lacrosse-WI-54603-1205
227,Madison Branch,2918 Agriculture Dr,Madison,WI,53718-6770,UNITED STATES,43.0555212,-89.2918688,(608) 467-0046,7:30 AM  - 3:30 PM,,America/Chicago,Residential roofing; Siding; Commercial roofing; Metal roofing,https://locations.qxo.com/WI/Madison/Madison-WI-53718/227
224,New Berlin Branch,15905 W Ryerson Rd,New Berlin,WI,53151-3621,UNITED STATES,42.990887,-88.112577,(262) 785-9904,6:30 AM  - 4:00 PM,,America/Chicago,Residential roofing; Siding; Commercial roofing; Metal roofing,https://locations.qxo.com/WI/New-Berlin/New-Berlin-WI-53151/224
1203,Wausau Branch,903 South 60Th Street,Wausau,WI,54401-8422,UNITED STATES,44.94984928579247,-89.70831709,(715) 203-4093,7:30 AM  - 3:30 PM,,America/Chicago,Residential roofing; Siding; Commercial roofing; Metal roofing,https://locations.qxo.com/WI/Wausau/Wausau-WI-54401-1203
360,West Bend Branch,2805 E. Progress Drive,West Bend,WI,53095-5720,UNITED STATES,43.38597605956071,-88.16360126,(262) 357-3501,7:30 AM  - 3:30 PM,,America/Chicago,Residential roofing; Siding; Commercial roofing; Metal roofing,https://locations.qxo.com/WI/West-Bend/West-Bend-WI-53095-360
243,Charleston Branch,1616 Pennsylvania Ave.,Charleston,WV,25302,UNITED STATES,38.3608865,-81.6204372,(304) 342-0571,7:00 AM - 4:00 PM,,America/New_York,Residential roofing; Commercial roofing; Siding; Metal roofing,https://locations.qxo.com/WV/Charleston/Charleston-WV-25302/243
334,Clarksburg Branch,761 Armory Rd.,Clarksburg,WV,26301,UNITED STATES,39.262017,-80.362964,(800) 586-6598,7:00 AM - 3:30 PM,,America/New_York,Residential roofing; Commercial roofing; Siding; Metal roofing,https://locations.becn.com/WV/Clarksburg/Clarksburg-WV-26301/334
241,Huntington Branch,"618 5Th Street, West",Huntington,WV,25701,UNITED STATES,38.413975,-82.462194,(304) 523-5500,7:00 AM - 3:30 PM,,America/New_York,Commercial roofing; Residential roofing; Siding; Metal roofing,https://locations.qxo.com/WV/Huntington/Huntington-WV-25701/241/Commercial-Products
336,Parkersburg Branch,9894 Dupont Road,Washington,WV,26181,UNITED STATES,39.2490306,-81.6826865,(877) 489-4124,7:00 AM - 3:30 PM,,America/New_York,Residential roofing; Siding; Commercial roofing; Metal roofing,https://locations.qxo.com/WV/Washington/Washington-WV-26181/336
195,Cheyenne Branch,340 N American Road,Cheyenne,WY,82007,UNITED STATES,41.1193108,-104.844103,(307) 634-3352,7:00 AM - 4:30 PM,,America/Denver,Residential roofing; Commercial roofing; Siding; Metal roofing,
194,Casper Branch,5100 Carroll Court,Evansville,WY,82636,UNITED STATES,42.8522413,-106.2517546,(307) 234-7306,8:00 AM - 4:00 PM,,America/Denver,Residential roofing; Commercial roofing; Siding; Metal roofing,
