branch_key,name,brand,address,city,state,zip,latitude,longitude,phone,fax,hours,branch_manager,manager_email,products,detail_url
srs-building-products---bow,SRS BUILDING PRODUCTS - BOW,srs-building-products,91 Dow Road,Bow,NH,03304,43.1535149,-71.5105891,603-602-7888,603-602-8226,"MONDAY - FRIDAY, 7:00 AM TO 4:00 PM",,,Columns and Patio Covers; Gutter Materials; Roofing Products; Siding and Vinyl Shutters; Ventilation Products; Windows; Asphalt Shingles; Cedar Shakes; Coatings & Waterproofing; Commercial Roofing; Decking; Doors; Insulation; Metal Roofing; Simulated & Real Stone Veneers; Skylights; Tools & Equipment; James Hardie Siding; Other Nearby Locations; HUDSON; MEDFORD MA; PORTSMOUTH; SUDBURY; SEND A MESSAGE TO THE BRANCH MANAGER,https://www.srsdistribution.com/en/markets/our-brands/srs-building-products/srs-building-products---bow/
srs-building-products---syracuse,SRS BUILDING PRODUCTS - SYRACUSE,srs-building-products,6713 Pickard Drive,Syracuse,NY,13211,43.0954403,-76.1141331,315-547-4667,315-547-4668,"MONDAY - FRIDAY, 7:30 AM TO 4:30 PM",Steve Drechsler,sdrechsler@blwholesale.com,Columns and Patio Covers; Gutter Materials; Roofing Products; Siding and Vinyl Shutters; Ventilation Products; Windows; Asphalt Shingles; Cedar Shakes; Coatings & Waterproofing; Commercial Roofing; Decking; Doors; Insulation; Metal Roofing; Simulated & Real Stone Veneers; Skylights; Tools & Equipment; James Hardie Siding; Other Nearby Locations; BUFFALO; NORTH BUFFALO; PITTSTON; ROCHESTER; SEND A MESSAGE TO THE BRANCH MANAGER,https://www.srsdistribution.com/en/markets/our-brands/srs-building-products/srs-building-products---syracuse/
srs-building-products---elmhurst,SRS BUILDING PRODUCTS - ELMHURST,srs-building-products,848 N Larch Ave,Elmhurst,IL,60126-1115,41.9255711,-87.9444324,630-832-2803,,"MONDAY - FRIDAY, 6:00 AM TO 4:30 PM",Zack Smith,Zack.Smith@srsbuildingproducts.com,,https://www.srsdistribution.com/en/markets/our-brands/srs-building-products/srs-building-products---elmhurst/
srs-building-products---west-olive,SRS BUILDING PRODUCTS - WEST OLIVE,srs-building-products,15700 Winans Street,West Olive,MI,49460,42.963533,-86.1744999,616-348-7554,616-348-7559,"MONDAY - FRIDAY, 7:00 AM TO 4:30 PM",MICHAEL.TESKE@SRSBUILDINGPRODUCTS.COM,,Columns and Patio Covers; Gutter Materials; Roofing Products; Siding and Vinyl Shutters; Ventilation Products; Windows; Asphalt Shingles; Cedar Shakes; Coatings & Waterproofing; Commercial Roofing; Decking; Doors; Insulation; Metal Roofing; Simulated & Real Stone Veneers; Skylights; Tools & Equipment; James Hardie Siding; Other Nearby Locations; GRAND RAPIDS; KALAMAZOO; SOUTH GRAND RAPIDS; ST JOSEPH; SEND A MESSAGE TO THE BRANCH MANAGER,https://www.srsdistribution.com/en/markets/our-brands/srs-building-products/srs-building-products---west-olive/
srs-building-products---cookeville,SRS BUILDING PRODUCTS - COOKEVILLE,srs-building-products,2221 West Jackson Street,Cookeville,TN,38501,36.1711586,-85.5394123,931-419-6699,931-419-6702,"MONDAY - FRIDAY, 7:00 AM TO 4:30 PM",Brian Dittner,Brian.Dittner@srsbuildingproducts.com,Columns and Patio Covers; Gutter Materials; Roofing Products; Siding and Vinyl Shutters; Ventilation Products; Windows; Asphalt Shingles; Cedar Shakes; Coatings & Waterproofing; Commercial Roofing; Decking; Doors; Insulation; Metal Roofing; Simulated & Real Stone Veneers; Skylights; Tools & Equipment; James Hardie Siding; Other Nearby Locations; BOWLING GREEN; LA VERGNE; NASHVILLE; SRS BUILDING PRODUCTS METAL SHOP – NASHVILLE; SEND A MESSAGE TO THE BRANCH MANAGER,https://www.srsdistribution.com/en/markets/our-brands/srs-building-products/srs-building-products---cookeville/
srs-building-products---waco,SRS BUILDING PRODUCTS - WACO,srs-building-products,415 Enterprise Boulevard,Hewitt,TX,76643,31.4499306,-97.1783571,254-254-6990,254-254-6991,"MONDAY - FRIDAY, 7:00 AM TO 4:30 PM",Garrett Garvelli,Garrett.Garvelli@srsbuildingproducts.com,Columns and Patio Covers; Gutter Materials; Roofing Products; Siding and Vinyl Shutters; Ventilation Products; Windows; Asphalt Shingles; Cedar Shakes; Coatings & Waterproofing; Commercial Roofing; Decking; Doors; Insulation; Metal Roofing; Simulated & Real Stone Veneers; Skylights; Tools & Equipment; James Hardie Siding; Other Nearby Locations; BELTON; COLLEGE STATION; ROUND ROCK; WAXAHACHIE; SEND A MESSAGE TO THE BRANCH MANAGER,https://www.srsdistribution.com/en/markets/our-brands/srs-building-products/srs-building-products---waco/
srs-building-products---houston-lumber,SRS BUILDING PRODUCTS - HOUSTON LUMBER,srs-building-products,8103 Fallbrook Drive,Houston,TX,77064,29.9236797,-95.5274635,346-576-9663,346-576-0022,"MONDAY - FRIDAY, 7:00 AM TO 4:00 PM",Brian Jurica,Brian.Jurica@srsbuildingproducts.com,,https://www.srsdistribution.com/en/markets/our-brands/srs-building-products/srs-building-products---houston-lumber/
srs-building-products---winston-salem,SRS BUILDING PRODUCTS - WINSTON-SALEM,srs-building-products,200 Kapp Street,Winston Salem,NC,27105,36.1506527,-80.2409831,743-219-1844,743-219-1846,"MONDAY - FRIDAY, 7:00 AM TO 4:00 PM",Carol Rousseau,Carol.Rousseau@srsbuildingproducts.com,Columns and Patio Covers; Gutter Materials; Roofing Products; Siding and Vinyl Shutters; Ventilation Products; Windows; Asphalt Shingles; Cedar Shakes; Coatings & Waterproofing; Commercial Roofing; Decking; Doors; Insulation; Metal Roofing; Simulated & Real Stone Veneers; Skylights; Tools & Equipment; James Hardie Siding; Other Nearby Locations; CHARLOTTE; GREENSBORO; SOUTH CHARLOTTE; STATESVILLE; SEND A MESSAGE TO THE BRANCH MANAGER,https://www.srsdistribution.com/en/markets/our-brands/srs-building-products/srs-building-products---winston-salem/
srs-building-products---north-oklahoma-city,SRS BUILDING PRODUCTS - NORTH OKLAHOMA CITY,srs-building-products,13241 Broadway Ext.,Oklahoma City,OK,73114,35.60509,-97.5020519,405-461-8556,405-461-8557,"MONDAY - FRIDAY, 7:00 AM TO 4:30 PM",Callahan Kuhns,Callahan.Kuhns@srsbuildingproducts.com,Columns and Patio Covers; Gutter Materials; Roofing Products; Siding and Vinyl Shutters; Ventilation Products; Windows; Asphalt Shingles; Cedar Shakes; Coatings & Waterproofing; Commercial Roofing; Decking; Doors; Insulation; Metal Roofing; Simulated & Real Stone Veneers; Skylights; Tools & Equipment; James Hardie Siding,https://www.srsdistribution.com/en/markets/our-brands/srs-building-products/srs-building-products---north-oklahoma-city/
srs-building-products---arlington-tx,SRS BUILDING PRODUCTS - ARLINGTON TX,srs-building-products,1900 Timberlake Drive,Arlington,TX,76010,32.7154977,-97.0533903,817-633-9188,,"MONDAY - FRIDAY, 7:00 AM TO 4:30 PM",Corey Wilson,Corey.Wilson@srsbuildingproducts.com,,https://www.srsdistribution.com/en/markets/our-brands/srs-building-products/srs-building-products---arlington-tx/
srs-building-products---kerrville,SRS BUILDING PRODUCTS - KERRVILLE,srs-building-products,606 Mill Run,Kerrville,TX,78028,30.0780638,-99.1979155,830-371-0323,830-371-0324,"MONDAY - FRIDAY, 7:00 AM TO 4:00 PM",Leonard Gonzales,Leonard.Gonzales@srsbuildingproducts.com,Columns and Patio Covers; Gutter Materials; Roofing Products; Siding and Vinyl Shutters; Ventilation Products; Windows; Asphalt Shingles; Cedar Shakes; Coatings & Waterproofing; Commercial Roofing; Decking; Doors; Insulation; Metal Roofing; Simulated & Real Stone Veneers; Skylights; Tools & Equipment; James Hardie Siding,https://www.srsdistribution.com/en/markets/our-brands/srs-building-products/srs-building-products---kerrville/
srs-building-products---missoula,SRS BUILDING PRODUCTS - MISSOULA,srs-building-products,4480 Expressway,Missoula,MT,59808,46.9134751,-114.0584924,406-481-8688,406-481-8689,"MONDAY - FRIDAY, 8:00 AM TO 4:00 PM",Clinton Herrera,Clinton.Herrera@srsbuildingproducts.com,Columns and Patio Covers; Gutter Materials; Roofing Products; Siding and Vinyl Shutters; Ventilation Products; Windows; Asphalt Shingles; Cedar Shakes; Coatings & Waterproofing; Commercial Roofing; Decking; Doors; Insulation; Metal Roofing; Simulated & Real Stone Veneers; Skylights; Tools & Equipment; James Hardie Siding,https://www.srsdistribution.com/en/markets/our-brands/srs-building-products/srs-building-products---missoula/
srs-building-products---lake-ozarks,SRS BUILDING PRODUCTS - LAKE OZARKS,srs-building-products,3850 Columbia Avenue,Osage Beach,MO,65065,38.1577389,-92.599326,573-370-7774,573-370-7746,"MONDAY - FRIDAY, 7:00 AM TO 4:30 PM",Travis Thomas,Travis.Thomas@srsbuildingproducts.com,Columns and Patio Covers; Gutter Materials; Roofing Products; Siding and Vinyl Shutters; Ventilation Products; Windows; Asphalt Shingles; Cedar Shakes; Coatings & Waterproofing; Commercial Roofing; Decking; Doors; Insulation; Metal Roofing; Simulated & Real Stone Veneers; Skylights; Tools & Equipment; James Hardie Siding,https://www.srsdistribution.com/en/markets/our-brands/srs-building-products/srs-building-products---lake-ozarks/
srs-building-products---norwich,SRS BUILDING PRODUCTS - NORWICH,srs-building-products,243 Vergason Avenue ,Norwich,CT,06360,41.5737139,-72.1118151,860-734-4696,860-734-4702,"MONDAY - FRIDAY, 7:00 AM TO 3:30 PM",Connor LaPrey,Connor.LaPrey@srsbuildingproducts.com,Columns and Patio Covers; Gutter Materials; Roofing Products; Siding and Vinyl Shutters; Ventilation Products; Windows; Asphalt Shingles; Cedar Shakes; Coatings & Waterproofing; Commercial Roofing; Decking; Doors; Insulation; Metal Roofing; Simulated & Real Stone Veneers; Skylights; Tools & Equipment; James Hardie Siding,https://www.srsdistribution.com/en/markets/our-brands/srs-building-products/srs-building-products---norwich/
srs-building-products---billings,SRS BUILDING PRODUCTS - BILLINGS,srs-building-products,719 Dunham Avenue,Billings,MT,59102,45.7681848,-108.5339439,406-481-8585,406-481-8586,"MONDAY - FRIDAY, 7:00 AM TO 4:00 PM",Eric Linterman,ELinterman@stonewayroofing.com,Columns and Patio Covers; Gutter Materials; Roofing Products; Siding and Vinyl Shutters; Ventilation Products; Windows; Asphalt Shingles; Cedar Shakes; Coatings & Waterproofing; Commercial Roofing; Decking; Doors; Insulation; Metal Roofing; Simulated & Real Stone Veneers; Skylights; Tools & Equipment; James Hardie Siding; Other Nearby Locations; BOZEMAN; LOGAN; MISSOULA; RAPID CITY; SEND A MESSAGE TO THE BRANCH MANAGER,https://www.srsdistribution.com/en/markets/our-brands/srs-building-products/srs-building-products---billings/
srs-building-products---austin-cd,SRS BUILDING PRODUCTS - AUSTIN CD,srs-building-products,8319 N Lamar Boulevard,Austin,TX,78753,30.3516139,-97.7051889,737-310-3070,737.310.3072,"MONDAY - FRIDAY, 7:00 AM TO 4:30 PM",Hunter.DuBois@srsbuildingproducts.com,,,https://www.srsdistribution.com/en/markets/our-brands/srs-building-products/srs-building-products---austin-cd/
srs-building-products---youngstown,SRS BUILDING PRODUCTS - YOUNGSTOWN,srs-building-products,2670 Salt Springs Road,Youngstown,OH,44509,41.1287253,-80.7022353,234.217.5220,234.217.5368,"MONDAY - FRIDAY, 7:30 AM TO 4:00 PM",jacob.parks@srsdistribution.com,,Columns and Patio Covers; Gutter Materials; Roofing Products; Siding and Vinyl Shutters; Ventilation Products; Windows; Asphalt Shingles; Cedar Shakes; Coatings & Waterproofing; Commercial Roofing; Decking; Doors; Insulation; Metal Roofing; Simulated & Real Stone Veneers; Skylights; Tools & Equipment; James Hardie Siding; Other Nearby Locations; AKRON; CANTON; MENTOR; N PITTSBURGH; SEND A MESSAGE TO THE BRANCH MANAGER,https://www.srsdistribution.com/en/markets/our-brands/srs-building-products/srs-building-products---youngstown/
srs-building-products--morgantown,SRS BUILDING PRODUCTS – MORGANTOWN,srs-building-products,56 Distributor Drive,Morgantown,WV,26501,39.607345,-79.957024,681-317-7557,681-317-7534,"MONDAY - FRIDAY, 7:00 AM TO 4:00 PM",Jeremiah Hawkins,Jeremiah.Hawkins@srsbuildingproducts.com,Columns and Patio Covers; Gutter Materials; Roofing Products; Siding and Vinyl Shutters; Ventilation Products; Windows; Asphalt Shingles; Cedar Shakes; Coatings & Waterproofing; Commercial Roofing; Decking; Doors; Insulation; Metal Roofing; Simulated & Real Stone Veneers; Skylights; Tools & Equipment; James Hardie Siding; Other Nearby Locations; DUNCANSVILLE; MONROEVILLE; N PITTSBURGH; PITTSBURGH; SEND A MESSAGE TO THE BRANCH MANAGER,https://www.srsdistribution.com/en/markets/our-brands/srs-building-products/srs-building-products--morgantown/
srs-building-products---north-des-moines,SRS BUILDING PRODUCTS - NORTH DES MOINES,srs-building-products,6340 NE INDUSTRY DR,Des Moines,IA,50313,41.6758834,-93.5938452,515-289-5000,515-289-5097,"MONDAY - FRIDAY, 8:00 AM TO 5:00 PM",Casey Ritchie,Casey.Ritchie@srsbuildingproducts.com,,https://www.srsdistribution.com/en/markets/our-brands/srs-building-products/srs-building-products---north-des-moines/
srs-building-products----bozeman,SRS BUILDING PRODUCTS -  BOZEMAN,srs-building-products,538 Business Hub Drive,Belgrade,MT,59714,45.7749142,-111.2022997,406-481-1411,406-481-1413,"MONDAY - FRIDAY, 7:00 AM TO 4:00 PM",Dylan Patrick,Dylan.Patrick@srsbuildingproducts.com,Roofing Products; Columns and Patio Covers; Gutter Materials; Ventilation Products; Siding and Vinyl Shutters; Windows; Top-Shield; Other Nearby Locations; BILLINGS; BOISE; LOGAN; MISSOULA; SEND A MESSAGE TO THE BRANCH MANAGER,https://www.srsdistribution.com/en/markets/our-brands/srs-building-products/srs-building-products----bozeman/
srs-building-products-metal-shop--nashville,SRS BUILDING PRODUCTS METAL SHOP – NASHVILLE,srs-building-products,805 42nd Avenue N,Nashville,TN,37209,36.157093,-86.8375836,615-620-0720,,"MONDAY - FRIDAY, 7:00 AM TO 4:30 PM",Faith Cash,Faith.Cash@srsbuildingproducts.com,,https://www.srsdistribution.com/en/markets/our-brands/srs-building-products/srs-building-products-metal-shop--nashville/
srs-building-products---queen-creek,SRS BUILDING PRODUCTS - QUEEN CREEK,srs-building-products,19399 E. Germann Road,Queen Creek,AZ,85142,33.277053,-111.665452,480-903-5588,480-903-5589,"MONDAY - FRIDAY, 6:00 AM TO 3:00 PM",Alex Glover,Alex.Glover@srsbuildingproducts.com,Roofing Products; Columns and Patio Covers; Gutter Materials; Ventilation Products; Siding and Vinyl Shutters; Windows; Top-Shield; Other Nearby Locations; PHOENIX; PRESCOTT; TEMPE; TUCSON; SEND A MESSAGE TO THE BRANCH MANAGER,https://www.srsdistribution.com/en/markets/our-brands/srs-building-products/srs-building-products---queen-creek/
srs-building-products---harrisonburg,SRS BUILDING PRODUCTS - HARRISONBURG,srs-building-products,"561 Belle Cir, Ste B",Harrisonburg,VA,22801,38.3849803,-78.9141965,540.299.7588,540.299.7594,"MONDAY - FRIDAY, 7:00 AM TO 4:00 PM",Chad Deavers,Chad.Deavers@srsbuildingproducts.com,Columns and Patio Covers; Gutter Materials; Roofing Products; Siding and Vinyl Shutters; Ventilation Products; Windows; Asphalt Shingles; Cedar Shakes; Coatings & Waterproofing; Commercial Roofing; Decking; Doors; Insulation; Metal Roofing; Simulated & Real Stone Veneers; Skylights; Tools & Equipment; James Hardie Siding; Other Nearby Locations; CHANTILLY; FREDERICKSBURG; RICHMOND; ROANOKE; SEND A MESSAGE TO THE BRANCH MANAGER,https://www.srsdistribution.com/en/markets/our-brands/srs-building-products/srs-building-products---harrisonburg/
srs-building-products---clackamas,SRS BUILDING PRODUCTS - CLACKAMAS,srs-building-products,15450 SE For Mor CT,Clackamas,OR,97015,45.4107348,-122.5306375,971-314-1966,971-314-1967,"MONDAY - FRIDAY, 7:30 AM TO 4:00 PM",,,Columns and Patio Covers; Gutter Materials; Roofing Products; Siding and Vinyl Shutters; Ventilation Products; Windows; James Hardie Siding; Other Nearby Locations; LAKE OSWEGO; PORTLAND OR; SALEM; VANCOUVER; SEND A MESSAGE TO THE BRANCH MANAGER,https://www.srsdistribution.com/en/markets/our-brands/srs-building-products/srs-building-products---clackamas/
srs-building-products---pennsauken,SRS BUILDING PRODUCTS - PENNSAUKEN,srs-building-products,70 Twinbridge Drive,Pennsauken,NJ,08110,39.9829258,-75.0227789,856-245-2911,856-245-2955,"MONDAY - FRIDAY, 7:00 AM TO 3:30 PM",Liam Hart,LIAM.HART@SRSBUILDINGPRODUCTS.COM,,https://www.srsdistribution.com/en/markets/our-brands/srs-building-products/srs-building-products---pennsauken/
srs-building-products---spartanburg,SRS BUILDING PRODUCTS - SPARTANBURG,srs-building-products,660 John Dodd Road,Spartanburg,SC,29303,35.0031488,-82.040288,864-447-3114,864-447-3144,"MONDAY - FRIDAY, 7:00 AM TO 4:30 PM",William Jernigan,William.Jernigan@srsbuildingproducts.com,Columns and Patio Covers; Gutter Materials; Roofing Products; Siding and Vinyl Shutters; Ventilation Products; Windows; Asphalt Shingles; Cedar Shakes; Coatings & Waterproofing; Commercial Roofing; Decking; Doors; Insulation; Metal Roofing; Simulated & Real Stone Veneers; Skylights; Tools & Equipment; James Hardie Siding,https://www.srsdistribution.com/en/markets/our-brands/srs-building-products/srs-building-products---spartanburg/
srs-building-products---castle-rock,SRS BUILDING PRODUCTS - CASTLE ROCK,srs-building-products,"3563 Timber Mill Parkway, Suite A",Castle Rock,CO,80109,39.35925,-104.90112,720-803-7663,720-784-8990,"MONDAY - FRIDAY, 7:00 AM TO 4:00 PM",Jeremy.Burris@srsbuildingproducts.com,,Roofing Products; Columns and Patio Covers; Gutter Materials; Ventilation Products; Siding and Vinyl Shutters; Windows; Top-Shield; Other Nearby Locations; COLORADO SPRINGS; COMMERCE CITY; DENVER; SOUTH DENVER; SEND A MESSAGE TO THE BRANCH MANAGER,https://www.srsdistribution.com/en/markets/our-brands/srs-building-products/srs-building-products---castle-rock/
srs-building-products---prescott,SRS BUILDING PRODUCTS - PRESCOTT,srs-building-products,2980 Centerpointe East Drive,Prescott,AZ,86301,34.6293391,-112.4124758,928-224-3511,928-224-3512,"MONDAY - FRIDAY, 6:00 AM TO 4:00 PM",Jocelyn Moreno Solis,Jocelyn.MorenoSolis@srsbuildingproducts.com,Roofing Products; Columns and Patio Covers; Gutter Materials; Ventilation Products; Siding and Vinyl Shutters; Windows; Top-Shield; Other Nearby Locations; FLAGSTAFF; PHOENIX; QUEEN CREEK; TEMPE; SEND A MESSAGE TO THE BRANCH MANAGER,https://www.srsdistribution.com/en/markets/our-brands/srs-building-products/srs-building-products---prescott/
srs-building-products---rancho-cordova,SRS BUILDING PRODUCTS - RANCHO CORDOVA,srs-building-products,2425 Mercantile Drive,Rancho Cordova ,CA,95742,38.6149828,-121.2500376,279-226-7133,279-226-7136,"MONDAY - FRIDAY, 7:00 AM TO 4:00 PM",Erwin Rojas,Erwin.Rojas@srsbuildingproducts.com,Columns and Patio Covers; Gutter Materials; Roofing Products; Siding and Vinyl Shutters; Ventilation Products; Windows; James Hardie Siding; Other Nearby Locations; AUBURN; PITTSBURG; SACRAMENTO; STOCKTON; SEND A MESSAGE TO THE BRANCH MANAGER,https://www.srsdistribution.com/en/markets/our-brands/srs-building-products/srs-building-products---rancho-cordova/
srs-building-products---eagan,SRS BUILDING PRODUCTS - EAGAN,srs-building-products,3311 Terminal Drive,Eagan,MN,55121,44.8361306,-93.1957725,651-422-9070,651-422-9071,"MONDAY - FRIDAY, 7:00 AM TO 4:30 PM",Shaten Kahlstorf,Shaten.kahlstorf@srsbuildingproducts.com,Shingles; Commercial Roofing; Metal Roofing; Windows,https://www.srsdistribution.com/en/markets/our-brands/srs-building-products/srs-building-products---eagan/
srs-building-products---jonesboro,SRS BUILDING PRODUCTS - JONESBORO,srs-building-products,2800 Fair Park Boulevard,Jonesboro,AR,72401,35.8105241,-90.6730797,870-464-3770,870-464-3771,"MONDAY - FRIDAY, 7:00 AM TO 4:30 PM",Camron Flippo,Camron.Flippo@srsbuildingproducts.com,Columns and Patio Covers; Gutter Materials; Roofing Products; Siding and Vinyl Shutters; Ventilation Products; Windows; Asphalt Shingles; Cedar Shakes; Coatings & Waterproofing; Commercial Roofing; Decking; Doors; Insulation; Metal Roofing; Simulated & Real Stone Veneers; Skylights; Tools & Equipment; James Hardie Siding; Other Nearby Locations; HOLLISTER; LITTLE ROCK; MEMPHIS; NORTH LITTLE ROCK; SEND A MESSAGE TO THE BRANCH MANAGER,https://www.srsdistribution.com/en/markets/our-brands/srs-building-products/srs-building-products---jonesboro/
srs-building-products---katy,SRS BUILDING PRODUCTS - KATY,srs-building-products,5380 3rd Street,Katy,TX,77493,29.7882181,-95.8159414,346-202-7663,346-202-7664,"MONDAY - FRIDAY, 7:00 AM TO 4:30 PM",Adam Alborn,Adam.Alborn@srsbuildingproducts.com,Columns and Patio Covers; Gutter Materials; Roofing Products; Siding and Vinyl Shutters; Ventilation Products; Windows; Asphalt Shingles; Cedar Shakes; Coatings & Waterproofing; Commercial Roofing; Decking; Doors; Insulation; Metal Roofing; Simulated & Real Stone Veneers; Skylights; Tools & Equipment; James Hardie Siding; Other Nearby Locations; HOUSTON; HOUSTON LUMBER; N HOUSTON; SUGAR LAND; SEND A MESSAGE TO THE BRANCH MANAGER,https://www.srsdistribution.com/en/markets/our-brands/srs-building-products/srs-building-products---katy/
srs-building-products---addison,SRS BUILDING PRODUCTS - ADDISON,srs-building-products,1545 West Fullerton Avenue,Addison,IL,60101,41.9185212,-88.0281306,331-224-0411,331-224-0412,"MONDAY - FRIDAY, 7:00 AM TO 3:00 PM",Adriana C. Serrano,Adriana.Serrano@srsbuildingproducts.com,Columns and Patio Covers; Gutter Materials; Roofing Products; Siding and Vinyl Shutters; Ventilation Products; Windows; Asphalt Shingles; Cedar Shakes; Coatings & Waterproofing; Commercial Roofing; Decking; Doors; Insulation; Metal Roofing; Simulated & Real Stone Veneers; Skylights; Tools & Equipment; James Hardie Siding; Other Nearby Locations; CHICAGO WEST; ELGIN; ELMHURST; NAPERVILLE; SEND A MESSAGE TO THE BRANCH MANAGER,https://www.srsdistribution.com/en/markets/our-brands/srs-building-products/srs-building-products---addison/
srs-building-products---auburn,SRS BUILDING PRODUCTS - AUBURN,srs-building-products,12760 Earhart Avenue,Auburn,CA,95602,38.9501522,-121.0875486,530-389-3090,530-389-3091,"MONDAY - FRIDAY, 7:00 AM TO 4:00 PM",Wendy Santos,Wendy.Santos@srsbuildingproducts.com,Columns and Patio Covers; Gutter Materials; Roofing Products; Siding and Vinyl Shutters; Ventilation Products; Windows; James Hardie Siding; Other Nearby Locations; PITTSBURG; RANCHO CORDOVA; SACRAMENTO; STOCKTON; SEND A MESSAGE TO THE BRANCH MANAGER,https://www.srsdistribution.com/en/markets/our-brands/srs-building-products/srs-building-products---auburn/
srs-building-products---stevens-point,SRS BUILDING PRODUCTS - STEVENS POINT,srs-building-products,1014 Maple Bluff Road,Stevens Point,WI,54482,44.5260293,-89.5247695,715-400-5335,715-400-5334,"MONDAY - FRIDAY, 7:30 AM TO 3:00 PM",Dwayne Ehrhardt,Dwayne.Ehrhardt@srsbuildingproducts.com,Columns and Patio Covers; Gutter Materials; Roofing Products; Siding and Vinyl Shutters; Ventilation Products; Windows; Asphalt Shingles; Cedar Shakes; Coatings & Waterproofing; Commercial Roofing; Decking; Doors; Insulation; Metal Roofing; Simulated & Real Stone Veneers; Skylights; Tools & Equipment; James Hardie Siding; Other Nearby Locations; DELAVAN; MADISON; MENOMONEE FALLS; SOUTH MADISON; SEND A MESSAGE TO THE BRANCH MANAGER,https://www.srsdistribution.com/en/markets/our-brands/srs-building-products/srs-building-products---stevens-point/
srs-building-products---mesquite,SRS BUILDING PRODUCTS - MESQUITE,srs-building-products,100 N Sam Houston Road,Mesquite,TX,75149,32.769151,-96.6501987,945-788-7663,945-788-2008,"MONDAY - FRIDAY, 7:00 AM TO 4:30 PM",Andrew Grimmer,Andrew.Grimmer@srsbuildingproducts.com,,https://www.srsdistribution.com/en/markets/our-brands/srs-building-products/srs-building-products---mesquite/
srs-building-products---sw-fort-worth,SRS BUILDING PRODUCTS - SW FORT WORTH,srs-building-products,3614 McCart Avenue,Fort Worth,TX,76110,32.6946945,-97.354441,682-747-6630,682-747-6115,"MONDAY - FRIDAY, 7:00 AM TO 4:30 PM",Brayden Sewell,Brayden.Sewell@srsbuildingproducts.com,,https://www.srsdistribution.com/en/markets/our-brands/srs-building-products/srs-building-products---sw-fort-worth/
srs-building-products---north-kingstown,SRS BUILDING PRODUCTS - NORTH KINGSTOWN,srs-building-products,120 Ocean State Drive,North Kingstown,RI,02852,41.6032098,-71.445059,401-271-5885   ,401-271-5916,"MONDAY - FRIDAY, 7:00 AM TO 3:30 PM",Jordan.Mendes@srsbuildingproducts.com,,Columns and Patio Covers; Gutter Materials; Roofing Products; Siding and Vinyl Shutters; Ventilation Products; Windows; Other Nearby Locations; BRAINTREE; FOXBORO; N DARTMOUTH; NORWICH; SEND A MESSAGE TO THE BRANCH MANAGER,https://www.srsdistribution.com/en/markets/our-brands/srs-building-products/srs-building-products---north-kingstown/
srs-building-products---redding,SRS BUILDING PRODUCTS - REDDING,srs-building-products,3750 Eastside Road,Redding,CA,96001,40.5606551,-122.3872478,530-554-1001   ,530-564-6027,"MONDAY - FRIDAY, 7:00 AM TO 4:00 PM",Ronald Knowles,Ronald.Knowles@srsbuildingproducts.com,Columns and Patio Covers; Gutter Materials; Roofing Products; Siding and Vinyl Shutters; Ventilation Products; Windows; James Hardie Siding; Other Nearby Locations; AUBURN; CENTRAL POINT; RANCHO CORDOVA; SACRAMENTO; SEND A MESSAGE TO THE BRANCH MANAGER,https://www.srsdistribution.com/en/markets/our-brands/srs-building-products/srs-building-products---redding/
srs-building-products---albuquerque,SRS BUILDING PRODUCTS - ALBUQUERQUE,srs-building-products,8324 Washington Street NE,Albuquerque,NM,87113,35.1785163,-106.594787,505-295-7663,505-441-1951,"MONDAY - FRIDAY, 7:00 AM TO 4:30 PM",Jack Bseibess,Jack.Bseibess@srsbuildingproducts.com,Roofing Products; Columns and Patio Covers; Gutter Materials; Ventilation Products; Siding and Vinyl Shutters; Windows; Top-Shield; Other Nearby Locations; AMARILLO; COLORADO SPRINGS; EL PASO; FLAGSTAFF; SEND A MESSAGE TO THE BRANCH MANAGER,https://www.srsdistribution.com/en/markets/our-brands/srs-building-products/srs-building-products---albuquerque/
srs-building-products---macon,SRS BUILDING PRODUCTS - MACON,srs-building-products,148 Cane River Drive,Byron,GA,31008,32.664765,-83.7398778,478-302-0055,478-302-0056,"MONDAY - FRIDAY, 7:00 AM TO 4:30 PM",Lee Taylor,Lee.Taylor@srsbuildingproducts.com,Columns and Patio Covers; Gutter Materials; Roofing Products; Siding and Vinyl Shutters; Ventilation Products; Windows; Asphalt Shingles; Cedar Shakes; Coatings & Waterproofing; Commercial Roofing; Decking; Doors; Insulation; Metal Roofing; Simulated & Real Stone Veneers; Skylights; Tools & Equipment; James Hardie Siding; Other Nearby Locations; ALBANY; CONYERS; NEWNAN; TIFTON; SEND A MESSAGE TO THE BRANCH MANAGER,https://www.srsdistribution.com/en/markets/our-brands/srs-building-products/srs-building-products---macon/
srs-building-products---sanford,SRS BUILDING PRODUCTS - SANFORD,srs-building-products,2401 Rosser Rd,Sanford,NC,27332,35.460387,-79.13695,984-253-3334,984-253-3335,"MONDAY - FRIDAY, 7:30 AM TO 4:30 PM",Hamp Reynolds,Hamp.Reynolds@srsbuildingproducts.com,Columns and Patio Covers; Gutter Materials; Roofing Products; Siding and Vinyl Shutters; Ventilation Products; Windows; Asphalt Shingles; Cedar Shakes; Coatings & Waterproofing; Commercial Roofing; Decking; Doors; Insulation; Metal Roofing; Simulated & Real Stone Veneers; Skylights; Tools & Equipment; James Hardie Siding,https://www.srsdistribution.com/en/markets/our-brands/srs-building-products/srs-building-products---sanford/
srs-building-products---hernando,SRS BUILDING PRODUCTS - HERNANDO,srs-building-products,6130 N Florida Ave,Hernando,FL,34442,28.9531299,-82.4107498,352-465-4900,352-465-1808,"MONDAY - FRIDAY, 7:00 AM TO 4:30 PM",Edgar Ordaz,Edgar.Ordaz@srsbuildingproducts.com,Asphalt Shingles; Concrete & Clay Tile; Slate; Metal Roofing; Composite Products; Wood Shakes; Ventilation; Skylights; Underlayment,https://www.srsdistribution.com/en/markets/our-brands/srs-building-products/srs-building-products---hernando/
srs-building-products---jacksonville,SRS BUILDING PRODUCTS - JACKSONVILLE,srs-building-products,"4115 University Boulevard West, Suite 5",Jacksonville,FL,32217,30.2652462,-81.6221927,904-448-0623,904-737-7618,"MONDAY - FRIDAY, 7:00 AM TO 4:30 PM",Shay McNerney,Shay.McNerney@srsbuildingproducts.com,Asphalt Shingles; Concrete & Clay Tile; Slate; Metal Roofing; Composite Products; Wood Shakes; Ventilation; Skylights; Underlayment,https://www.srsdistribution.com/en/markets/our-brands/srs-building-products/srs-building-products---jacksonville/
srs-building-products---valdosta,SRS BUILDING PRODUCTS - VALDOSTA,srs-building-products,208 Tucker Rd,Valdosta,GA,31601,30.8100029,-83.2704588,229-253-8702,229-253-8596,"MONDAY - FRIDAY, 7:00 AM TO 4:30 PM",Chris Blanton,Chris.Blanton@srsbuildingproducts.com,Asphalt Shingles; Concrete & Clay Tile; Slate; Metal Roofing; Composite Products; Wood Shakes; Ventilation; Skylights; Underlayment,https://www.srsdistribution.com/en/markets/our-brands/srs-building-products/srs-building-products---valdosta/
srs-building-products---tallahassee-west,SRS BUILDING PRODUCTS - TALLAHASSEE WEST,srs-building-products,3715 Peddie Dr,Tallahassee,FL,32303,30.4671314,-84.3554185,850-701-4860,850-701-4865,"MONDAY - FRIDAY, 7:00 AM TO 4:30 PM",,,Asphalt Shingles; Concrete & Clay Tile; Slate; Metal Roofing; Composite Products; Wood Shakes; Ventilation; Skylights; Underlayment,https://www.srsdistribution.com/en/markets/our-brands/srs-building-products/srs-building-products---tallahassee-west/
srs-building-products---rockledge,SRS BUILDING PRODUCTS - ROCKLEDGE,srs-building-products,165 Gus Hipp Blvd,Rockledge,FL,32955,28.3036361,-80.7081389,321-632-3572,321-631-6106,"MONDAY - FRIDAY, 7:00 AM TO 4:30 PM",Dan Ruppenthal,Dan.Ruppenthal@srsbuildingproducts.com,Asphalt Shingles; Concrete & Clay Tile; Slate; Metal Roofing; Composite Products; Wood Shakes; Ventilation; Skylights; Underlayment,https://www.srsdistribution.com/en/markets/our-brands/srs-building-products/srs-building-products---rockledge/
srs-building-products---holly-hill,SRS BUILDING PRODUCTS - HOLLY HILL,srs-building-products,1563 Pine Ave,Holly Hill,FL,32117,29.2531557,-81.049197,386-677-1916,386-677-1652,"MONDAY - FRIDAY, 7:00 AM TO 4:30 PM",Amber Guest,Amber.Guest@srsbuildingproducts.com,Asphalt Shingles; Concrete & Clay Tile; Slate; Metal Roofing; Composite Products; Wood Shakes; Ventilation; Skylights; Underlayment,https://www.srsdistribution.com/en/markets/our-brands/srs-building-products/srs-building-products---holly-hill/
srs-building-products---naples,SRS BUILDING PRODUCTS - NAPLES,srs-building-products,479 Industrial Blvd,Naples,FL,34104,26.1573708,-81.7582853,239-643-4944,239-643-3476,"MONDAY - FRIDAY, 7:00 AM TO 4:00 PM",Jim Boothe,Jim.Boothe@srsbuildingproducts.com,Asphalt Shingles; Concrete & Clay Tile; Slate; Metal Roofing; Composite Products; Wood Shakes; Ventilation; Skylights; Underlayment,https://www.srsdistribution.com/en/markets/our-brands/srs-building-products/srs-building-products---naples/
srs-building-products---winter-haven,SRS BUILDING PRODUCTS - WINTER HAVEN,srs-building-products,3595 Recker Hwy,Winter Haven,FL,33880,28.0223622,-81.7703922,863-967-8888,863-967-8819,"MONDAY - FRIDAY, 7:00 AM TO 4:30 PM",Andrew Davis,Andrew.Davis@srsbuildingproducts.com,Asphalt Shingles; Concrete & Clay Tile; Slate; Metal Roofing; Composite Products; Wood Shakes; Ventilation; Skylights; Underlayment,https://www.srsdistribution.com/en/markets/our-brands/srs-building-products/srs-building-products---winter-haven/
srs-building-products---bradenton,SRS BUILDING PRODUCTS - BRADENTON,srs-building-products,6493 Parkland Dr #101,Sarasota,FL,34243,27.4274177,-82.5331509,941-752-7389,941-752-7915,"MONDAY - FRIDAY, 6:30 AM TO 4:00 PM",,,Asphalt Shingles; Concrete & Clay Tile; Slate; Metal Roofing; Composite Products; Wood Shakes; Ventilation; Skylights; Underlayment,https://www.srsdistribution.com/en/markets/our-brands/srs-building-products/srs-building-products---bradenton/
srs-building-products---port-charlotte,SRS BUILDING PRODUCTS - PORT CHARLOTTE,srs-building-products,19910 Veterans Blvd,Port Charlotte,FL,33954,27.0212022,-82.1245656,941-625-1224,941-625-0156,"MONDAY - FRIDAY, 7:00 AM TO 4:30 PM",Ryan Gorecki,Ryan.Gorecki@srsbuildingproducts.com,Asphalt Shingles; Concrete & Clay Tile; Slate; Metal Roofing; Composite Products; Wood Shakes; Ventilation; Skylights; Underlayment,https://www.srsdistribution.com/en/markets/our-brands/srs-building-products/srs-building-products---port-charlotte/
srs-building-products---riviera-beach,SRS BUILDING PRODUCTS - RIVIERA BEACH,srs-building-products,1100 W 17 St,Riviera Beach,FL,33404,26.7780474,-80.0694746,561-841-7773,561-841-9044,"MONDAY - FRIDAY, 7:00 AM TO 4:30 PM",Jimmy Reddy Jr.,Jimmy.ReddyJr@srsbuildingproducts.com,Asphalt Shingles; Concrete & Clay Tile; Slate; Metal Roofing; Composite Products; Wood Shakes; Ventilation; Skylights; Underlayment,https://www.srsdistribution.com/en/markets/our-brands/srs-building-products/srs-building-products---riviera-beach/
srs-building-products---leesburg,SRS BUILDING PRODUCTS - LEESBURG,srs-building-products,2501 Industrial Street,Leesburg,FL,34748,28.8245907,-81.9058125,352-728-2444,352-728-2524,"MONDAY - FRIDAY, 7:00 AM TO 4:30 PM",Tony Bittrolff,Tony.Bittrolff@srsbuildingproducts.com,Asphalt Shingles; Concrete & Clay Tile; Slate; Metal Roofing; Composite Products; Wood Shakes; Ventilation; Skylights; Underlayment,https://www.srsdistribution.com/en/markets/our-brands/srs-building-products/srs-building-products---leesburg/
srs-building-products---albany,SRS BUILDING PRODUCTS - ALBANY,srs-building-products,2815 B Old Dawson Rd,Albany,GA,31707,31.6145637,-84.2211602,229-317-5515,229-317-5516,"MONDAY - FRIDAY, 7:00 AM TO 4:30 PM",Anna Clair Sinquefield,AnnaClair.Sinquefield@srsbuildingproducts.com,Asphalt Shingles; Concrete & Clay Tile; Slate; Metal Roofing; Composite Products; Wood Shakes; Ventilation; Skylights; Underlayment,https://www.srsdistribution.com/en/markets/our-brands/srs-building-products/srs-building-products---albany/
srs-building-products---sebring,SRS BUILDING PRODUCTS - SEBRING,srs-building-products,3443 Heid Rd,Sebring,FL,33870,27.4662207,-81.4392024,863-593-3440,863-593-3442,"MONDAY - FRIDAY, 7:00 AM TO 4:30 PM",Jesse Trevino,Jesse.Trevino@srsbuildingproducts.com,Asphalt Shingles; Concrete & Clay Tile; Slate; Metal Roofing; Composite Products; Wood Shakes; Ventilation; Skylights; Underlayment,https://www.srsdistribution.com/en/markets/our-brands/srs-building-products/srs-building-products---sebring/
srs-building-products---orlando-north,SRS BUILDING PRODUCTS - ORLANDO NORTH,srs-building-products,2517 Shader Rd,Orlando,FL,32804,28.586298,-81.4130683,407-291-2101,407-522-0142,"MONDAY - FRIDAY, 7:00 AM TO 4:30 PM",Matthew Dees,Matthew.Dees@srsbuildingproducts.com,Asphalt Shingles; Concrete & Clay Tile; Slate; Metal Roofing; Composite Products; Wood Shakes; Ventilation; Skylights; Underlayment,https://www.srsdistribution.com/en/markets/our-brands/srs-building-products/srs-building-products---orlando-north/
srs-building-products---ocala,SRS BUILDING PRODUCTS - OCALA,srs-building-products,1323 NE 17th Road,Ocala,FL,34470,29.2036655,-82.1214897,352-351-3137,352-351-1255,"MONDAY - FRIDAY, 7:00 AM TO 4:30 PM",Kevin Smith,Kevin.Smith@srsbuildingproducts.com,Asphalt Shingles; Concrete & Clay Tile; Slate; Metal Roofing; Composite Products; Wood Shakes; Ventilation; Skylights; Underlayment,https://www.srsdistribution.com/en/markets/our-brands/srs-building-products/srs-building-products---ocala/
srs-building-products---stratford,SRS BUILDING PRODUCTS - STRATFORD,srs-building-products,30 Moffitt Street,Stratford,CT,06615,41.180078,-73.148141,475-755-7663 ,475-257-6638,"MONDAY - FRIDAY, 7:00 AM TO 4:00 PM",Leslie Clark,Leslie.Clark@srsbuildingproducts.com,"Cedar, Slate, Synthetics & Tile; Commercial Roofing; Gutters & Accessories; Meta; Residential Roofing; Siding & Decking; Skylights, Windows & Doors; Waterproofing; Other Nearby Locations; DANBURY; NORTH HAVEN; STAMFORD; WATERBURY; SEND A MESSAGE TO THE BRANCH MANAGER",https://www.srsdistribution.com/en/markets/our-brands/srs-building-products/srs-building-products---stratford/
srs-building-products---olathe,SRS BUILDING PRODUCTS - OLATHE,srs-building-products,"550 E Old Highway 56, Suite A",Olathe,KS,66061,38.8685905,-94.8088543,913-372-5007,913-372-5008,"MONDAY - FRIDAY, 7:00 AM TO 4:30 PM",,,Commercial Roofing; Asphalt Shingles; Paint; Sealants; Underlayment; Metal Roofing; Fasteners; Ridge; Edge; Wood; Roofing Tile; Ventilation Products,https://www.srsdistribution.com/en/markets/our-brands/srs-building-products/srs-building-products---olathe/
srs-building-products---sparks,SRS BUILDING PRODUCTS - SPARKS,srs-building-products,1479 Hymer Ave,Sparks,NV,89431,39.530215,-119.762201,775-359-3622,775-359-7110,"MONDAY - FRIDAY, 6:30 AM TO 4:30 PM",Luke Hansen,Luke.Hansen@srsbuildingproducts.com,,https://www.srsdistribution.com/en/markets/our-brands/srs-building-products/srs-building-products---sparks/
srs-building-products---menomonee-falls,SRS BUILDING PRODUCTS - MENOMONEE FALLS,srs-building-products,W140N8917 Lilly Rd,Menomonee Falls,WI,53051,43.1797691,-88.084431,262-310-0770,262-310-0771,"MONDAY - FRIDAY, 7:00 AM TO 3:00 PM",Ryan Yanasak,Ryan.Yanasak@srsbuildingproducts.com,Columns and Patio Covers; Gutter Materials; Roofing Products; Siding and Vinyl Shutters; Ventilation Products; Windows; Asphalt Shingles; Cedar Shakes; Coatings & Waterproofing; Commercial Roofing; Decking; Doors; Insulation; Metal Roofing; Simulated & Real Stone Veneers; Skylights; Tools & Equipment; James Hardie Siding; Other Nearby Locations; DELAVAN; MADISON; SOUTH MADISON; WAUKEGAN; SEND A MESSAGE TO THE BRANCH MANAGER,https://www.srsdistribution.com/en/markets/our-brands/srs-building-products/srs-building-products---menomonee-falls/
srs-building-products---greenville-nc,SRS BUILDING PRODUCTS - GREENVILLE NC,srs-building-products,330 Pactolus Hwy,Greenville,NC,27834,35.6340101,-77.3653814,252-359-5558,252-359-5567,"MONDAY - FRIDAY, 7:30 AM TO 4:30 PM",Dana Barkas,Dana.Barkas@srsbuildingproducts.com,Columns and Patio Covers; Gutter Materials; Roofing Products; Siding and Vinyl Shutters; Ventilation Products; Windows; Asphalt Shingles; Cedar Shakes; Coatings & Waterproofing; Commercial Roofing; Decking; Doors; Insulation; Metal Roofing; Simulated & Real Stone Veneers; Skylights; Tools & Equipment; James Hardie Siding; Other Nearby Locations; FAYETTEVILLE (NC); RALEIGH; RALEIGH DURHAM; WILMINGTON; SEND A MESSAGE TO THE BRANCH MANAGER,https://www.srsdistribution.com/en/markets/our-brands/srs-building-products/srs-building-products---greenville-nc/
srs-building-products---ft-myers-south,SRS BUILDING PRODUCTS - FT MYERS SOUTH,srs-building-products,10030 Bavaria Road,Fort Myers,FL,33913,26.5624838,-81.7904218,239-329-5990,239-329-5993,"MONDAY - FRIDAY, 7:00 AM TO 4:00 PM",Sean Hetherington,Sean.Hetherington@srsbuildingproducts.com,,https://www.srsdistribution.com/en/markets/our-brands/srs-building-products/srs-building-products---ft-myers-south/
srs-building-products---portland-me,SRS BUILDING PRODUCTS - PORTLAND ME,srs-building-products,640 Saco Street,Westbrook,ME,04092,43.6556815,-70.3863999,207-945-7663,207-945-1755,"MONDAY - FRIDAY, 7:00 AM TO 3:30 PM",Mike Pitre,Mike.Pitre@srsbuildingproducts.com,Columns and Patio Covers; Gutter Materials; Roofing Products; Siding and Vinyl Shutters; Ventilation Products; Windows; Other Nearby Locations; BOW; HUDSON; MALDEN; PORTSMOUTH; SEND A MESSAGE TO THE BRANCH MANAGER,https://www.srsdistribution.com/en/markets/our-brands/srs-building-products/srs-building-products---portland-me/
srs-building-products---delavan,SRS BUILDING PRODUCTS - DELAVAN,srs-building-products,214 N Wright St,Delavan,WI,53115-2015,42.6341479,-88.6269998,262-310-0220,262-310-0221,"MONDAY - FRIDAY, 7:30 AM TO 3:00 PM",Brett Wright,Brett.Wright@SRSBuildingProducts.com,Columns and Patio Covers; Gutter Materials; Roofing Products; Siding and Vinyl Shutters; Ventilation Products; Windows; Asphalt Shingles; Cedar Shakes; Coatings & Waterproofing; Commercial Roofing; Decking; Doors; Insulation; Metal Roofing; Simulated & Real Stone Veneers; Skylights; Tools & Equipment; James Hardie Siding; Other Nearby Locations; ELGIN; MADISON; ROCKFORD; WAUKEGAN; SEND A MESSAGE TO THE BRANCH MANAGER,https://www.srsdistribution.com/en/markets/our-brands/srs-building-products/srs-building-products---delavan/
srs-building-products---hagerstown,SRS BUILDING PRODUCTS - HAGERSTOWN,srs-building-products,110 E Sunset Ave,Williamsport,MD,21795,39.5949685,-77.8179452,240-558-8990,240-558-8996,"MONDAY - FRIDAY, 7:00 AM TO 4:00 PM",,,Columns and Patio Covers; Gutter Materials; Roofing Products; Siding and Vinyl Shutters; Ventilation Products; Windows; Asphalt Shingles; Cedar Shakes; Coatings & Waterproofing; Commercial Roofing; Decking; Doors; Insulation; Metal Roofing; Simulated & Real Stone Veneers; Skylights; Tools & Equipment; James Hardie Siding; Other Nearby Locations; CHANTILLY; FREDERICK; MECHANICSBURG; WOODLAWN; SEND A MESSAGE TO THE BRANCH MANAGER,https://www.srsdistribution.com/en/markets/our-brands/srs-building-products/srs-building-products---hagerstown/
srs-building-products---tampa-south,SRS BUILDING PRODUCTS - TAMPA SOUTH,srs-building-products,498 Rille Ln,Tampa,FL,33619,27.9445212,-82.3495253,813-665-1655,813-665-1656,"MONDAY - FRIDAY, 7:00 AM TO 4:00 PM",Mimi Ramirez,Mimi.Ramirez@suncoastrooferssupply.com,,https://www.srsdistribution.com/en/markets/our-brands/srs-building-products/srs-building-products---tampa-south/
srs-building-products---bowling-green,SRS BUILDING PRODUCTS - BOWLING GREEN,srs-building-products,123 B &amp; C Graham Avenue,Bowling Green,KY,42101,37.0124092,-86.3900325,270-782-9585,,"MONDAY - FRIDAY, 7:00 AM TO 4:00 PM",Brett Peterie,Brett.Peterie@srsbuildingproducts.com,Columns and Patio Covers; Gutter Materials; Roofing Products; Siding and Vinyl Shutters; Ventilation Products; Windows; Asphalt Shingles; Cedar Shakes; Coatings & Waterproofing; Commercial Roofing; Decking; Doors; Insulation; Metal Roofing; Simulated & Real Stone Veneers; Skylights; Tools & Equipment; James Hardie Siding; Other Nearby Locations; CLARKSVILLE; LA VERGNE; NASHVILLE; SRS BUILDING PRODUCTS METAL SHOP – NASHVILLE; SEND A MESSAGE TO THE BRANCH MANAGER,https://www.srsdistribution.com/en/markets/our-brands/srs-building-products/srs-building-products---bowling-green/
srs-building-products---loveland,SRS BUILDING PRODUCTS - LOVELAND,srs-building-products,715 E Kemper Ave,Loveland,OH,45140,39.2636995,-84.2663683,513-697-7600,513-697-7663,"MONDAY - FRIDAY, 7:30 AM TO 4:00 PM",Steve Riehle,steve.riehle@srsbuildingproducts.com,Exterior Doors; Skylights; Interior Doors; Commercial Aluminum Windows; Vinyl and Fiberglass Windows and Doors; Gutters; Exterior Siding; Cabinetry; Fiber Cement Siding; Columns and Railing; Stone Veneer; Aluminium and Steel Siding; Trim and Mouldings; Other Nearby Locations; CINCINNATI; FT THOMAS; MIDDLETOWN; MONTGOMERY OH; SEND A MESSAGE TO THE BRANCH MANAGER,https://www.srsdistribution.com/en/markets/our-brands/srs-building-products/srs-building-products---loveland/
srs-building-products---montgomery-oh,SRS BUILDING PRODUCTS - MONTGOMERY OH,srs-building-products,"8740 Montgomery Rd, Ste 101",Cincinnati,OH,45236,39.2132259,-84.3592976,513-985-0880,513-985-0889,"MONDAY - FRIDAY, 8:00 AM TO 5:00 PM",,,,https://www.srsdistribution.com/en/markets/our-brands/srs-building-products/srs-building-products---montgomery-oh/
srs-building-products---ft-thomas,SRS BUILDING PRODUCTS - FT THOMAS,srs-building-products,640 Alexandria Pike,Ft Thomas,KY,41075,39.0654198,-84.4556616,859-781-8558,859-781-6953,"MONDAY - FRIDAY, 7:30 AM TO 4:00 PM",Eric Vogel,Eric.Vogel@srsbuildingproducts.com,Exterior Doors; Skylights; Interior Doors; Commercial Aluminum Windows; Vinyl and Fiberglass Windows and Doors; Gutters; Exterior Siding; Cabinetry; Fiber Cement Siding; Columns and Railing; Stone Veneer; Aluminium and Steel Siding; Trim and Mouldings; Other Nearby Locations; CINCINNATI; FLORENCE; LOVELAND; MONTGOMERY OH; SEND A MESSAGE TO THE BRANCH MANAGER,https://www.srsdistribution.com/en/markets/our-brands/srs-building-products/srs-building-products---ft-thomas/
srs-building-products---n-lexington,SRS BUILDING PRODUCTS - N LEXINGTON,srs-building-products,1034 Trotwood Dr,Lexington,KY,40511,38.0795503,-84.5054228,859-277-7887,859-277-9747,"MONDAY - FRIDAY, 7:30 AM TO 4:00 PM",Jace.Kuechle@srsbuildingproducts.com,,Exterior Doors; Skylights; Interior Doors; Commercial Aluminum Windows; Vinyl and Fiberglass Windows and Doors; Gutters; Exterior Siding; Cabinetry; Fiber Cement Siding; Columns and Railing; Stone Veneer; Aluminium and Steel Siding; Trim and Mouldings; Other Nearby Locations; FLORENCE; LEXINGTON; SE LOUISVILLE; SOUTH LOUISVILLE; SEND A MESSAGE TO THE BRANCH MANAGER,https://www.srsdistribution.com/en/markets/our-brands/srs-building-products/srs-building-products---n-lexington/
srs-building-products---columbus,SRS BUILDING PRODUCTS - COLUMBUS,srs-building-products,2660 Fisher Rd,Columbus,OH,43204,39.9798118,-83.0769062,614-272-5577,614-272-6815,"MONDAY - FRIDAY, 7:30 AM TO 4:00 PM",Jeremie Roshon,Jeremie.Roshon@srsbuildingproducts.com,Exterior Doors; Skylights; Interior Doors; Commercial Aluminum Windows; Vinyl and Fiberglass Windows and Doors; Gutters; Exterior Siding; Cabinetry; Fiber Cement Siding; Columns and Railing; Stone Veneer; Aluminium and Steel Siding; Trim and Mouldings,https://www.srsdistribution.com/en/markets/our-brands/srs-building-products/srs-building-products---columbus/
srs-building-products---dayton-oh,SRS BUILDING PRODUCTS - DAYTON OH,srs-building-products,2030 Winners Cir,Dayton,OH,45404,39.7886357,-84.1800502,937-222-3321,937-222-3797,"MONDAY - FRIDAY, 7:30 AM TO 4:00 PM",Aaron Weston,aaron.weston@srsbuildingproducts.com,Exterior Doors; Skylights; Interior Doors; Commercial Aluminum Windows; Vinyl and Fiberglass Windows and Doors; Gutters; Exterior Siding; Cabinetry; Fiber Cement Siding; Columns and Railing; Stone Veneer; Aluminium and Steel Siding; Trim and Mouldings; Other Nearby Locations; DAYTON; LOVELAND; MIDDLETOWN; MONTGOMERY OH; SEND A MESSAGE TO THE BRANCH MANAGER,https://www.srsdistribution.com/en/markets/our-brands/srs-building-products/srs-building-products---dayton-oh/
srs-building-products---se-louisville,SRS BUILDING PRODUCTS - SE LOUISVILLE,srs-building-products,3328 Gilmore Industrial Blvd,Louisville,KY,40213,38.1769324,-85.701685,502-708-1103,502-708-1264,"MONDAY - FRIDAY, 7:30 AM TO 4:00 PM",Van Taylor,Van.Taylor@srsbuildingproducts.com,Exterior Doors; Skylights; Interior Doors; Commercial Aluminum Windows; Vinyl and Fiberglass Windows and Doors; Gutters; Exterior Siding; Cabinetry; Fiber Cement Siding; Columns and Railing; Stone Veneer; Aluminium and Steel Siding; Trim and Mouldings; Other Nearby Locations; LEXINGTON; LOUISVILLE; N LEXINGTON; SOUTH LOUISVILLE; SEND A MESSAGE TO THE BRANCH MANAGER,https://www.srsdistribution.com/en/markets/our-brands/srs-building-products/srs-building-products---se-louisville/
srs-building-products---santa-barbara,SRS BUILDING PRODUCTS - SANTA BARBARA,srs-building-products,35 N Calle Cesar Chavez,Santa Barbara,CA,93103,34.419073,-119.6835497,8055394990,8055394992,"MONDAY - FRIDAY, 7:00 AM TO 4:00 PM",Thomas Diaz,Thomas.Diaz@srsbuildingproducts.com,Residential; Asphalt Shingles; Roof Tiles; Metal Roofs; Slate and Synthetic Roofs; Wood Shake and Shingles; Self-Adhered Roofs; Underlayment; Ice and Water Barriers; Roof Ventilation; Roofing Accessories; Skylights,https://www.srsdistribution.com/en/markets/our-brands/srs-building-products/srs-building-products---santa-barbara/
srs-building-products---madison,SRS BUILDING PRODUCTS - MADISON,srs-building-products,2402 Advance Rd ,Madison,WI,53718,43.0639694,-89.3041597,608-453-5300,608-453-5301,"MONDAY - FRIDAY, 7:00 AM TO 4:00 PM",Patrick Riojas,Patrick.Riojas@srsbuildingproducts.com,Commercial Roofing Materials; Gutter Materials; Roofing Products; Siding and Vinyl Shutters; Ventilation Products; Windows; Specialty Doors,https://www.srsdistribution.com/en/markets/our-brands/srs-building-products/srs-building-products---madison/
srs-building-products---flagler-beach,SRS BUILDING PRODUCTS - FLAGLER BEACH,srs-building-products,465 Roberts Rd,Flagler Beach,FL,32136,29.4893153,-81.1519222,386-356-5888,386-356-5889,"MONDAY - FRIDAY, 7:00 AM TO 4:30 PM",William Grimsley,William.Grimsley@suncoastrooferssupply.com,,https://www.srsdistribution.com/en/markets/our-brands/srs-building-products/srs-building-products---flagler-beach/
srs-building-products---florence,SRS BUILDING PRODUCTS - FLORENCE,srs-building-products,7850 Foundation Drive,Florence,KY,41042,38.9825169,-84.6006315,859-399-6644,859-399-6643,"MONDAY - FRIDAY, 7:30 AM TO 4:00 PM",Janzen Bartels,Janzen.Bartels@srsbuildingproducts.com,Shingles; Commercial Roofing; Metal Roofing; Windows,https://www.srsdistribution.com/en/markets/our-brands/srs-building-products/srs-building-products---florence/
srs-building-products---northwest-indianapolis,SRS BUILDING PRODUCTS - NORTHWEST INDIANAPOLIS,srs-building-products,"5220 W 76th St., Bldg 71",Indianapolis,IN,46268,39.8919382,-86.2522985,463-234-3111,463-234-3113,"MONDAY - FRIDAY, 7:00 AM TO 4:30 PM",Tyler Lease,Tyler.Lease@srsbuildingproducts.com,,https://www.srsdistribution.com/en/markets/our-brands/srs-building-products/srs-building-products---northwest-indianapolis/
srs-building-products---columbia,SRS BUILDING PRODUCTS - COLUMBIA,srs-building-products,200 Business Park Blvd,Columbia,SC,29203,34.1101316,-80.9521443,803-877-7677,803-877-7703,"MONDAY - FRIDAY, 7:00 AM TO 4:00 PM",Michael Ellinger,Michael.Ellinger@srsbuildingproducts.com,Columns and Patio Covers; Gutter Materials; Roofing Products; Siding and Vinyl Shutters; Ventilation Products; Windows; Asphalt Shingles; Cedar Shakes; Coatings & Waterproofing; Commercial Roofing; Decking; Doors; Insulation; Metal Roofing; Simulated & Real Stone Veneers; Skylights; Tools & Equipment; James Hardie Siding; Other Nearby Locations; AUGUSTA; CHARLOTTE; SOUTH CHARLOTTE; WEST COLUMBIA; SEND A MESSAGE TO THE BRANCH MANAGER,https://www.srsdistribution.com/en/markets/our-brands/srs-building-products/srs-building-products---columbia/
srs-building-products---homestead,SRS BUILDING PRODUCTS - HOMESTEAD,srs-building-products,1038 NW 4th St,Homestead,FL,33030,25.4730977,-80.4907429,(786) 475-7400,(786) 475-8204,"MONDAY - FRIDAY, 7:00 AM TO 4:30 PM",Damarys Rodriguez,Damarys.Rodriguez@srsbuildingproducts.com,,https://www.srsdistribution.com/en/markets/our-brands/srs-building-products/srs-building-products---homestead/
srs-building-products---tupelo,SRS BUILDING PRODUCTS - TUPELO,srs-building-products,2678 S Eason Blvd,Tupelo,MS,38804,34.236803,-88.6858583,662-228-0900,662-228-0901,"MONDAY - FRIDAY, 6:30 AM TO 4:30 PM",Jason McCaffrey,Jason.McCaffrey@srsbuildingproducts.com,Commercial Roofing; Asphalt Shingles; Paint; Sealants; Underlayment; Metal Roofing; Fasteners; Ridge; Edge; Wood; Roofing Tile; Ventilation Products,https://www.srsdistribution.com/en/markets/our-brands/srs-building-products/srs-building-products---tupelo/
srs-building-products---nashville,SRS BUILDING PRODUCTS - NASHVILLE,srs-building-products,805 42nd Avenue N,Nashville,TN,37209,36.15715,-86.83757,615-327-3935,629-802-0278,"MONDAY - FRIDAY, 7:00 AM TO 4:30 PM",Morgan Foulks,Morgan.Foulks@srsbuildingproducts.com,,https://www.srsdistribution.com/en/markets/our-brands/srs-building-products/srs-building-products---nashville/
srs-building-products---chattanooga,SRS BUILDING PRODUCTS - CHATTANOOGA,srs-building-products,1805 Crutchfield Street,Chattanooga,TN,37406,35.06646,-85.25859,423-698-0405,423-698-0408,"MONDAY - FRIDAY, 7:00 AM TO 4:30 PM",Zachary Battle,Zachary.Battle@srsbuildingproducts.com,Asphalt shingles; TPO; EPDM; BUR; Mod Bit; Tapered Insulation; Hatches; Edge Metal; Skylight; Coatings; Decking; Metal Roofing; Underlayment; Other Nearby Locations; CARTERSVILLE; COOKEVILLE; DALTON; WINCHESTER; SEND A MESSAGE TO THE BRANCH MANAGER,https://www.srsdistribution.com/en/markets/our-brands/srs-building-products/srs-building-products---chattanooga/
srs-building-products---east-monroe,SRS BUILDING PRODUCTS - EAST MONROE,srs-building-products,2100 Millhaven Rd,Monroe,LA,71201,32.5010459,-92.0865162,318-209-7227,318-209-7229,"MONDAY - FRIDAY, 7:00 AM TO 4:30 PM",John Blunschi,John.Blunschi@srsbuildingproducts.com,Commercial Roofing; Asphalt Shingles; Paint; Sealants; Underlayment; Metal Roofing; Fasteners; Ridge; Edge; Wood; Roofing Tile; Ventilation Products,https://www.srsdistribution.com/en/markets/our-brands/srs-building-products/srs-building-products---east-monroe/
srs-building-products---newnan,SRS BUILDING PRODUCTS - NEWNAN,srs-building-products,140 Herring Rd,Newnan ,GA,30265,33.4160173,-84.7531825,470-592-5299,470-592-5298,"MONDAY - FRIDAY, 7:00 AM TO 4:30 PM",Brian.O'Reilly@srsbuildingproducts.com,,Columns and Patio Covers; Gutter Materials; Roofing Products; Siding and Vinyl Shutters; Ventilation Products; Windows; Asphalt Shingles; Cedar Shakes; Coatings & Waterproofing; Commercial Roofing; Decking; Doors; Insulation; Metal Roofing; Simulated & Real Stone Veneers; Skylights; Tools & Equipment; James Hardie Siding; Other Nearby Locations; CONYERS; LITHIA SPRINGS; MARIETTA; NORCROSS; SEND A MESSAGE TO THE BRANCH MANAGER,https://www.srsdistribution.com/en/markets/our-brands/srs-building-products/srs-building-products---newnan/
srs-building-products---winchester,SRS BUILDING PRODUCTS - WINCHESTER,srs-building-products,110 Bunker Dr,Winchester,TN,37398,35.1705631,-86.1329523,931-230-0555,931-230-0565,"MONDAY - FRIDAY, 7:30 AM TO 4:30 PM",Stuwart Valdez,Stuwart.Valdez@srsbuildingproducts.com,,https://www.srsdistribution.com/en/markets/our-brands/srs-building-products/srs-building-products---winchester/
srs-building-products---petaluma,SRS BUILDING PRODUCTS - PETALUMA,srs-building-products,747 Petaluma Blvd S,Petaluma,CA,94952,38.2298066,-122.6285845,707-765-9722,707-765-9730,"MONDAY - FRIDAY, 7:00 AM TO 4:00 PM",Brian Mccracken,Brian.Mccracken@srsbuildingproducts.com,Asphalt shingles; Clay and concrete tile; Slate; Wood shakes and shingles; Synthetic slate and shake; Roof coatings; Metal roofing; Modified bitumen; Commercial roofing accessories; Built-up (BUR); Single-Ply; Skylights; Sun tunnels; Caulkings and sealants; Fasteners; Insulation; Waterproofing membranes; Other Nearby Locations; OAKLAND; PITTSBURG; SACRAMENTO; SOUTH SAN FRANCISCO; SEND A MESSAGE TO THE BRANCH MANAGER,https://www.srsdistribution.com/en/markets/our-brands/srs-building-products/srs-building-products---petaluma/
srs-building-products----yakima,SRS BUILDING PRODUCTS  - YAKIMA,srs-building-products,2004 S 14th St,Union Gap,WA,98903,46.5737848,-120.4835321,509-289-6500,509-289-6541,"MONDAY - FRIDAY, 7:00 AM TO 4:00 PM",Sean.Melton@srsbuildingproducts.com,,Columns and Patio Covers; Gutter Materials; Roofing Products; Siding and Vinyl Shutters; Ventilation Products; Windows; Other Nearby Locations; KENT; TACOMA; TACOMA SIDING; TRI-CITIES; SEND A MESSAGE TO THE BRANCH MANAGER,https://www.srsdistribution.com/en/markets/our-brands/srs-building-products/srs-building-products----yakima/
srs-building-products---eastanollee,SRS BUILDING PRODUCTS - EASTANOLLEE,srs-building-products,90 Clary Connector,Eastanollee,GA,30538,34.5284398,-83.2849098,706-883-5553,706-883-5552,"MONDAY - FRIDAY, 7:00 AM TO 4:30 PM",David Hamilton,David.Hamilton@srsbuildingproducts.com,Columns and Patio Covers; Gutter Materials; Roofing Products; Siding and Vinyl Shutters; Ventilation Products; Windows; Asphalt Shingles; Cedar Shakes; Coatings & Waterproofing; Commercial Roofing; Decking; Doors; Insulation; Metal Roofing; Simulated & Real Stone Veneers; Skylights; Tools & Equipment; James Hardie Siding; Other Nearby Locations; ALPHARETTA; ATHENS; GREENVILLE; NORCROSS; SEND A MESSAGE TO THE BRANCH MANAGER,https://www.srsdistribution.com/en/markets/our-brands/srs-building-products/srs-building-products---eastanollee/
srs-building-products---dalton,SRS BUILDING PRODUCTS - DALTON,srs-building-products,3368 Carpet Capital Dr SW,Dalton,GA,30720,34.67821,-85.00101,706-883-5558,706-883-5559,"MONDAY - FRIDAY, 7:00 AM TO 4:30 PM",Josh Henson,Josh.Henson@srsbuildingproducts.com,Columns and Patio Covers; Gutter Materials; Roofing Products; Siding and Vinyl Shutters; Ventilation Products; Windows; Asphalt Shingles; Cedar Shakes; Coatings & Waterproofing; Commercial Roofing; Decking; Doors; Insulation; Metal Roofing; Simulated & Real Stone Veneers; Skylights; Tools & Equipment; James Hardie Siding; Other Nearby Locations; ALPHARETTA; CARTERSVILLE; CHATTANOOGA; MARIETTA; SEND A MESSAGE TO THE BRANCH MANAGER,https://www.srsdistribution.com/en/markets/our-brands/srs-building-products/srs-building-products---dalton/
srs-building-products---visalia,SRS BUILDING PRODUCTS - VISALIA,srs-building-products,1424  E Tulare Ave,Visalia,CA,93292,36.3208354,-119.2780191,(559)-216-1551,(559)-216-1559,"MONDAY - FRIDAY, 6:30 AM TO 4:30 PM",Melissa.Smith@srsbuildingproducts.com,,Columns and Patio Covers; Gutter Materials; Roofing Products; Siding and Vinyl Shutters; Ventilation Products; Windows; James Hardie Siding; Other Nearby Locations; BAKERSFIELD; FRESNO; LANCASTER; SALINAS; SEND A MESSAGE TO THE BRANCH MANAGER,https://www.srsdistribution.com/en/markets/our-brands/srs-building-products/srs-building-products---visalia/
srs-building-products---georgetown,SRS BUILDING PRODUCTS - GEORGETOWN,srs-building-products,316 N Race St,Georgetown,DE,19947,38.69501,-75.38882,302-330-7711,302-330-7750,"MONDAY - FRIDAY, 7:00 AM TO 3:30 PM",Chris Zenzen,czenzen@srsbuildingproducts.com,Columns and Patio Covers; Gutter Materials; Roofing Products; Siding and Vinyl Shutters; Ventilation Products; Windows; Asphalt Shingles; Cedar Shakes; Coatings & Waterproofing; Commercial Roofing; Decking; Doors; Insulation; Metal Roofing; Simulated & Real Stone Veneers; Skylights; Tools & Equipment; James Hardie Siding; Other Nearby Locations; ANNAPOLIS; BALTIMORE; VINELAND; WILMINGTON (DE); SEND A MESSAGE TO THE BRANCH MANAGER,https://www.srsdistribution.com/en/markets/our-brands/srs-building-products/srs-building-products---georgetown/
srs-building-products---fort-pierce,SRS BUILDING PRODUCTS - FORT PIERCE,srs-building-products,2640 S Kings Hwy,Fort Pierce,FL,34945-2646,27.41767,-80.3985,772-777-8480,772-777-8580,"MONDAY - FRIDAY, 6:30 AM TO 4:00 PM",Jason Krenkel,Jason.Krenkel@srsbuildingproducts.com,,https://www.srsdistribution.com/en/markets/our-brands/srs-building-products/srs-building-products---fort-pierce/
srs-building-products---central-oklahoma-city,SRS BUILDING PRODUCTS - CENTRAL OKLAHOMA CITY,srs-building-products,2300 S. I-35 Service Rd,Oklahoma City,OK,73129,35.44212,-97.485,405-467-9444,405-467-9446,"MONDAY - FRIDAY, 7:00 AM TO 4:30 PM",,,,https://www.srsdistribution.com/en/markets/our-brands/srs-building-products/srs-building-products---central-oklahoma-city/
srs-building-products---foxboro,SRS BUILDING PRODUCTS - FOXBORO,srs-building-products,76 George Leven Drive,North Attleboro,MA,02760,42.00472,-71.30365,508-841-7995,508-841-7996,"MONDAY - FRIDAY, 7:00 AM TO 3:30 PM",Addam Dewitte,Addam.Dewitte@srsbuildingproducts.com,Columns and Patio Covers; Gutter Materials; Roofing Products; Siding and Vinyl Shutters; Ventilation Products; Windows; Other Nearby Locations; BRAINTREE; N DARTMOUTH; NORTH KINGSTOWN; SUDBURY; SEND A MESSAGE TO THE BRANCH MANAGER,https://www.srsdistribution.com/en/markets/our-brands/srs-building-products/srs-building-products---foxboro/
srs-building-products---saginaw,SRS BUILDING PRODUCTS - SAGINAW,srs-building-products,3460 Bay Rd.,Saginaw,MI,48603,43.45799,-83.97424,989-497-0100,989-497-1911,"MONDAY - FRIDAY, 8:00 AM TO 4:00 PM",Paul Grzegorczyk,PAUL.GRZEGORCZYK@SRSBUILDINGPRODUCTS.COM,Steep Slope Roofing; Low Slope Roofing; Exterior Cladding; Windows & Doors; Specialty Building Materials,https://www.srsdistribution.com/en/markets/our-brands/srs-building-products/srs-building-products---saginaw/
srs-building-products---sterling-heights,SRS BUILDING PRODUCTS - STERLING HEIGHTS,srs-building-products,33663 Mound Rd.,Sterling Heights,MI,48310,42.54076,-83.04889,586-978-8740,586-978-8910,"MONDAY - FRIDAY, 7:00 AM TO 4:30 PM",MIKE.ERICKSON@SRSBUILDINGPRODUCTS.COM,,Steep Slope Roofing; Low Slope Roofing; Exterior Cladding; Windows & Doors; Specialty Building Materials; Services; Delivery; Consulting; Estimating; Showrooms; Will-Call Service; Seamless Gutter Program; Insulation Blower Rental; Other Nearby Locations; MADISON HEIGHTS; PLYMOUTH; STERLING HEIGHTS NORTH; WATERFORD; SEND A MESSAGE TO THE BRANCH MANAGER,https://www.srsdistribution.com/en/markets/our-brands/srs-building-products/srs-building-products---sterling-heights/
srs-building-products---traverse-city-north,SRS BUILDING PRODUCTS - TRAVERSE CITY NORTH,srs-building-products,7201 M 72 E,Williamsburg,MI,49690,44.77348,-85.42982,231-267-5700,231-267-5742,"MONDAY - FRIDAY, 7:00 AM TO 3:00 PM",,,Steep Slope Roofing; Low Slope Roofing; Exterior Cladding; Windows & Doors; Specialty Building Materials; Services; Delivery; Consulting; Estimating; Showrooms; Will-Call Service; Seamless Gutter Program; Insulation Blower Rental; Other Nearby Locations; SAGINAW; SOUTH GRAND RAPIDS; TRAVERSE CITY; WEST OLIVE; SEND A MESSAGE TO THE BRANCH MANAGER,https://www.srsdistribution.com/en/markets/our-brands/srs-building-products/srs-building-products---traverse-city-north/
srs-building-products---toledo,SRS BUILDING PRODUCTS - TOLEDO,srs-building-products,13006 Eckel Junction Rd.,Perrysburg,OH,43551,41.5383,-83.64526,419-873-9800,419-873-9833,"MONDAY - FRIDAY, 7:00 AM TO 4:30 PM",Matt Harman,Matt.Harman@srsbuildingproducts.com,Steep Slope Roofing; Low Slope Roofing; Exterior Cladding; Windows & Doors; Specialty Building Materials,https://www.srsdistribution.com/en/markets/our-brands/srs-building-products/srs-building-products---toledo/
srs-building-products---waterford,SRS BUILDING PRODUCTS - WATERFORD,srs-building-products,1131 Sylvertis,Waterford,MI,48328,42.65551,-83.38055,248-673-7435,248-673-2830,"MONDAY - FRIDAY, 7:00 AM TO 4:30 PM",Mike Sprunk,MIKE.SPRUNK@SRSBUILDINGPRODUCTS.COM,Steep Slope Roofing; Low Slope Roofing; Exterior Cladding; Windows & Doors; Specialty Building Materials; Services; Delivery; Consulting; Estimating; Showrooms; Will-Call Service; Seamless Gutter Program; Insulation Blower Rental; Other Nearby Locations; MADISON HEIGHTS; PLYMOUTH; STERLING HEIGHTS; STERLING HEIGHTS NORTH; SEND A MESSAGE TO THE BRANCH MANAGER,https://www.srsdistribution.com/en/markets/our-brands/srs-building-products/srs-building-products---waterford/
srs-building-products---south-grand-rapids,SRS BUILDING PRODUCTS - SOUTH GRAND RAPIDS,srs-building-products,1456 28th St SW,Wyoming,MI,49509,42.91262,-85.70244,616-885-1500,616-885-1510,"MONDAY - FRIDAY, 7:00 AM TO 4:30 PM",CHRISTIAN.POTTER@SRSBUILDINGPRODUCTS.COM,,Steep Slope Roofing; Low Slope Roofing; Exterior Cladding; Windows & Doors; Specialty Building Materials; Services; Delivery; Consulting; Estimating; Showrooms; Will-Call Service; Seamless Gutter Program; Insulation Blower Rental; Other Nearby Locations; GRAND RAPIDS; KALAMAZOO; LANSING; WEST OLIVE; SEND A MESSAGE TO THE BRANCH MANAGER,https://www.srsdistribution.com/en/markets/our-brands/srs-building-products/srs-building-products---south-grand-rapids/
srs-building-products---lansing,SRS BUILDING PRODUCTS - LANSING,srs-building-products,1615 E. Miller Rd.,Lansing,MI,48911,42.66999,-84.52908,517-272-6900,517-272-6933,"MONDAY - FRIDAY, 7:00 AM TO 4:30 PM",Brian Miller,Brian.Miller1@srsbuildingproducts.com,Steep Slope Roofing; Low Slope Roofing; Exterior Cladding; Windows & Doors; Specialty Building Materials; Services; Delivery; Consulting; Estimating; Showrooms; Will-Call Service; Seamless Gutter Program; Insulation Blower Rental; Other Nearby Locations; GRAND RAPIDS; KALAMAZOO; PLYMOUTH; WATERFORD; SEND A MESSAGE TO THE BRANCH MANAGER,https://www.srsdistribution.com/en/markets/our-brands/srs-building-products/srs-building-products---lansing/
srs-building-products---wayne,SRS BUILDING PRODUCTS - WAYNE,srs-building-products,36340 Van Born Rd.,Wayne,MI,48184,42.26723,-83.3958,734-722-3460,734-722-0031,"MONDAY - FRIDAY, 7:00 AM TO 4:30 PM",Al Dechene,AL.DECHENE@SRSBUILDINGPRODUCTS.COM,Steep Slope Roofing; Low Slope Roofing; Exterior Cladding; Windows & Doors; Specialty Building Materials; Services; Delivery; Consulting; Estimating; Showrooms; Will-Call Service; Seamless Gutter Program; Insulation Blower Rental; Other Nearby Locations; MONROE; MADISON HEIGHTS; PLYMOUTH; STERLING HEIGHTS; SEND A MESSAGE TO THE BRANCH MANAGER,https://www.srsdistribution.com/en/markets/our-brands/srs-building-products/srs-building-products---wayne/
srs-building-products---feasterville,SRS BUILDING PRODUCTS - FEASTERVILLE,srs-building-products,820 Pennsylvania Blvd,Feasterville,PA,19053,40.1491,-75.01537,215-673-4323,215-673-9557,"MONDAY - FRIDAY, 7:00 AM TO 4:00 PM",Michael Sandford,MICHAEL.SANDFORD@SRSBUILDINGPRODUCTS.COM,,https://www.srsdistribution.com/en/markets/our-brands/srs-building-products/srs-building-products---feasterville/
srs-building-products---flemington,SRS BUILDING PRODUCTS - FLEMINGTON,srs-building-products,171 US Highway 202/31 South,Flemington,NJ,08822,40.4774,-74.86437,908-782-8595,908-782-5506,"MONDAY - FRIDAY, 7:00 AM TO 4:00 PM",Greg Sakos,Greg.Sakos@SRSBUILDINGPRODUCTS.COM,,https://www.srsdistribution.com/en/markets/our-brands/srs-building-products/srs-building-products---flemington/
srs-building-products---north-wales,SRS BUILDING PRODUCTS - NORTH WALES,srs-building-products,710 Dickerson Road,North Wales,PA,19454,40.22007,-75.28177,215-699-5900,215-699-6245,"MONDAY - FRIDAY, 7:00 AM TO 3:30 PM",Andrew Miller,ANDREW.MILLER@SRSBUILDINGPRODUCTS.COM,,https://www.srsdistribution.com/en/markets/our-brands/srs-building-products/srs-building-products---north-wales/
srs-building-products---quakertown,SRS BUILDING PRODUCTS - QUAKERTOWN,srs-building-products,590 California Rd,Quakertown,PA,18951,40.45996,-75.35606,215-538-9300,215-538-9660,"MONDAY - FRIDAY, 7:00 AM TO 4:00 PM",Gregory Diehl,GREGORY.DIEHL@SRSBUILDINGPRODUCTS.COM,,https://www.srsdistribution.com/en/markets/our-brands/srs-building-products/srs-building-products---quakertown/
srs-building-products---whitehall,SRS BUILDING PRODUCTS - WHITEHALL,srs-building-products,3325 7th St,Whitehall,PA,18052,40.651474,-75.4955664,610-435-0200,610-435-3350,"MONDAY - FRIDAY, 7:00 AM TO 4:00 PM",PAUL.WEIERBACH@SRSBUILDINGPRODUCTS.COM,,,https://www.srsdistribution.com/en/markets/our-brands/srs-building-products/srs-building-products---whitehall/
srs-building-products---doylestown,SRS BUILDING PRODUCTS - DOYLESTOWN,srs-building-products,4083 East Swamp Road,Doylestown,PA,18902,40.326804,-75.126487,215-348-8400,215-348-4930,"MONDAY - FRIDAY, 7:00 AM TO 3:30 PM",Brian Conner,BRIAN.CONNER@SRSBUILDINGPRODUCTS.COM,,https://www.srsdistribution.com/en/markets/our-brands/srs-building-products/srs-building-products---doylestown/
srs-building-products---las-vegas,SRS BUILDING PRODUCTS - LAS VEGAS,srs-building-products,4255 S Valley View Blvd,Las Vegas,NV,89103,36.1123,-115.190437,702-550-7551,703-550-7350,"MONDAY - FRIDAY, 6:30 AM TO 4:00 PM",Thomas Lapin,Thomas.Lapin@srsbuildingproducts.com,Columns and Patio Covers; Gutter Materials; Roofing Products; Siding and Vinyl Shutters; Ventilation Products; Windows; Asphalt Shingles; Cedar Shakes; Coatings & Waterproofing; Commercial Roofing; Decking; Doors; Insulation; Metal Roofing; Simulated & Real Stone Veneers; Skylights; Tools & Equipment; James Hardie Siding; Other Nearby Locations; CEDAR CITY; LAKE HAVASU; ST. GEORGE; VICTOR VALLEY; SEND A MESSAGE TO THE BRANCH MANAGER,https://www.srsdistribution.com/en/markets/our-brands/srs-building-products/srs-building-products---las-vegas/
srs-building-products---kauai,SRS BUILDING PRODUCTS - KAUAI,srs-building-products,4-1525 Kuhio Hwy,Kapa&#39;A,HI,96746-1831,22.0791089,-159.3150616,808-378-4446,808-378-4448,"MONDAY - FRIDAY, 7:00 AM TO 4:00 PM",Ryan Boyer,Ryan.Boyer@srsbuildingproducts.com,"Asphalt Shingles; Concrete Roof Tiles; Clay Roof Tiles; Treated Cedar Shakes; Composite; Metal Roofing; Underlayments; Roof COatings & Accessories; Fasteners; Flashings; Caulks; Services; Material Delivery; Conveyor Roof Loading; Roof Debris Hauling and Disposal; 42-foot Boom Truck Services; Forklifts; Flatbed Trucks and Trailers; Certified, Professional Equipment Operators; On-site Metal roof roll forming services; Other Nearby Locations; HONOLULU; OAKLAND; PETALUMA; SOUTH SAN FRANCISCO; SEND A MESSAGE TO THE BRANCH MANAGER",https://www.srsdistribution.com/en/markets/our-brands/srs-building-products/srs-building-products---kauai/
srs-building-products---north-buffalo,SRS BUILDING PRODUCTS - NORTH BUFFALO,srs-building-products,285 Chandler St,Buffalo,NY,14207-2476,42.94304,-78.88115,716-876-5400,716-876-8550,"MONDAY - FRIDAY, 7:00 AM TO 4:00 PM",JJ Moscato,JJ.MOSCATO@SRSBUILDINGPRODUCTS.COM,"Roofing; Steep Slope; Slate; Metal; Commercial; Ventilation; Skylights; Tapered Roof Systems; Underlayments; Ice & Water Shield; Cements & Coatings; Sheathing; Vinyl; Insulated Vinyl; Fiber Cement; Composite; Veneer Stone; Shake; Underlayments; Accessories; Trim; Gutters; Columns; Shutters, Mounts and Vents; Caulks & Sealants; Windows; Wood; Vinyl; Aluminum Clad; Commercial; Doors; Interior & Exterior; Wood; Steel; Fiberglass; Commercial; Decking & Railing; Residential & Commercial; Services; Cost estimates",https://www.srsdistribution.com/en/markets/our-brands/srs-building-products/srs-building-products---north-buffalo/
srs-building-products---chicago-west,SRS BUILDING PRODUCTS - CHICAGO WEST,srs-building-products,4240 W 40th Street,Chicago,IL,60632,41.81986,-87.73176,773-475-0755,773-475-0749,"MONDAY - FRIDAY, 7:00 AM TO 3:00 PM",Diane Guzman,Diane.Guzman@srsbuildingproducts.com,Columns and Patio Covers; Gutter Materials; Roofing Products; Siding and Vinyl Shutters; Ventilation Products; Windows; Asphalt Shingles; Cedar Shakes; Coatings & Waterproofing; Commercial Roofing; Decking; Doors; Insulation; Metal Roofing; Simulated & Real Stone Veneers; Skylights; Tools & Equipment; James Hardie Siding; Other Nearby Locations; ADDISON; CHICAGO; CHICAGO HEIGHTS; ELMHURST; SEND A MESSAGE TO THE BRANCH MANAGER,https://www.srsdistribution.com/en/markets/our-brands/srs-building-products/srs-building-products---chicago-west/
srs-building-products---chicago-heights,SRS BUILDING PRODUCTS - CHICAGO HEIGHTS,srs-building-products,1125 Halsted St,Chicago Heights,IL,60411,41.51059,-87.63522,708-754-9339,708-754-6204,"MONDAY - FRIDAY, 6:30 AM TO 3:00 PM",Ross Ridder,Ross.Ridder@srsbuildingproducts.com,Columns and Patio Covers; Gutter Materials; Roofing Products; Siding and Vinyl Shutters; Ventilation Products; Windows; Asphalt Shingles; Cedar Shakes; Coatings & Waterproofing; Commercial Roofing; Decking; Doors; Insulation; Metal Roofing; Simulated & Real Stone Veneers; Skylights; Tools & Equipment; James Hardie Siding; Other Nearby Locations; CHICAGO; CHICAGO WEST; HOBART; JOLIET; SEND A MESSAGE TO THE BRANCH MANAGER,https://www.srsdistribution.com/en/markets/our-brands/srs-building-products/srs-building-products---chicago-heights/
srs-building-products---murrieta,SRS BUILDING PRODUCTS - MURRIETA,srs-building-products,41220 Guava St.,Murrieta,CA,92562,33.547401,-117.188507,951-227-7177,951227-7175,"MONDAY - FRIDAY, 6:00 AM TO 4:00 PM",Knut Renton,Knut.Renton@srsbuildingproducts.com,Residential; Asphalt Shingles; Roof Tiles; Metal Roofs; Slate and Synthetic Roofs; Wood Shake and Shingles; Self-Adhered Roofs; Underlayment; Ice and Water Barriers; Roof Ventilation; Roofing Accessories; Skylights,https://www.srsdistribution.com/en/markets/our-brands/srs-building-products/srs-building-products---murrieta/
srs-building-products---gainesville,SRS BUILDING PRODUCTS - GAINESVILLE,srs-building-products,2040 NW 67th Place,Gainesville,FL,32653,29.716845,-82.3511041,352-619-2299,352-619-2258,"MONDAY - FRIDAY, 7:00 AM TO 4:00 PM",Dalton Homan,Dalton.Homan@srsbuildingproducts.com,,https://www.srsdistribution.com/en/markets/our-brands/srs-building-products/srs-building-products---gainesville/
srs-building-products---chicago,SRS BUILDING PRODUCTS - CHICAGO,srs-building-products,2655 W 48th Street,Chicago,IL,60632,41.80635,-87.69165,773-927-5851,773-927-7997,"MONDAY - FRIDAY, 7:00 AM TO 3:00 PM",Javier Solis,Javier.Solis@srsbuildingproducts.com,Steep Slope Roofing; Low Slope Roofing; Siding & Accessories; Gutters & Accessories; Windows & Skylights; Tools & Equipment; Other Nearby Locations; ADDISON; CHICAGO HEIGHTS; CHICAGO WEST; ELMHURST; SEND A MESSAGE TO THE BRANCH MANAGER,https://www.srsdistribution.com/en/markets/our-brands/srs-building-products/srs-building-products---chicago/
srs-building-products---tacoma-siding,SRS BUILDING PRODUCTS - TACOMA SIDING,srs-building-products,1801 E D Street,Tacoma,WA,98421,47.246644,-122.42967,253-317-2888,253-317-2889,"MONDAY - FRIDAY, 7:00 AM TO 4:00 PM",Andy Domingo,Andy.Domingo@srsbuildingproducts.com,Columns and Patio Covers; Gutter Materials; Roofing Products; Siding and Vinyl Shutters; Ventilation Products; Windows; Other Nearby Locations; BREMERTON; KENT; OLYMPIA; TACOMA; SEND A MESSAGE TO THE BRANCH MANAGER,https://www.srsdistribution.com/en/markets/our-brands/srs-building-products/srs-building-products---tacoma-siding/
srs-building-products---st.-peters,SRS BUILDING PRODUCTS - ST. PETERS,srs-building-products,4890 North Service Road,St. Peters,MO,63376,38.799734,-90.60436,636-970-1976,636-875-5031,"MONDAY - FRIDAY, 7:00 AM TO 4:00 PM",Spenser Deom,Spenser.Deom@srsbuildingproducts.com,Commercial Roofing; Asphalt Shingles; Paint; Sealants; Underlayment; Metal Roofing; Fasteners; Ridge; Edge; Wood; Roofing Tile; Ventilation Products,https://www.srsdistribution.com/en/markets/our-brands/srs-building-products/srs-building-products---st.-peters/
srs-building-products---pevely,SRS BUILDING PRODUCTS - PEVELY,srs-building-products,8518 Herrington Court,Pevely,MO,63070,38.29775,-90.3991,636-475-3800,636-475-9439,"MONDAY - FRIDAY, 7:00 AM TO 4:30 PM",James Cochrane,James.Cochrane@srsbuildingproducts.com,Commercial Roofing; Asphalt Shingles; Paint; Sealants; Underlayment; Metal Roofing; Fasteners; Ridge; Edge; Wood; Roofing Tile; Ventilation Products,https://www.srsdistribution.com/en/markets/our-brands/srs-building-products/srs-building-products---pevely/
srs-building-products---hollister,SRS BUILDING PRODUCTS - HOLLISTER,srs-building-products,181 Hollister Point Drive,Hollister,MO,65672,36.614427,-93.224931,417-690-4733,417-621-9130,"MONDAY - FRIDAY, 7:00 AM TO 4:30 PM",Daryl Sims Barker,Daryl.Barker@srsbuildingproducts.com,,https://www.srsdistribution.com/en/markets/our-brands/srs-building-products/srs-building-products---hollister/
srs-building-products---lowell,SRS BUILDING PRODUCTS - LOWELL,srs-building-products,418 S. Bloomington Street,Lowell,AR,72745,36.247699,-94.137821,479-725-0077,479-725-0078,"MONDAY - FRIDAY, 7:00 AM TO 4:30 PM",Curt Rizley,Curt.Rizley@srsbuildingproducts.com,,https://www.srsdistribution.com/en/markets/our-brands/srs-building-products/srs-building-products---lowell/
srs-building-products---windsor,SRS BUILDING PRODUCTS - WINDSOR,srs-building-products,60 Baker Hollow Road,Windsor,CT,06095-2133,41.872244,-72.695105,860-544-0677,860-544-0678,"MONDAY - FRIDAY, 7:00 AM TO 4:00 PM",Jennifer Bruening,Jennifer.Bruening@srsbuildingproducts.com,"Cedar, Slate, Synthetics & Tile; Commercial Roofing; Gutters & Accessories; Meta; Residential Roofing; Siding & Decking; Skylights, Windows & Doors; Waterproofing; Other Nearby Locations; DANBURY; NORTH HAVEN; NORWICH; WATERBURY; SEND A MESSAGE TO THE BRANCH MANAGER",https://www.srsdistribution.com/en/markets/our-brands/srs-building-products/srs-building-products---windsor/
srs-building-products---east-san-diego,SRS BUILDING PRODUCTS - EAST SAN DIEGO,srs-building-products,8336 Case Street,La Mesa,CA,91942,32.774384,-117.019546,619-485-9885,619-485-9883,"MONDAY - FRIDAY, 6:00 AM TO 4:00 PM",Raul Fletes,Raul.Fletes@srsbuildingproducts.com,Columns and Patio Covers; Gutter Materials; Roofing Products; Siding and Vinyl Shutters; Ventilation Products; Windows; James Hardie Siding; Other Nearby Locations; MURRIETA; SAN DIEGO; SANTA ANA; VISTA; SEND A MESSAGE TO THE BRANCH MANAGER,https://www.srsdistribution.com/en/markets/our-brands/srs-building-products/srs-building-products---east-san-diego/
srs-building-products---lakeville,SRS BUILDING PRODUCTS - LAKEVILLE,srs-building-products,"11120 225th Street East, Suite 400",Lakeville,MN,55044,44.624006,-93.294868,952-395-1800,952-395-1801,"MONDAY - FRIDAY, 7:00 AM TO 4:30 PM",JARROD SPOONEMORE,JARROD.SPOONEMORE@srsbuildingproducts.com,Columns and Patio Covers; Gutter Materials; Roofing Products; Siding and Vinyl Shutters; Ventilation Products; Windows; Asphalt Shingles; Cedar Shakes; Coatings & Waterproofing; Commercial Roofing; Decking; Doors; Insulation; Metal Roofing; Simulated & Real Stone Veneers; Skylights; Tools & Equipment; James Hardie Siding; Other Nearby Locations; EAGAN; MEDINA; MINNEAPOLIS; STEVENS POINT; SEND A MESSAGE TO THE BRANCH MANAGER,https://www.srsdistribution.com/en/markets/our-brands/srs-building-products/srs-building-products---lakeville/
srs-building-products---gulfport,SRS BUILDING PRODUCTS - GULFPORT,srs-building-products,11298 Reichold Rd,Gulfport,MS,39503,30.4288,-89.027912,228-687-9990,228-687-9992,"MONDAY - FRIDAY, 7:00 AM TO 4:30 PM",Neecie.Merson@srsbuildingproducts.com,,Commercial Roofing; Asphalt Shingles; Paint; Sealants; Underlayment; Metal Roofing; Fasteners; Ridge; Edge; Wood; Roofing Tile; Ventilation Products,https://www.srsdistribution.com/en/markets/our-brands/srs-building-products/srs-building-products---gulfport/
srs-building-products---huntington-wv-,SRS BUILDING PRODUCTS - HUNTINGTON WV ,srs-building-products,1660 Virginia Avenue West,Huntington,WV,25704,38.413314,-82.48549,800-231-6307,304-429-3578,"MONDAY - FRIDAY, 7:30 AM TO 4:00 PM",Keith Nelson,KEITH.NELSON@SRSBUILDINGPRODUCTS.COM,Columns and Patio Covers; Gutter Materials; Roofing Products; Siding and Vinyl Shutters; Ventilation Products; Windows; Asphalt Shingles; Cedar Shakes; Coatings & Waterproofing; Commercial Roofing; Decking; Doors; Insulation; Metal Roofing; Simulated & Real Stone Veneers; Skylights; Tools & Equipment; James Hardie Siding; Other Nearby Locations; COLUMBUS; LOVELAND; N COLUMBUS; N LEXINGTON; SEND A MESSAGE TO THE BRANCH MANAGER,https://www.srsdistribution.com/en/markets/our-brands/srs-building-products/srs-building-products---huntington-wv-/
srs-building-products---tifton,SRS BUILDING PRODUCTS - TIFTON,srs-building-products,4559 Union Road,Tifton,GA,31794,31.419065,-83.516509,229-213-7688,229-213-9388,"MONDAY - FRIDAY, 7:00 AM TO 4:30 PM",Cullen Williams,Cullen.Williams@srsbuildingproducts.com,Columns and Patio Covers; Gutter Materials; Roofing Products; Siding and Vinyl Shutters; Ventilation Products; Windows; Asphalt Shingles; Cedar Shakes; Coatings & Waterproofing; Commercial Roofing; Decking; Doors; Insulation; Metal Roofing; Simulated & Real Stone Veneers; Skylights; Tools & Equipment; James Hardie Siding; Other Nearby Locations; ALBANY; TALLAHASSEE; TALLAHASSEE WEST; VALDOSTA; SEND A MESSAGE TO THE BRANCH MANAGER,https://www.srsdistribution.com/en/markets/our-brands/srs-building-products/srs-building-products---tifton/
srs-building-products---fort-wayne,SRS BUILDING PRODUCTS - FORT WAYNE,srs-building-products,5030 Executive Blvd,Fort Wayne,IN,46808,41.125678,-85.165073,888-447-4485,260-484-5992,"MONDAY - FRIDAY, 7:30 AM TO 4:00 PM",Joe Rust,JOE.RUST@SRSBUILDINGPRODUCTS.COM,Residential Roofing; Commercial Roofing; Affiliated Brands; Other Nearby Locations; KALAMAZOO; MISHAWAKA; ST JOSEPH; TOLEDO; SEND A MESSAGE TO THE BRANCH MANAGER,https://www.srsdistribution.com/en/markets/our-brands/srs-building-products/srs-building-products---fort-wayne/
srs-building-products---grand-rapids,SRS BUILDING PRODUCTS - GRAND RAPIDS,srs-building-products,5770 Clay Ave. SW,Wyoming,MI,49548,42.858649,-85.675175,877-534-4224,616-534-1995,"MONDAY - FRIDAY, 7:00 AM TO 4:30 PM",Mike Byerly,MIKE.BYERLY@SRSBUILDINGPRODUCTS.COM,"Commercial; Single Ply Roofing: TPO, EPDM, & PVC; PolyIso Insulation; Roofing Products; Modified Bitumen; Roof Coatings; Waterproofing; Air & Vapor Barriers; Coverboards; Adhesives; Residential Roofing; Affiliated Brands; Other Nearby Locations; KALAMAZOO; LANSING; SOUTH GRAND RAPIDS; WEST OLIVE; SEND A MESSAGE TO THE BRANCH MANAGER",https://www.srsdistribution.com/en/markets/our-brands/srs-building-products/srs-building-products---grand-rapids/
srs-building-products---madison-heights,SRS BUILDING PRODUCTS - MADISON HEIGHTS,srs-building-products,605 East 12 Mile Road,Madison Heights,MI,48071,42.505669,-83.101213,800-572-5037,248-591-6720,"MONDAY - FRIDAY, 6:30 AM TO 4:00 PM",Jayme Parks,JAYME.PARKS@SRSBUILDINGPRODUCTS.COM,"Commercial; Single Ply Roofing: TPO, EPDM, & PVC; PolyIso Insulation; Roofing Products; Modified Bitumen; Roof Coatings; Waterproofing; Air & Vapor Barriers; Coverboards; Adhesives; Residential Roofing; Affiliated Brands; Other Nearby Locations; PLYMOUTH; STERLING HEIGHTS; STERLING HEIGHTS NORTH; WATERFORD; SEND A MESSAGE TO THE BRANCH MANAGER",https://www.srsdistribution.com/en/markets/our-brands/srs-building-products/srs-building-products---madison-heights/
srs-building-products---east-indianapolis,SRS BUILDING PRODUCTS - EAST INDIANAPOLIS,srs-building-products,3250 N. Shadeland,Indianapolis,IN,46226,39.816056,-86.04608,888-447-1152,317-353-8267,"MONDAY - FRIDAY, 6:30 AM TO 4:30 PM",Ron Tribble,RON.TRIBBLE@SRSBUILDINGPRODUCTS.COM,"Commercial; Single Ply Roofing: TPO, EPDM, & PVC; PolyIso Insulation; Roofing Products; Modified Bitumen; Roof Coatings; Waterproofing; Air & Vapor Barriers; Coverboards; Adhesives; Residential Roofing; Affiliated Brands; Other Nearby Locations; BLOOMINGTON; CINCINNATI; INDIANAPOLIS; NORTHWEST INDIANAPOLIS; SEND A MESSAGE TO THE BRANCH MANAGER",https://www.srsdistribution.com/en/markets/our-brands/srs-building-products/srs-building-products---east-indianapolis/
srs-building-products---canyon-country,SRS BUILDING PRODUCTS - CANYON COUNTRY,srs-building-products,16950 Sierra Hwy.,Canyon Country,CA,91351,34.439764,-118.430169,6612903325,6612522662,"MONDAY - FRIDAY, 6:30 AM TO 4:00 PM",Alfredo Muro,Alfredo.Muro@srsbuildingproducts.com,Residential; Asphalt Shingles; Roof Tiles; Metal Roofs; Slate and Synthetic Roofs; Wood Shake and Shingles; Self-Adhered Roofs; Underlayment; Ice and Water Barriers; Roof Ventilation; Roofing Accessories; Skylights,https://www.srsdistribution.com/en/markets/our-brands/srs-building-products/srs-building-products---canyon-country/
srs-building-products---gardena,SRS BUILDING PRODUCTS - GARDENA,srs-building-products,15001 Staff Court,Gardena,CA,90248,33.895882,-118.275209,310-769-0440,424-292-9762,"MONDAY - FRIDAY, 6:00 AM TO 4:00 PM",Kevin.Boyko@srsbuildingproducts.com,,Residential; Asphalt Shingles; Roof Tiles; Metal Roofs; Slate and Synthetic Roofs; Wood Shake and Shingles; Self-Adhered Roofs; Underlayment; Ice and Water Barriers; Roof Ventilation; Roofing Accessories; Skylights,https://www.srsdistribution.com/en/markets/our-brands/srs-building-products/srs-building-products---gardena/
srs-building-products---anaheim,SRS BUILDING PRODUCTS - ANAHEIM,srs-building-products,1391 N. Hundley St.,Anaheim,CA,92806,33.86048,-117.863908,714-666-0440,657-276-7115,"MONDAY - FRIDAY, 6:00 AM TO 4:00 PM",Arturo.Fernandez@srsbuildingproducts.com,,Residential; Asphalt Shingles; Roof Tiles; Metal Roofs; Slate and Synthetic Roofs; Wood Shake and Shingles; Self-Adhered Roofs; Underlayment; Ice and Water Barriers; Roof Ventilation; Roofing Accessories; Skylights,https://www.srsdistribution.com/en/markets/our-brands/srs-building-products/srs-building-products---anaheim/
srs-building-products---chatsworth,SRS BUILDING PRODUCTS - CHATSWORTH,srs-building-products,21524 Nordhoff St.,Chatsworth,CA,91311,34.235047,-118.599344,818-998-0440,818-998-7895,"MONDAY - FRIDAY, 6:30 AM TO 4:30 PM",Becca Worden,Becca.Worden@srsbuildingproducts.com,Residential; Asphalt Shingles; Roof Tiles; Metal Roofs; Slate and Synthetic Roofs; Wood Shake and Shingles; Self-Adhered Roofs; Underlayment; Ice and Water Barriers; Roof Ventilation; Roofing Accessories; Skylights,https://www.srsdistribution.com/en/markets/our-brands/srs-building-products/srs-building-products---chatsworth/
srs-building-products---torrance,SRS BUILDING PRODUCTS - TORRANCE,srs-building-products,2407 Sepulveda Blvd,Torrance,CA,90501,33.821571,-118.325647,310-787-0440,310-787-8048,"MONDAY - FRIDAY, 6:00 AM TO 4:00 PM",Gabriel Campos,Gabriel.Campos@srsbuildingproducts.com,Residential; Asphalt Shingles; Roof Tiles; Metal Roofs; Slate and Synthetic Roofs; Wood Shake and Shingles; Self-Adhered Roofs; Underlayment; Ice and Water Barriers; Roof Ventilation; Roofing Accessories; Skylights,https://www.srsdistribution.com/en/markets/our-brands/srs-building-products/srs-building-products---torrance/
srs-building-products---san-bernardino,SRS BUILDING PRODUCTS - SAN BERNARDINO,srs-building-products,123 South D St.,San Bernardino,CA,92401,34.099386,-117.291254,909-888-7663,909-386-0530,"MONDAY - FRIDAY, 6:00 AM TO 4:00 PM",Arleen Ilog,Arleen.Ilog@srsbuildingproducts.com,Residential; Asphalt Shingles; Roof Tiles; Metal Roofs; Slate and Synthetic Roofs; Wood Shake and Shingles; Self-Adhered Roofs; Underlayment; Ice and Water Barriers; Roof Ventilation; Roofing Accessories; Skylights,https://www.srsdistribution.com/en/markets/our-brands/srs-building-products/srs-building-products---san-bernardino/
srs-building-products---pasadena,SRS BUILDING PRODUCTS - PASADENA,srs-building-products,1095 S. Fair Oaks Ave.,Pasadena,CA,91105,34.126942,-118.150598,626-799-0440,626-799-0310,"MONDAY - FRIDAY, 7:00 AM TO 4:00 PM",Pete Delgado,Pete.Delgado@srsbuildingproducts.com,Residential; Asphalt Shingles; Roof Tiles; Metal Roofs; Slate and Synthetic Roofs; Wood Shake and Shingles; Self-Adhered Roofs; Underlayment; Ice and Water Barriers; Roof Ventilation; Roofing Accessories; Skylights,https://www.srsdistribution.com/en/markets/our-brands/srs-building-products/srs-building-products---pasadena/
srs-building-products---lancaster,SRS BUILDING PRODUCTS - LANCASTER,srs-building-products,45515 23rd St W,Lancaster,CA,93536,34.709738,-118.172193,661-948-4537,661-948-2912,"MONDAY - FRIDAY, 6:00 AM TO 4:00 PM",Julio Garcia,Julio.Garcia@srsbuildingproducts.com,Residential; Asphalt Shingles; Roof Tiles; Metal Roofs; Slate and Synthetic Roofs; Wood Shake and Shingles; Self-Adhered Roofs; Underlayment; Ice and Water Barriers; Roof Ventilation; Roofing Accessories; Skylights,https://www.srsdistribution.com/en/markets/our-brands/srs-building-products/srs-building-products---lancaster/
srs-building-products---ventura,SRS BUILDING PRODUCTS - VENTURA,srs-building-products,3810 Transport St.,Ventura,CA,93003,34.256978,-119.243998,805-648-5025,805-648-5033,"MONDAY - FRIDAY, 6:00 AM TO 4:00 PM",Rod Ceres,Rod.Ceres@srsbuildingproducts.com,Residential; Asphalt Shingles; Roof Tiles; Metal Roofs; Slate and Synthetic Roofs; Wood Shake and Shingles; Self-Adhered Roofs; Underlayment; Ice and Water Barriers; Roof Ventilation; Roofing Accessories; Skylights,https://www.srsdistribution.com/en/markets/our-brands/srs-building-products/srs-building-products---ventura/
srs-building-products---santa-fe-springs,SRS BUILDING PRODUCTS - SANTA FE SPRINGS,srs-building-products,13105 Lakeland Road,Santa Fe Springs,CA,90670,33.9321177,-118.0530991,562-404-7663,562-404-7604,"MONDAY - FRIDAY, 6:30 AM TO 4:00 PM",Steven Olguin,Steven.Olguin@srsbuildingproducts.com,Residential; Asphalt Shingles; Roof Tiles; Metal Roofs; Slate and Synthetic Roofs; Wood Shake and Shingles; Self-Adhered Roofs; Underlayment; Ice and Water Barriers; Roof Ventilation; Roofing Accessories; Skylights,https://www.srsdistribution.com/en/markets/our-brands/srs-building-products/srs-building-products---santa-fe-springs/
srs-building-products---kalamazoo,SRS BUILDING PRODUCTS - KALAMAZOO,srs-building-products,3825 Lake Street,Kalamazoo,MI,49048,42.2837312,-85.5316879,269-775-0551,269-775-0552,"MONDAY - FRIDAY, 7:00 AM TO 4:00 PM",Nick Henry,NICK.HENRY@SRSBUILDINGPRODUCTS.COM,Columns and Patio Covers; Gutter Materials; Roofing Products; Siding and Vinyl Shutters; Ventilation Products; Windows; Asphalt Shingles; Cedar Shakes; Coatings & Waterproofing; Commercial Roofing; Decking; Doors; Insulation; Metal Roofing; Simulated & Real Stone Veneers; Skylights; Tools & Equipment; James Hardie Siding; Other Nearby Locations; GRAND RAPIDS; MISHAWAKA; SOUTH GRAND RAPIDS; ST JOSEPH; SEND A MESSAGE TO THE BRANCH MANAGER,https://www.srsdistribution.com/en/markets/our-brands/srs-building-products/srs-building-products---kalamazoo/
srs-building-products---bridgewater,SRS BUILDING PRODUCTS - BRIDGEWATER,srs-building-products,1480 US Highway 22,Bridgewater,NJ,08807,40.574357,-74.563171,732-285-4334,732-285-4336,"MONDAY - FRIDAY, 7:00 AM TO 4:00 PM",Dan Sullivan,Dan.Sullivan@srsbuildingproducts.com,"Roofing; Siding & Accessories; Windows; Doors; Waterproofing; Decking & Railing; Ventilation Products; Millwork, Shutters, Columns & Trim Boards; Tools & Equipment; Veneer Stone; Top Shield; Other Nearby Locations; DOVER; FLEMINGTON; ROSELLE; TRENTON; SEND A MESSAGE TO THE BRANCH MANAGER",https://www.srsdistribution.com/en/markets/our-brands/srs-building-products/srs-building-products---bridgewater/
srs-building-products---lancaster-pa,SRS BUILDING PRODUCTS - LANCASTER PA,srs-building-products,2754 Creek Hill Road,Leola,PA,17540,40.077228,-76.185348,717-423-8500,717-423-3445,"MONDAY - FRIDAY, 7:00 AM TO 4:00 PM",Billy McNish,Billy.McNish@SRSBUILDINGPRODUCTS.COM,"Roofing; Decking & Railing; McClure Flooring (Johnstown, PA Location Only)",https://www.srsdistribution.com/en/markets/our-brands/srs-building-products/srs-building-products---lancaster-pa/
srs-building-products---portsmouth,SRS BUILDING PRODUCTS - PORTSMOUTH,srs-building-products,225 Heritage Avenue,Portsmouth,NH,03801,43.032257,-70.795743,603-600-7400,603-600-7401,"MONDAY - FRIDAY, 7:00 AM TO 3:30 PM",Laury Houghton,LHoughton@srsbuildingproducts.com,Columns and Patio Covers; Gutter Materials; Roofing Products; Siding and Vinyl Shutters; Ventilation Products; Windows; Other Nearby Locations; BOW; HUDSON; MALDEN; MEDFORD MA; SEND A MESSAGE TO THE BRANCH MANAGER,https://www.srsdistribution.com/en/markets/our-brands/srs-building-products/srs-building-products---portsmouth/
srs-building-products---pensacola,SRS BUILDING PRODUCTS - PENSACOLA,srs-building-products,8771 Ely Road,Pensacola,FL,32514,30.520015,-87.202873,850-706-2400,850-706-2401,"MONDAY - FRIDAY, 7:00 AM TO 4:30 PM",Trevor Huettig,Trevor.Huettig@srsbuildingproducts.com,,https://www.srsdistribution.com/en/markets/our-brands/srs-building-products/srs-building-products---pensacola/
srs-building-products---shreveport,SRS BUILDING PRODUCTS - SHREVEPORT,srs-building-products,6504 Union Ave.,Shreveport,LA,71106,32.445925,-93.772123,318-861-7091,318-866-2626,"MONDAY - FRIDAY, 7:00 AM TO 4:30 PM",Trey Love,Trey.Love@srsbuildingproducts.com,Commercial Roofing; Asphalt Shingles; Paint; Sealants; Underlayment; Metal Roofing; Fasteners; Ridge; Edge; Wood; Roofing Tile; Ventilation Products,https://www.srsdistribution.com/en/markets/our-brands/srs-building-products/srs-building-products---shreveport/
srs-building-products---alexandria,SRS BUILDING PRODUCTS - ALEXANDRIA,srs-building-products,3624 Lee St.,Alexandria,LA,71302,31.275462,-92.446659,318-473-9575,318-767-1972,"MONDAY - FRIDAY, 7:00 AM TO 4:30 PM",Brady Scott,Brady.Scott@srsbuildingproducts.com,Commercial Roofing; Asphalt Shingles; Paint; Sealants; Underlayment; Metal Roofing; Fasteners; Ridge; Edge; Wood; Roofing Tile; Ventilation Products,https://www.srsdistribution.com/en/markets/our-brands/srs-building-products/srs-building-products---alexandria/
srs-building-products---bellingham,SRS BUILDING PRODUCTS - BELLINGHAM,srs-building-products,1991 Division St.,Bellingham,WA,98226,48.782525,-122.45172,360-738-8404,360-647-9589,"MONDAY - FRIDAY, 7:00 AM TO 4:00 PM",Kevin.Streeter@srsbuildingproducts.com,,Drywall Products; Steel Framing Products; Commercial Roofing Products; Residential Roofing Products; Insulation Products; Other Nearby Locations; ARLINGTON; BURLINGTON; LYNNWOOD; WOODINVILLE; SEND A MESSAGE TO THE BRANCH MANAGER,https://www.srsdistribution.com/en/markets/our-brands/srs-building-products/srs-building-products---bellingham/
srs-building-products---burlington,SRS BUILDING PRODUCTS - BURLINGTON,srs-building-products,816 South Spruce St.,Burlington,WA,98233,48.469564,-122.329655,360-755-0811,360-755-0814,"MONDAY - FRIDAY, 7:00 AM TO 4:00 PM",Dacia Liddycoat,Dacia.Liddycoat@srsbuildingproducts.com,Drywall Products; Steel Framing Products; Commercial Roofing Products; Residential Roofing Products; Insulation Products; Other Nearby Locations; ARLINGTON; BELLINGHAM; LYNNWOOD; WOODINVILLE; SEND A MESSAGE TO THE BRANCH MANAGER,https://www.srsdistribution.com/en/markets/our-brands/srs-building-products/srs-building-products---burlington/
srs-building-products---hammond,SRS BUILDING PRODUCTS - HAMMOND,srs-building-products,47086 Conrad E Anderson St,Hammond,LA,70401,30.536501,-90.416118,985-200-1073,985-749-8528,"MONDAY - FRIDAY, 7:00 AM TO 4:30 PM",Ben.Davis@srsbuildingproducts.com,,Commercial Roofing; Asphalt Shingles; Paint; Sealants; Underlayment; Metal Roofing; Fasteners; Ridge; Edge; Wood; Roofing Tile; Ventilation Products,https://www.srsdistribution.com/en/markets/our-brands/srs-building-products/srs-building-products---hammond/
srs-building-products---lake-havasu,SRS BUILDING PRODUCTS - LAKE HAVASU,srs-building-products,1951 Industrial Blvd,Lake Havasu City,AZ,86403,34.494793393,-114.34063749,928-453-7080,928-453-3223,"MONDAY - FRIDAY, 6:00 AM TO 4:00 PM",Ryan Strauss,Ryan.Strauss@srsbuildingproducts.com,Asphalt Shingles; Shake Style Roofing; Slate Roofing; Metal Roofing; Other Nearby Locations; LAS VEGAS; PHOENIX; PRESCOTT; TEMPE; SEND A MESSAGE TO THE BRANCH MANAGER; This is also test content,https://www.srsdistribution.com/en/markets/our-brands/srs-building-products/srs-building-products---lake-havasu/
srs-building-products---quad-cities,SRS BUILDING PRODUCTS - QUAD CITIES,srs-building-products,1000 1st Ave E,Milan,IL,61264,41.4523334,-90.5510444,(309)-433-0088,(309)-433-0089,"MONDAY - FRIDAY, 7:00 AM TO 4:30 PM",Christian Moseley,Christian.Moseley@srsbuildingproducts.com,Residential Roofing; Residential Accessories; Commercial Roofing; Commercial Accessories; Sealants and Coatings,https://www.srsdistribution.com/en/markets/our-brands/srs-building-products/srs-building-products---quad-cities/
srs-building-products---pittsburg,SRS BUILDING PRODUCTS - PITTSBURG,srs-building-products,2120 Piedmont Way,Pittsburg,CA,94565,38.0118165,-121.8725375,925-473-1063,925-432-2000,"MONDAY - FRIDAY, 7:00 AM TO 3:30 PM",Mark Elledge,Mark.Elledge@srsbuildingproducts.com,Columns and Patio Covers; Gutter Materials; Roofing Products; Siding and Vinyl Shutters; Ventilation Products; Windows; James Hardie Siding; Other Nearby Locations; OAKLAND; PETALUMA; SOUTH SAN FRANCISCO; STOCKTON; SEND A MESSAGE TO THE BRANCH MANAGER,https://www.srsdistribution.com/en/markets/our-brands/srs-building-products/srs-building-products---pittsburg/
srs-building-products---stockton,SRS BUILDING PRODUCTS - STOCKTON,srs-building-products,3613 Zephyr Ct. Ste 300,Stockton,CA,95206,37.915362,-121.263374,209-636-0715,209-636-0714,"MONDAY - FRIDAY, 6:00 AM TO 3:30 PM",Rick Draper,Rick.Draper@srsbuildingproducts.com,Columns and Patio Covers; Gutter Materials; Roofing Products; Siding and Vinyl Shutters; Ventilation Products; Windows; James Hardie Siding; Other Nearby Locations; MODESTO; PITTSBURG; RANCHO CORDOVA; SAN JOSE; SEND A MESSAGE TO THE BRANCH MANAGER,https://www.srsdistribution.com/en/markets/our-brands/srs-building-products/srs-building-products---stockton/
srs-building-products---flagstaff,SRS BUILDING PRODUCTS - FLAGSTAFF,srs-building-products,2707 E Huntington Dr,Flagstaff,AZ,86004,35.2028406,-111.6129724,(928)-415-8338,(928)-415-8334,"MONDAY - FRIDAY, 7:00 AM TO 4:00 PM",Lacey Holsinger,Lacey.Holsinger@srsbuildingproducts.com,Columns and Patio Covers; Gutter Materials; Roofing Products; Siding and Vinyl Shutters; Ventilation Products; Windows; James Hardie Siding; Other Nearby Locations; PHOENIX; PRESCOTT; QUEEN CREEK; TEMPE; SEND A MESSAGE TO THE BRANCH MANAGER,https://www.srsdistribution.com/en/markets/our-brands/srs-building-products/srs-building-products---flagstaff/
srs-building-products---rapid-city,SRS BUILDING PRODUCTS - RAPID CITY,srs-building-products,2331 Dakota Craft Drive,Rapid City,SD,57701,44.108381,-103.160565,(605) 961-2600,(605) 961-2606,"MONDAY - FRIDAY, 8:00 AM TO 4:00 PM",Terry Fisher,Terry.Fisher@srsbuildingproducts.com,,https://www.srsdistribution.com/en/markets/our-brands/srs-building-products/srs-building-products---rapid-city/
srs-building-products---athens,SRS BUILDING PRODUCTS - ATHENS,srs-building-products,"375 Commerce Boulevard, Suite B",Athens,GA,30606,33.932591,-83.476242,706-756-8622,706-756-8633,"MONDAY - FRIDAY, 7:00 AM TO 4:40 PM",Jordan Thomas,Jordan.Thomas@srsbuildingproducts.com,,https://www.srsdistribution.com/en/markets/our-brands/srs-building-products/srs-building-products---athens/
srs-building-products---central-san-jose,SRS BUILDING PRODUCTS - CENTRAL SAN JOSE,srs-building-products,506 Phelan Avenue,San Jose,CA,95112,37.317009523,-121.860319044,408-293-1264,408-293-0881,"MONDAY - FRIDAY, 7:00 AM TO 4:00 PM",Juan Gonzales,Juan.Gonzales@srsbuildingproducts.com,Asphalt Shingles; Shake Style Roofing; Slate Roofing; Metal Roofing; Other Nearby Locations; OAKLAND; SALINAS; SAN JOSE; SOUTH SAN FRANCISCO; SEND A MESSAGE TO THE BRANCH MANAGER,https://www.srsdistribution.com/en/markets/our-brands/srs-building-products/srs-building-products---central-san-jose/
srs-building-products---salinas,SRS BUILDING PRODUCTS - SALINAS,srs-building-products,630 Vertin Avenue,Salinas,CA,93901,36.6640028,-121.6258235,831-783-1236,831-783-0429,"MONDAY - FRIDAY, 7:00 AM TO 4:00 PM",Ricardo Maldonado,Ricardo.Maldonado@srsbuildingproducts.com,Asphalt Shingles; Shake Style Roofing; Slate Roofing; Metal Roofing; Other Nearby Locations; CENTRAL SAN JOSE; MODESTO; SAN JOSE; SOUTH SAN FRANCISCO; SEND A MESSAGE TO THE BRANCH MANAGER,https://www.srsdistribution.com/en/markets/our-brands/srs-building-products/srs-building-products---salinas/
srs-building-products---sterling-heights-north,SRS BUILDING PRODUCTS - STERLING HEIGHTS NORTH,srs-building-products,6505 Auburn Road,Shelby Township,MI,48317,42.627626,-83.045724,586-238-0551,586-238-0552 ,"MONDAY - FRIDAY, 7:00 AM TO 4:30 PM",,,Steep Slope Roofing; Low Slope Roofing; Exterior Cladding; Windows & Doors; Specialty Building Materials; Services; Delivery; Consulting; Estimating; Showrooms; Will-Call Service; Seamless Gutter Program; Insulation Blower Rental; Other Nearby Locations; MADISON HEIGHTS; PLYMOUTH; STERLING HEIGHTS; WATERFORD; SEND A MESSAGE TO THE BRANCH MANAGER,https://www.srsdistribution.com/en/markets/our-brands/srs-building-products/srs-building-products---sterling-heights-north/
srs-building-products---waldorf,SRS BUILDING PRODUCTS - WALDORF,srs-building-products,10725 Demarr Road,White Plains,MD,20695-3124,38.588673,-76.940356,301-679-6363,301-679-6366,"MONDAY - FRIDAY, 7:00 AM TO 4:30 PM",Jacob Cusic,Jacob.Cusic@srsbuildingproducts.com,Columns and Patio Covers; Gutter Materials; Roofing Products; Siding and Vinyl Shutters; Ventilation Products; Windows; Asphalt Shingles; Cedar Shakes; Coatings & Waterproofing; Commercial Roofing; Decking; Doors; Insulation; Metal Roofing; Simulated & Real Stone Veneers; Skylights; Tools & Equipment; James Hardie Siding; Other Nearby Locations; ANNAPOLIS; BELTSVILLE; CHANTILLY; FREDERICKSBURG; SEND A MESSAGE TO THE BRANCH MANAGER,https://www.srsdistribution.com/en/markets/our-brands/srs-building-products/srs-building-products---waldorf/
srs-building-products---des-moines,SRS BUILDING PRODUCTS - DES MOINES,srs-building-products,4825 NW 6th Drive,Des Moines,IA,50313,41.6481599,-93.6270185,515-282-4415,515-282-0932,"MONDAY - FRIDAY, 7:00 AM TO 4:30 PM",Shelby Nielsen,Shelby.Nielsen@srsbuildingproducts.com,Residential Roofing; Residential Accessories; Commercial Roofing; Commercial Accessories; Sealants and Coatings,https://www.srsdistribution.com/en/markets/our-brands/srs-building-products/srs-building-products---des-moines/
srs-building-products---cedar-rapids,SRS BUILDING PRODUCTS - CEDAR RAPIDS,srs-building-products,4850 J Street SW,Cedar Rapids,IA,52404,41.947254,-91.690122,319-861-2136,319-861-2143,"MONDAY - FRIDAY, 8:00 AM TO 4:00 PM",Chase Moseley,Chase.Moseley@srsbuildingproducts.com,Residential Roofing; Residential Accessories; Commercial Roofing; Commercial Accessories; Sealants and Coatings,https://www.srsdistribution.com/en/markets/our-brands/srs-building-products/srs-building-products---cedar-rapids/
srs-building-products---grand-junction,SRS BUILDING PRODUCTS - GRAND JUNCTION,srs-building-products,731 23 1/4 Road,Grand Junction,CO,81505,39.111299,-108.62358,970-452-8033,970-452-8035,"MONDAY - FRIDAY, 7:00 AM TO 4:00 PM",Kevin Ketchum,Kevin.Ketchum@srsbuildingproducts.com,Roofing Products; Columns and Patio Covers; Gutter Materials; Ventilation Products; Siding and Vinyl Shutters; Windows; Top-Shield; Other Nearby Locations; CASTLE ROCK; DENVER; LINDON; SOUTH DENVER; SEND A MESSAGE TO THE BRANCH MANAGER,https://www.srsdistribution.com/en/markets/our-brands/srs-building-products/srs-building-products---grand-junction/
srs-building-products---waxahachie,SRS BUILDING PRODUCTS - WAXAHACHIE,srs-building-products,103 W. Sterrett Road,Waxahachie,TX,75167,32.47433,-96.84935,469-908-1122,469-908-1123,"MONDAY - FRIDAY, 7:00 AM TO 4:30 PM",Isaac Albaradei,Isaac.Albaradei@srsbuildingproducts.com,Columns and Patio Covers; Gutter Materials; Roofing Products; Siding and Vinyl Shutters; Ventilation Products; Windows; Asphalt Shingles; Cedar Shakes; Coatings & Waterproofing; Commercial Roofing; Decking; Doors; Insulation; Metal Roofing; Simulated & Real Stone Veneers; Skylights; Tools & Equipment; James Hardie Siding; Other Nearby Locations; ARLINGTON TX; DALLAS; FORT WORTH; MESQUITE; SEND A MESSAGE TO THE BRANCH MANAGER,https://www.srsdistribution.com/en/markets/our-brands/srs-building-products/srs-building-products---waxahachie/
srs-building-products---el-paso,SRS BUILDING PRODUCTS - EL PASO,srs-building-products,257 Rio West Dr,El Paso,TX,79932,31.880728,-106.598009,915-444-1044,915-444-1045,"MONDAY - FRIDAY, 7:30 AM TO 4:00 PM",Patrick Ramming,Patrick.Ramming@srsbuildingproducts.com,Columns and Patio Covers; Gutter Materials; Roofing Products; Siding and Vinyl Shutters; Ventilation Products; Windows; Asphalt Shingles; Cedar Shakes; Coatings & Waterproofing; Commercial Roofing; Decking; Doors; Insulation; Metal Roofing; Simulated & Real Stone Veneers; Skylights; Tools & Equipment; James Hardie Siding; Other Nearby Locations; ALBUQUERQUE; LUBBOCK; MIDLAND; TUCSON; SEND A MESSAGE TO THE BRANCH MANAGER,https://www.srsdistribution.com/en/markets/our-brands/srs-building-products/srs-building-products---el-paso/
srs-building-products---mobile,SRS BUILDING PRODUCTS - MOBILE,srs-building-products,3801 Moffett Road,Mobile,AL,36618,30.71024,-88.12914,251-283-2188,251-283-2187,"MONDAY - FRIDAY, 7:00 AM TO 4:00 PM",Brandyn Smith Jr,brandyn.smithjr@srsbuildingproducts.com,Columns and Patio Covers; Gutter Materials; Roofing; Ventilation; Siding and Vinyl Shutters; Windows; Other Nearby Locations; COVINGTON; GULFPORT; HATTIESBURG; PENSACOLA; SEND A MESSAGE TO THE BRANCH MANAGER,https://www.srsdistribution.com/en/markets/our-brands/srs-building-products/srs-building-products---mobile/
srs-building-products---salt-lake-city-central,SRS BUILDING PRODUCTS - SALT LAKE CITY CENTRAL,srs-building-products,3359 South 500 West,Salt Lake City,UT,84115,40.6983537,-111.9051943,801-266-1311,801-266-9449,"MONDAY - FRIDAY, 7:00 AM TO 4:00 PM",Dj Cunningham,Dj.Cunningham@srsdistribution.com,"Commercial; Single Ply Roofing: TPO, EPDM, & PVC; PolyIso Insulation; Roofing Products; Modified Bitumen; Roof Coatings; Waterproofing; Air & Vapor Barriers; Coverboards; Adhesives; Residential; Residential Roofing; Synthetic Roofing; Waterproofing Products; Underlayments; Coatings / Caulking; Tile Roofing; Siding / Decking; Ventilation; Insulation; Metal Roofing; Skylights; Affiliated Brands; Other Nearby Locations; LINDON; LOGAN; OGDEN; SALT LAKE CITY SOUTH; SEND A MESSAGE TO THE BRANCH MANAGER",https://www.srsdistribution.com/en/markets/our-brands/srs-building-products/srs-building-products---salt-lake-city-central/
srs-building-products---ogden,SRS BUILDING PRODUCTS - OGDEN,srs-building-products,120 West 21st Street,Ogden,UT,84401,41.229333,-111.9800025,801-625-0400,801-6250399,"MONDAY - FRIDAY, 7:00 AM TO 4:00 PM",Nathan Fortie,Nathan.Fortie@srsbuildingproducts.com,Residential Roofing; Commercial Roofing; Synthetic Roofing; Waterproofing Products; Underlayments; Coatings / Caulking; Tile Roofing; Siding / Decking; Ventilation; Insulation; Metal Roofing; Skylights; Other Nearby Locations; LINDON; LOGAN; SALT LAKE CITY CENTRAL; SALT LAKE CITY SOUTH; SEND A MESSAGE TO THE BRANCH MANAGER,https://www.srsdistribution.com/en/markets/our-brands/srs-building-products/srs-building-products---ogden/
srs-building-products---lindon,SRS BUILDING PRODUCTS - LINDON,srs-building-products,125 South 1550 West,Lindon,UT,84042,40.3344826,-111.752216,801-785-5522,801-785-3033,"MONDAY - FRIDAY, 7:00 AM TO 4:00 PM",Kyle Gunderson,Kyle.Gunderson@srsbuildingproducts.com,Residential Roofing; Commercial Roofing; Synthetic Roofing; Waterproofing Products; Underlayments; Coatings / Caulking; Tile Roofing; Siding / Decking; Ventilation; Insulation; Metal Roofing; Skylights; Other Nearby Locations; LOGAN; OGDEN; SALT LAKE CITY CENTRAL; SALT LAKE CITY SOUTH; SEND A MESSAGE TO THE BRANCH MANAGER,https://www.srsdistribution.com/en/markets/our-brands/srs-building-products/srs-building-products---lindon/
srs-building-products---cedar-city,SRS BUILDING PRODUCTS - CEDAR CITY,srs-building-products,701 North Aviation Way,Cedar City,UT,84721,37.662085,-113.196253,435-865-0245,435-865-0247,"MONDAY - FRIDAY, 7:00 AM TO 4:00 PM",,,Residential Roofing; Commercial Roofing; Synthetic Roofing; Waterproofing Products; Underlayments; Coatings / Caulking; Tile Roofing; Siding / Decking; Ventilation; Insulation; Metal Roofing; Skylights; Other Nearby Locations; FLAGSTAFF; LAS VEGAS; LINDON; ST. GEORGE; SEND A MESSAGE TO THE BRANCH MANAGER,https://www.srsdistribution.com/en/markets/our-brands/srs-building-products/srs-building-products---cedar-city/
srs-building-products---st.-george,SRS BUILDING PRODUCTS - ST. GEORGE,srs-building-products,4285 South River Road,St George,UT,84790,37.03474,-113.55967,435-986-7575,435-986-7070,"MONDAY - FRIDAY, 7:00 AM TO 4:00 PM",Micah.Martineau@srsbuildingproducts.com,,Residential Roofing; Commercial Roofing; Synthetic Roofing; Waterproofing Products; Underlayments; Coatings / Caulking; Tile Roofing; Siding / Decking; Ventilation; Insulation; Metal Roofing; Skylights; Other Nearby Locations; CEDAR CITY; FLAGSTAFF; LAS VEGAS; PRESCOTT; SEND A MESSAGE TO THE BRANCH MANAGER,https://www.srsdistribution.com/en/markets/our-brands/srs-building-products/srs-building-products---st.-george/
srs-building-products---logan,SRS BUILDING PRODUCTS - LOGAN,srs-building-products,765 W. 200 N,Logan,UT,84321,41.736437,-111.8541105,435-787-7250,435-787-7253,"MONDAY - FRIDAY, 7:00 AM TO 5:00 PM",JR Schenk,JR.Schenk@srsbuildingproducts.com,Residential Roofing; Commercial Roofing; Synthetic Roofing; Waterproofing Products; Underlayments; Coatings / Caulking; Tile Roofing; Siding / Decking; Ventilation; Insulation; Metal Roofing; Skylights; Other Nearby Locations; LINDON; OGDEN; SALT LAKE CITY CENTRAL; SALT LAKE CITY SOUTH; SEND A MESSAGE TO THE BRANCH MANAGER,https://www.srsdistribution.com/en/markets/our-brands/srs-building-products/srs-building-products---logan/
srs-building-products---conyers,SRS BUILDING PRODUCTS - CONYERS,srs-building-products,1447 Parker Road SE,Conyers,GA,30094,33.65151,-84.02103,678-589-7444,678-589-7445,"MONDAY - FRIDAY, 7:00 AM TO 4:30 PM",Collin Cullip,Collin.Cullip@srsbuildingproducts.com,Columns and Patio Covers; Gutter Materials; Roofing Products; Siding and Vinyl Shutters; Ventilation Products; Windows; Asphalt Shingles; Cedar Shakes; Coatings & Waterproofing; Commercial Roofing; Decking; Doors; Insulation; Metal Roofing; Simulated & Real Stone Veneers; Skylights; Tools & Equipment; James Hardie Siding; Other Nearby Locations; ALPHARETTA; ATHENS; LITHIA SPRINGS; NORCROSS; SEND A MESSAGE TO THE BRANCH MANAGER,https://www.srsdistribution.com/en/markets/our-brands/srs-building-products/srs-building-products---conyers/
srs-building-products---st-joseph,SRS BUILDING PRODUCTS - ST JOSEPH,srs-building-products,100 Anchors Way,St Joseph,MI,49085,42.109413,-86.473164,269-983-2613,269-983-2623,"MONDAY - FRIDAY, 8:00 AM TO 4:00 PM",Chad Deja,Chad.Deja@srsbuildingproducts.com,,https://www.srsdistribution.com/en/markets/our-brands/srs-building-products/srs-building-products---st-joseph/
srs-building-products---hattiesburg,SRS BUILDING PRODUCTS - HATTIESBURG,srs-building-products,103 Industrial Drive,Hattiesburg,MS,39401,31.34444,-89.320717,601-844-0551,601-844-0554,"MONDAY - FRIDAY, 7:00 AM TO 4:00 PM",Dustin Smith,Dustin.Smith@srsbuildingproducts.com,Commercial Roofing; Asphalt Shingles; Paint; Sealants; Underlayment; Metal Roofing; Fasteners; Ridge; Edge; Wood; Roofing Tile; Ventilation Products,https://www.srsdistribution.com/en/markets/our-brands/srs-building-products/srs-building-products---hattiesburg/
srs-building-products---memphis,SRS BUILDING PRODUCTS - MEMPHIS,srs-building-products,3930 Air Park St,Memphis,TN,38118,35.0412682,-89.930497,901-800-1638,901-800-1587,"MONDAY - FRIDAY, 7:00 AM TO 4:00 PM",Al Burriss,Al.Burriss@srsbuildingproducts.com,Columns and Patio Covers; Gutter Materials; Roofing Products; Siding and Vinyl Shutters; Ventilation Products; Windows; Asphalt Shingles; Cedar Shakes; Coatings & Waterproofing; Commercial Roofing; Decking; Doors; Insulation; Metal Roofing; Simulated & Real Stone Veneers; Skylights; Tools & Equipment; James Hardie Siding,https://www.srsdistribution.com/en/markets/our-brands/srs-building-products/srs-building-products---memphis/
srs-building-products---lexington,SRS BUILDING PRODUCTS - LEXINGTON,srs-building-products,247 S Forbes Rd,Lexington,KY,40504,38.054358,-84.525533,859-474-7663,,"MONDAY - FRIDAY, 7:00 AM TO 4:00 PM",Jace Kuechle,Jace.Kuechle@srsbuildingproducts.com,Columns and Patio Covers; Gutter Materials; Roofing Products; Siding and Vinyl Shutters; Ventilation Products; Windows; Asphalt Shingles; Cedar Shakes; Coatings & Waterproofing; Commercial Roofing; Decking; Doors; Insulation; Metal Roofing; Simulated & Real Stone Veneers; Skylights; Tools & Equipment; James Hardie Siding; Other Nearby Locations; FLORENCE; N LEXINGTON; SE LOUISVILLE; SOUTH LOUISVILLE; SEND A MESSAGE TO THE BRANCH MANAGER,https://www.srsdistribution.com/en/markets/our-brands/srs-building-products/srs-building-products---lexington/
srs-building-products---statesville,SRS BUILDING PRODUCTS - STATESVILLE,srs-building-products,606 Meacham Road,Statesville,NC,28677,35.79274,-80.92144,704-582-7977,704-582-7980,"MONDAY - FRIDAY, 7:30 AM TO 4:30 PM",Charlie Hatler,Charlie.Hatler@srsbuildingproducts.com,Columns and Patio Covers; Gutter Materials; Roofing Products; Siding and Vinyl Shutters; Ventilation Products; Windows; Asphalt Shingles; Cedar Shakes; Coatings & Waterproofing; Commercial Roofing; Decking; Doors; Insulation; Metal Roofing; Simulated & Real Stone Veneers; Skylights; Tools & Equipment; James Hardie Siding,https://www.srsdistribution.com/en/markets/our-brands/srs-building-products/srs-building-products---statesville/
srs-building-products---nampa,SRS BUILDING PRODUCTS - NAMPA,srs-building-products,489 North Broadmore Way,Nampa,ID,83687,43.5971941,-116.5767849,2088207663,,"MONDAY - FRIDAY, 7:00 AM TO 4:00 PM",Kristen Brekke,Kristen.Brekke@srsbuildingproducts.com,Roofing Products; Columns and Patio Covers; Gutter Materials; Ventilation Products; Siding and Vinyl Shutters; Windows; Top-Shield; Other Nearby Locations; BEND; BOISE; MISSOULA; TRI-CITIES; SEND A MESSAGE TO THE BRANCH MANAGER,https://www.srsdistribution.com/en/markets/our-brands/srs-building-products/srs-building-products---nampa/
srs-building-products---central-san-antonio,SRS BUILDING PRODUCTS - CENTRAL SAN ANTONIO,srs-building-products,"309 Clarence Tinker Drive, #109",San Antonio,TX,78226,29.3764184,-98.5637751,210-293-7663,210-293-7667,"MONDAY - FRIDAY, 7:30 AM TO 4:30 PM",Jerry Ureno,Jerry.Ureno@srsbuildingproducts.com,Columns and Patio Covers; Gutter Materials; Roofing Products; Siding and Vinyl Shutters; Ventilation Products; Windows; Asphalt Shingles; Cedar Shakes; Coatings & Waterproofing; Commercial Roofing; Decking; Doors; Insulation; Metal Roofing; Simulated & Real Stone Veneers; Skylights; Tools & Equipment; James Hardie Siding; Other Nearby Locations; AUSTIN; KERRVILLE; NEW BRAUNFELS; SOUTH SAN ANTONIO; SEND A MESSAGE TO THE BRANCH MANAGER,https://www.srsdistribution.com/en/markets/our-brands/srs-building-products/srs-building-products---central-san-antonio/
srs-building-products---sanford-fl,SRS BUILDING PRODUCTS - SANFORD FL,srs-building-products,650 Hickman Circle,Sanford,FL,32771,28.81942,-81.332587,407-868-9800,407-674-7729,"MONDAY - FRIDAY, 7:00 AM TO 4:00 PM",Raymond Cordoba,Raymond.Cordoba@srsbuildingproducts.com,,https://www.srsdistribution.com/en/markets/our-brands/srs-building-products/srs-building-products---sanford-fl/
srs-building-products---cartersville,SRS BUILDING PRODUCTS - CARTERSVILLE,srs-building-products,131 Old Mill Road,Cartersville,GA,30120,34.1505048,-84.7972258,770-742-7663,678-742-5599,"MONDAY - FRIDAY, 7:00 AM TO 4:30 PM",Cory Thomason,Cory.Thomason@srsbuildingproducts.com,Columns and Patio Covers; Gutter Materials; Roofing Products; Siding and Vinyl Shutters; Ventilation Products; Windows; Asphalt Shingles; Cedar Shakes; Coatings & Waterproofing; Commercial Roofing; Decking; Doors; Insulation; Metal Roofing; Simulated & Real Stone Veneers; Skylights; Tools & Equipment; James Hardie Siding; Other Nearby Locations; ALPHARETTA; DALTON; LITHIA SPRINGS; MARIETTA; SEND A MESSAGE TO THE BRANCH MANAGER,https://www.srsdistribution.com/en/markets/our-brands/srs-building-products/srs-building-products---cartersville/
srs-building-products---la-vergne,SRS BUILDING PRODUCTS - LA VERGNE,srs-building-products,104 Armstrong Court,La Vergne,TN,37086,35.9882149,-86.5894277,615-808-7663,,"MONDAY - FRIDAY, 7:00 AM TO 4:30 PM",Evan White,Evan.White@SRSBuildingProducts.com,Columns and Patio Covers; Gutter Materials; Roofing Products; Siding and Vinyl Shutters; Ventilation Products; Windows; Asphalt Shingles; Cedar Shakes; Coatings & Waterproofing; Commercial Roofing; Decking; Doors; Insulation; Metal Roofing; Simulated & Real Stone Veneers; Skylights; Tools & Equipment; James Hardie Siding; Other Nearby Locations; CLARKSVILLE; NASHVILLE; SPRING HILL; SRS BUILDING PRODUCTS METAL SHOP – NASHVILLE; SEND A MESSAGE TO THE BRANCH MANAGER,https://www.srsdistribution.com/en/markets/our-brands/srs-building-products/srs-building-products---la-vergne/
srs-building-products---louisville,SRS BUILDING PRODUCTS - LOUISVILLE,srs-building-products,2931 S Floyd St,Louisville,KY,40209,38.2013654,-85.7566538,502-632-7663,502-632-7668,"MONDAY - FRIDAY, 7:00 AM TO 4:00 PM",Jonathan.Hook@srsbuildingproducts.com,,Columns and Patio Covers; Gutter Materials; Roofing Products; Siding and Vinyl Shutters; Ventilation Products; Windows; Asphalt Shingles; Cedar Shakes; Coatings & Waterproofing; Commercial Roofing; Decking; Doors; Insulation; Metal Roofing; Simulated & Real Stone Veneers; Skylights; Tools & Equipment; James Hardie Siding; Other Nearby Locations; LEXINGTON; N LEXINGTON; SE LOUISVILLE; SOUTH LOUISVILLE; SEND A MESSAGE TO THE BRANCH MANAGER,https://www.srsdistribution.com/en/markets/our-brands/srs-building-products/srs-building-products---louisville/
srs-building-products---n-pittsburgh,SRS BUILDING PRODUCTS - N PITTSBURGH,srs-building-products,1400 South Noah Drive,Saxonburg,PA,16056,40.727706,-79.847123,724-602-9898,724-602-9902,"MONDAY - FRIDAY, 7:30 AM TO 4:00 PM",BENJAMIN.BILLY@SRSBUILDINGPRODUCTS.COM,,"Asphalt Shingles; Commercial Roofing; Decking & Railing; Gutters & Stone; Metal Roofing; Siding & Shutters; Slate & Tile; Windows, Doors & Millwork; Other Nearby Locations; DUNCANSVILLE; MONROEVILLE; PITTSBURGH; YOUNGSTOWN; SEND A MESSAGE TO THE BRANCH MANAGER",https://www.srsdistribution.com/en/markets/our-brands/srs-building-products/srs-building-products---n-pittsburgh/
srs-building-products---new-orleans,SRS BUILDING PRODUCTS - NEW ORLEANS,srs-building-products,5501 Jefferson Hwy,New Orleans,LA,70123,29.9485398,-90.1860908,504-309-3000,504-309-3230,"MONDAY - FRIDAY, 6:00 AM TO 4:30 PM",Chester.White@srsbuildingproducts.com,,,https://www.srsdistribution.com/en/markets/our-brands/srs-building-products/srs-building-products---new-orleans/
srs-building-products---dayton,SRS BUILDING PRODUCTS - DAYTON,srs-building-products,111 Front Street,Dayton,OH,45402,39.763818,-84.175666,937-684-4555,937-684-4646,"MONDAY - FRIDAY, 7:30 AM TO 4:00 PM",Hector Cummings,Hector.Cummings@srsbuildingproducts.com,Shingles; Commercial Roofing; Metal Roofing; Windows,https://www.srsdistribution.com/en/markets/our-brands/srs-building-products/srs-building-products---dayton/
srs-building-products---abilene,SRS BUILDING PRODUCTS - ABILENE,srs-building-products,4299 Maple Street,Abilene,TX,79602,32.4000818,-99.7245939,325-232-7742,325-701-4622,"MONDAY - FRIDAY, 7:30 AM TO 4:30 PM",Robert Welborn,rwelborn@srsbuildingproducts.com,Columns and Patio Covers; Gutter Materials; Roofing Products; Siding and Vinyl Shutters; Ventilation Products; Windows; Asphalt Shingles; Cedar Shakes; Coatings & Waterproofing; Commercial Roofing; Decking; Doors; Insulation; Metal Roofing; Simulated & Real Stone Veneers; Skylights; Tools & Equipment; James Hardie Siding; Other Nearby Locations; MIDLAND; SAN ANGELO; SW FORT WORTH; WEATHERFORD; SEND A MESSAGE TO THE BRANCH MANAGER,https://www.srsdistribution.com/en/markets/our-brands/srs-building-products/srs-building-products---abilene/
srs-building-products---austin,SRS BUILDING PRODUCTS - AUSTIN,srs-building-products,2325 East Ben White Blvd,Austin,TX,78741,30.21529,-97.7391,512-617-7663,512-610-2548,"MONDAY - FRIDAY, 7:00 AM TO 4:30 PM",Brendan Fitzpatrick,bfitzpatrick@srsbuildingproducts.com,Columns and Patio Covers; Gutter Materials; Roofing Products; Siding and Vinyl Shutters; Ventilation Products; Windows; Asphalt Shingles; Cedar Shakes; Coatings & Waterproofing; Commercial Roofing; Decking; Doors; Insulation; Metal Roofing; Simulated & Real Stone Veneers; Skylights; Tools & Equipment; James Hardie Siding,https://www.srsdistribution.com/en/markets/our-brands/srs-building-products/srs-building-products---austin/
srs-building-products---humble,SRS BUILDING PRODUCTS - HUMBLE,srs-building-products,19054 Kenswick Drive,Humble,TX,77338,29.9941078,-95.296281,832-990-7663,832-583-7889,"MONDAY - FRIDAY, 7:00 AM TO 4:30 PM",Jacob Gaskill,Jacob.Gaskill@srsbuildingproducts.com,Columns and Patio Covers; Gutter Materials; Roofing Products; Siding and Vinyl Shutters; Ventilation Products; Windows; Asphalt Shingles; Cedar Shakes; Coatings & Waterproofing; Commercial Roofing; Decking; Doors; Insulation; Metal Roofing; Simulated & Real Stone Veneers; Skylights; Tools & Equipment; James Hardie Siding; Other Nearby Locations; HOUSTON; HOUSTON LUMBER; N HOUSTON; SPRING; SEND A MESSAGE TO THE BRANCH MANAGER,https://www.srsdistribution.com/en/markets/our-brands/srs-building-products/srs-building-products---humble/
srs-building-products---pasadena-tx,SRS BUILDING PRODUCTS - PASADENA TX,srs-building-products,5229 Spencer Hwy,Pasadena,TX,77505,29.665868,-95.161483,713-337-7663,713-255-7770,"MONDAY - FRIDAY, 7:00 AM TO 4:30 PM",Ace Gage,Ace.Gage@srsbuildingproducts.com,Columns and Patio Covers; Gutter Materials; Roofing Products; Siding and Vinyl Shutters; Ventilation Products; Windows; Asphalt Shingles; Cedar Shakes; Coatings & Waterproofing; Commercial Roofing; Decking; Doors; Insulation; Metal Roofing; Simulated & Real Stone Veneers; Skylights; Tools & Equipment; James Hardie Siding; Other Nearby Locations; HOUSTON LUMBER; HUMBLE; LAMARQUE; N HOUSTON; SEND A MESSAGE TO THE BRANCH MANAGER,https://www.srsdistribution.com/en/markets/our-brands/srs-building-products/srs-building-products---pasadena-tx/
srs-building-products---fayetteville-nc,SRS BUILDING PRODUCTS - FAYETTEVILLE (NC),srs-building-products,3700 Murchison Road,Fayetteville,NC,28311,35.10066,-78.91713,910-973-8188,910-973-8187,"MONDAY - FRIDAY, 7:00 AM TO 5:00 PM",Johnathan McLamb,Johnathan.McLamb@srsbuildingproducts.com,Columns and Patio Covers; Gutter Materials; Roofing Products; Siding and Vinyl Shutters; Ventilation Products; Windows; Asphalt Shingles; Cedar Shakes; Coatings & Waterproofing; Commercial Roofing; Decking; Doors; Insulation; Metal Roofing; Simulated & Real Stone Veneers; Skylights; Tools & Equipment; James Hardie Siding; Other Nearby Locations; RALEIGH; RALEIGH DURHAM; SANFORD; WILMINGTON; SEND A MESSAGE TO THE BRANCH MANAGER,https://www.srsdistribution.com/en/markets/our-brands/srs-building-products/srs-building-products---fayetteville-nc/
srs-building-products---sun-valley,SRS BUILDING PRODUCTS - SUN VALLEY,srs-building-products,11140 Penrose Street,Sun Valley,CA,91352,34.227576,-118.373469,818-651-7470,818-651-7471,"MONDAY - FRIDAY, 6:00 AM TO 4:00 PM",,,Residential; Asphalt Shingles; Roof Tiles; Metal Roofs; Slate and Synthetic Roofs; Wood Shake and Shingles; Self-Adhered Roofs; Underlayment; Ice and Water Barriers; Roof Ventilation; Roofing Accessories; Skylights,https://www.srsdistribution.com/en/markets/our-brands/srs-building-products/srs-building-products---sun-valley/
srs-building-products---north-erie,SRS BUILDING PRODUCTS - NORTH ERIE,srs-building-products,2669 W 16th Street,Erie,PA,16505,42.09874,-80.13786,814-833-0655,814-833-2884,"MONDAY - FRIDAY, 7:30 AM TO 4:00 PM",Tim Presta,TIM.PRESTA@SRSBUILDINGPRODUCTS.COM,,https://www.srsdistribution.com/en/markets/our-brands/srs-building-products/srs-building-products---north-erie/
srs-building-products---midland,SRS BUILDING PRODUCTS - MIDLAND,srs-building-products,921 N Fairgrounds Road,Midland,TX,79706,32.01287,-102.05282,432-689-2005,432-689-2052,"MONDAY - FRIDAY, 7:30 AM TO 4:30 PM",Kent.Clauson@srsbuildingproducts.com,,Columns and Patio Covers; Gutter Materials; Roofing Products; Siding and Vinyl Shutters; Ventilation Products; Windows; Asphalt Shingles; Cedar Shakes; Coatings & Waterproofing; Commercial Roofing; Decking; Doors; Insulation; Metal Roofing; Simulated & Real Stone Veneers; Skylights; Tools & Equipment; James Hardie Siding; Other Nearby Locations; ABILENE; AMARILLO; LUBBOCK; SAN ANGELO; SEND A MESSAGE TO THE BRANCH MANAGER,https://www.srsdistribution.com/en/markets/our-brands/srs-building-products/srs-building-products---midland/
srs-building-products---panama-city-beach,SRS BUILDING PRODUCTS - PANAMA CITY BEACH,srs-building-products,"1617 Moylan Road, Bldg B",Panama City Beach,FL,32407,30.184818,-85.79271,850-462-5300,850-462-5519,"MONDAY - FRIDAY, 7:00 AM TO 4:30 PM",Micah.Daniel@srsbuildingproducts.com,,,https://www.srsdistribution.com/en/markets/our-brands/srs-building-products/srs-building-products---panama-city-beach/
srs-building-products---kansas-city-ks,SRS BUILDING PRODUCTS - KANSAS CITY (KS),srs-building-products,801 S. 7th St,Kansas City,KS,66103,39.050983,-94.625885,913-336-1655,913-336-1656,"MONDAY - FRIDAY, 7:00 AM TO 4:00 PM",Matthew Bohm,Matthew.Bohm@srsbuildingproducts.com,,https://www.srsdistribution.com/en/markets/our-brands/srs-building-products/srs-building-products---kansas-city-ks/
srs-building-products---fargo,SRS BUILDING PRODUCTS - FARGO,srs-building-products,3175 4th Avenue South,Fargo,ND,58103,46.8718141,-96.8295861,(701) 566-7880,(701) 566-9380,"MONDAY - FRIDAY, 8:00 AM TO 4:30 PM",Matthew Ludwig,Matthew.Ludwig@srsbuildingproducts.com,,https://www.srsdistribution.com/en/markets/our-brands/srs-building-products/srs-building-products---fargo/
srs-building-products---south-baton-rouge,SRS BUILDING PRODUCTS - SOUTH BATON ROUGE,srs-building-products,5465 Telesmar Avenue,Baton Rouge,LA,70809,30.4003375,-91.0584295,225-927-7663,225-293-3028,"MONDAY - FRIDAY, 7:00 AM TO 4:00 PM",Rayvon.Ingram@srsbuildingproducts.com,,Commercial Roofing; Asphalt Shingles; Paint; Sealants; Underlayment; Metal Roofing; Fasteners; Ridge; Edge; Wood; Roofing Tile; Ventilation Products,https://www.srsdistribution.com/en/markets/our-brands/srs-building-products/srs-building-products---south-baton-rouge/
srs-building-products---houma,SRS BUILDING PRODUCTS - HOUMA,srs-building-products,5849 Hwy 311,Houma,LA,70360,29.5868252,-90.7297757,985-872-2494,985-872-2537,"MONDAY - FRIDAY, 7:00 AM TO 4:30 PM",Douglas LeCompte,Douglas.LeCompte@srsbuildingproducts.com,Commercial Roofing; Asphalt Shingles; Paint; Sealants; Underlayment; Metal Roofing; Fasteners; Ridge; Edge; Wood; Roofing Tile; Ventilation Products,https://www.srsdistribution.com/en/markets/our-brands/srs-building-products/srs-building-products---houma/
srs-building-products---southeast-miami,SRS BUILDING PRODUCTS - SOUTHEAST MIAMI,srs-building-products,2445 NW 76th St,Miami,FL,33147,25.844109,-80.238355,786-628-3100,786-628-3101,"MONDAY - FRIDAY, 7:00 AM TO 4:00 PM",Winder Perez,Winder.Perez@suncoastrooferssupply.com,,https://www.srsdistribution.com/en/markets/our-brands/srs-building-products/srs-building-products---southeast-miami/
srs-building-products---levittown,SRS BUILDING PRODUCTS - LEVITTOWN,srs-building-products,"805 N Wilson Ave, Building 202",Bristol,PA,19007,40.1206946,-74.8358979,267-440-6800,267-440-6888,"MONDAY - FRIDAY, 7:00 AM TO 3:30 PM",Jared Cummins,JARED.CUMMINS@SRSBUILDINGPRODUCTS.COM,,https://www.srsdistribution.com/en/markets/our-brands/srs-building-products/srs-building-products---levittown/
srs-building-products---asheville,SRS BUILDING PRODUCTS - ASHEVILLE,srs-building-products,12A Gerber Road,Asheville,NC,28803,35.502606,-82.521562,828-274-5450,828-274-5455,"MONDAY - FRIDAY, 7:00 AM TO 4:30 PM",Johnathan Medlin,Johnathan.Medlin@srsbuildingproducts.com,Windows; Vinyl Siding; Cement Siding; Wood Siding; Doors; Shingle Roofing; Metal Roofing; Commercial Roofing; Ventilation; Gutters; Railing and Decking; Sealants; Underlayments; Tools; Caulking; Other Nearby Locations; EASTANOLLEE; GREENVILLE; KNOXVILLE; SPARTANBURG; SEND A MESSAGE TO THE BRANCH MANAGER,https://www.srsdistribution.com/en/markets/our-brands/srs-building-products/srs-building-products---asheville/
srs-building-products---belton,SRS BUILDING PRODUCTS - BELTON,srs-building-products,2121 Industrial Park Road,Belton,TX,76513,31.07644,-97.46371,254-410-6901    ,254-410-6902,"MONDAY - FRIDAY, 7:00 AM TO 4:30 PM",Anthony Edwards,Anthony.Edwards@srsbuildingproducts.com,Columns and Patio Covers; Gutter Materials; Roofing Products; Siding and Vinyl Shutters; Ventilation Products; Windows; Asphalt Shingles; Cedar Shakes; Coatings & Waterproofing; Commercial Roofing; Decking; Doors; Insulation; Metal Roofing; Simulated & Real Stone Veneers; Skylights; Tools & Equipment; James Hardie Siding; Other Nearby Locations; AUSTIN; AUSTIN CD; ROUND ROCK; WACO; SEND A MESSAGE TO THE BRANCH MANAGER,https://www.srsdistribution.com/en/markets/our-brands/srs-building-products/srs-building-products---belton/
srs-building-products---sudbury,SRS BUILDING PRODUCTS - SUDBURY,srs-building-products,"33 Union Avenue, Suite 500",Sudbury,MA,01776,42.364174,-71.426577,978-306-5066,978-306-5067,"MONDAY - FRIDAY, 7:00 AM TO 3:30 PM",Jared Firestone,jfirestone@srsbuildingproducts.com,Columns and Patio Covers; Gutter Materials; Roofing Products; Siding and Vinyl Shutters; Ventilation Products; Windows; Other Nearby Locations; BRAINTREE; MALDEN; MEDFORD MA; WORCESTER; SEND A MESSAGE TO THE BRANCH MANAGER,https://www.srsdistribution.com/en/markets/our-brands/srs-building-products/srs-building-products---sudbury/
srs-building-products---covington,SRS BUILDING PRODUCTS - COVINGTON,srs-building-products,17441 Hard Hat Dr,Covington,LA,70435,30.513637994,-90.115615991,985-892-2599,985-892-1599,"MONDAY - FRIDAY, 7:00 AM TO 4:30 PM",,,Commercial Roofing; Asphalt Shingles; Paint; Sealants; Underlayment; Metal Roofing; Fasteners; Ridge; Edge; Wood; Roofing Tile; Ventilation Products,https://www.srsdistribution.com/en/markets/our-brands/srs-building-products/srs-building-products---covington/
srs-building-products---n.-jacksonville,SRS BUILDING PRODUCTS - N. JACKSONVILLE,srs-building-products,"4665 Collins Road, Unit 401",Jacksonville,FL,32244,30.193131,-81.707343,904-447-4650,904-447-4651,"MONDAY - FRIDAY, 7:00 AM TO 5:00 PM",Scott Sitz,Scott.Sitz@suncoastrooferssupply.com,,https://www.srsdistribution.com/en/markets/our-brands/srs-building-products/srs-building-products---n.-jacksonville/
srs-building-products---melbourne,SRS BUILDING PRODUCTS - MELBOURNE,srs-building-products,2701 W NASA Blvd,Melbourne,FL,32904,28.0973023,-80.6672844,321-323-3366,321-323-3367,"MONDAY - FRIDAY, 7:00 AM TO 4:00 PM",Scott Weldon,sweldon@srsbuildingproducts.com,,https://www.srsdistribution.com/en/markets/our-brands/srs-building-products/srs-building-products---melbourne/
srs-building-products---delray-beach,SRS BUILDING PRODUCTS - DELRAY BEACH,srs-building-products,1860 Dr. Andres Way,Delray Beach,FL,33445,26.4575065,-80.09183,561-802-7103,561-802-7104,"MONDAY - FRIDAY, 7:00 AM TO 4:00 PM",Richard Castillo,Richard.Castillo@srsbuildingproducts.com,,https://www.srsdistribution.com/en/markets/our-brands/srs-building-products/srs-building-products---delray-beach/
srs-building-products---blackwood,SRS BUILDING PRODUCTS - BLACKWOOD,srs-building-products,106 Sicklerville Road,Blackwood,NJ,08012,39.772252,-75.050689,856-228-8220,856-228-1126,"MONDAY - FRIDAY, 7:00 AM TO 3:30 PM",JWAHL@SRSBUILDINGPRODUCTS.COM,,,https://www.srsdistribution.com/en/markets/our-brands/srs-building-products/srs-building-products---blackwood/
srs-building-products---vineland,SRS BUILDING PRODUCTS - VINELAND,srs-building-products,2130 Industrial Way,Vineland,NJ,08360,39.514521,-75.064691,856-690-8800,856-690-8809,"MONDAY - FRIDAY, 7:00 AM TO 3:30 PM",DBLOUGH@SRSBUILDINGPRODUCTS.COM,,,https://www.srsdistribution.com/en/markets/our-brands/srs-building-products/srs-building-products---vineland/
srs-building-products---covina,SRS BUILDING PRODUCTS - COVINA,srs-building-products,1471 W. Industrial Park Street,Covina,CA,91722,34.0917581,-117.9207892,626-594-4755,626-334-7289,"MONDAY - FRIDAY, 6:00 AM TO 4:00 PM",Jesus Ojeda Sr,Jesus.OjedaSr@srsbuildingproducts.com,Residential; Asphalt Shingles; Roof Tiles; Metal Roofs; Slate and Synthetic Roofs; Wood Shake and Shingles; Self-Adhered Roofs; Underlayment; Ice and Water Barriers; Roof Ventilation; Roofing Accessories; Skylights,https://www.srsdistribution.com/en/markets/our-brands/srs-building-products/srs-building-products---covina/
srs-building-products---ramsey,SRS BUILDING PRODUCTS - RAMSEY,srs-building-products,663 East Crescent Avenue,Ramsey,NJ,07446,41.069022,-74.120706,201-669-4334,201-236-5969,"MONDAY - FRIDAY, 7:00 AM TO 3:30 PM",Jonelle Gallo,Jonelle.Gallo@SRSBUILDINGPRODUCTS.COM,"Roofing; Siding & Accessories; Windows; Doors; Waterproofing; Decking & Railing; Ventilation Products; Millwork, Shutters, Columns & Trim Boards; Tools & Equipment; Veneer Stone; Top Shield; Other Nearby Locations; BELLEVILLE; DOVER; ROSELLE; STAMFORD; SEND A MESSAGE TO THE BRANCH MANAGER",https://www.srsdistribution.com/en/markets/our-brands/srs-building-products/srs-building-products---ramsey/
srs-building-products---evansville,SRS BUILDING PRODUCTS - EVANSVILLE,srs-building-products,320 N. Congress Avenue,Evansville,IN,47715,37.9805909,-87.5005532,812-618-1125,812-471-2729,"MONDAY - FRIDAY, 7:00 AM TO 4:00 PM",William Toler,William.Toler@srsbuildingproducts.com,Columns and Patio Covers; Gutter Materials; Roofing Products; Siding and Vinyl Shutters; Ventilation Products; Windows; Other Nearby Locations; BLOOMINGTON; BOWLING GREEN; CLARKSVILLE; LOUISVILLE; SEND A MESSAGE TO THE BRANCH MANAGER,https://www.srsdistribution.com/en/markets/our-brands/srs-building-products/srs-building-products---evansville/
srs-building-products---st-louis,SRS BUILDING PRODUCTS - ST LOUIS,srs-building-products,5130 Manchester Avenue,St. Louis,MO,63110,38.62318,-90.27096,800-634-5718,314-645-1279,"MONDAY - FRIDAY, 7:00 AM TO 4:00 PM",Tom Pilackas,Tom.Pilackas@srsbuildingproducts.com,"Built-up Roofing & Modified Bitumen; Coatings & Adhesives; EPDM, TPO, & PVC; Flashing, Drains & Ventilation; Insulation Boards & Pavers; Roof hatches & Skylights; Attic Insulation; Shingles; Metal Roofing & Wall Panels; Sun Tunnels & Skylights; Synthetics & Composites; Underlayments; Fiber Cement Siding; Vinyl Siding; Windows; Doors; Decking; Railings; Moldings & trim; Columns; Fasteners & Adhesives; Tools; Affiliated Brands; Other Nearby Locations; O'FALLON; PEVELY; ST. PETERS; WEST ST LOUIS; SEND A MESSAGE TO THE BRANCH MANAGER",https://www.srsdistribution.com/en/markets/our-brands/srs-building-products/srs-building-products---st-louis/
srs-building-products---bismarck,SRS BUILDING PRODUCTS - BISMARCK,srs-building-products,1600 Industrial Dr.,Bismarck,ND,58501,46.8220763,-100.7318708,701-214-5799,701-258-3985,"MONDAY - FRIDAY, 8:00 AM TO 4:30 PM",Brian Johnson,Brian.Johnson@srsbuildingproducts.com,,https://www.srsdistribution.com/en/markets/our-brands/srs-building-products/srs-building-products---bismarck/
srs-building-products---medina,SRS BUILDING PRODUCTS - MEDINA,srs-building-products,610 Hamel Road,Medina,MN,55340,45.0441611,-93.5380971,763-401-8440,763-401-8460,"MONDAY - FRIDAY, 7:00 AM TO 4:30 PM",Jake Raether,Jake.Raether@srsbuildingproducts.com,,https://www.srsdistribution.com/en/markets/our-brands/srs-building-products/srs-building-products---medina/
srs-building-products---south-denver,SRS BUILDING PRODUCTS - SOUTH DENVER,srs-building-products,4393 S. Santa Fe Drive,Englewood,CO,80110,39.637252346,-105.00816,720-496-4600,303-789-7499,"MONDAY - FRIDAY, 7:00 AM TO 4:00 PM",Mike Ortega,Mike.Ortega@srsbuildingproducts.com,Roofing Products; Columns and Patio Covers; Gutter Materials; Ventilation Products; Siding and Vinyl Shutters; Windows; Top-Shield; Other Nearby Locations; CASTLE ROCK; COMMERCE CITY; DENVER; FORT COLLINS; SEND A MESSAGE TO THE BRANCH MANAGER,https://www.srsdistribution.com/en/markets/our-brands/srs-building-products/srs-building-products---south-denver/
srs-building-products---lithia-springs,SRS BUILDING PRODUCTS - LITHIA SPRINGS,srs-building-products,2285 Sweetwater Industrial Blvd,Lithia Springs,GA,30122,33.771047413,-84.650768658,678-905-4090,770 745-2675,"MONDAY - FRIDAY, 7:00 AM TO 4:30 PM",Joshua Danforth,Joshua.Danforth@srsbuildingproducts.com,Columns and Patio Covers; Gutter Materials; Roofing Products; Siding and Vinyl Shutters; Ventilation Products; Windows; Asphalt Shingles; Cedar Shakes; Coatings & Waterproofing; Commercial Roofing; Decking; Doors; Insulation; Metal Roofing; Simulated & Real Stone Veneers; Skylights; Tools & Equipment; James Hardie Siding; Other Nearby Locations; CARTERSVILLE; MARIETTA; NEWNAN; NORCROSS; SEND A MESSAGE TO THE BRANCH MANAGER,https://www.srsdistribution.com/en/markets/our-brands/srs-building-products/srs-building-products---lithia-springs/
srs-building-products---plymouth,SRS BUILDING PRODUCTS - PLYMOUTH,srs-building-products,39600 Schoolcraft Road,Plymouth,MI,48170,42.383303,-83.433922,734-259-3045,734-420-2208,"MONDAY - FRIDAY, 7:30 AM TO 4:00 PM",Jason Sanchez,JASON.SANCHEZ@SRSBUILDINGPRODUCTS.COM,Steep Slope Roofing; Low Slope Roofing; Exterior Cladding; Windows & Doors; Specialty Building Materials; Services; Delivery; Consulting; Estimating; Showrooms; Will-Call Service; Seamless Gutter Program; Insulation Blower Rental; Other Nearby Locations; MADISON HEIGHTS; STERLING HEIGHTS; WATERFORD; WAYNE; SEND A MESSAGE TO THE BRANCH MANAGER,https://www.srsdistribution.com/en/markets/our-brands/srs-building-products/srs-building-products---plymouth/
srs-building-products---pittston,SRS BUILDING PRODUCTS - PITTSTON,srs-building-products,322 Laurel Street,Pittston,PA,18640,41.3207922,-75.7751603,570-300-7999,570-883-4570,"MONDAY - FRIDAY, 7:00 AM TO 3:30 PM",TERRENCE.HERRON@SRSBUILDINGPRODUCTS.COM,,"Roofing; Decking & Railing; McClure Flooring (Johnstown, PA Location Only)",https://www.srsdistribution.com/en/markets/our-brands/srs-building-products/srs-building-products---pittston/
srs-building-products---waterbury,SRS BUILDING PRODUCTS - WATERBURY,srs-building-products,15 Boyden Street,Waterbury,CT,06704,41.589633,-73.050442,203-437-4405,203-754-1314,"MONDAY - FRIDAY, 7:00 AM TO 4:00 PM",Kate Westover,Kate.Westover@srsbuildingproducts.com,"Cedar, Slate, Synthetics & Tile; Commercial Roofing; Gutters & Accessories; Meta; Residential Roofing; Siding & Decking; Skylights, Windows & Doors; Waterproofing; Other Nearby Locations; DANBURY; NORTH HAVEN; STRATFORD; WINDSOR; SEND A MESSAGE TO THE BRANCH MANAGER",https://www.srsdistribution.com/en/markets/our-brands/srs-building-products/srs-building-products---waterbury/
srs-building-products---salem,SRS BUILDING PRODUCTS - SALEM,srs-building-products,3055 Industrial Way NE,Salem,OR,97301,44.967684485,-123.012771196,503-400-7377,503-581-4625,"MONDAY - FRIDAY, 7:00 AM TO 4:00 PM",Heath Peoples,Heath.Peoples@srsbuildingproducts.com,Columns and Patio Covers; Gutter Materials; Roofing Products; Siding and Vinyl Shutters; Ventilation Products; Windows; James Hardie Siding; Other Nearby Locations; CLACKAMAS; LAKE OSWEGO; PORTLAND OR; VANCOUVER; SEND A MESSAGE TO THE BRANCH MANAGER,https://www.srsdistribution.com/en/markets/our-brands/srs-building-products/srs-building-products---salem/
srs-building-products----lincoln-north,SRS BUILDING PRODUCTS  - LINCOLN NORTH,srs-building-products,5501 Douglas Ct.,Lincoln,NE,68504,40.859614,-96.645522,402-467-5161,402-467-5206,"MONDAY - FRIDAY, 7:30 AM TO 4:30 PM",Christopher Merritt,Christopher.Merritt@srsbuildingproducts.com,,https://www.srsdistribution.com/en/markets/our-brands/srs-building-products/srs-building-products----lincoln-north/
srs-building-products---sioux-falls,SRS BUILDING PRODUCTS - SIOUX FALLS,srs-building-products,5000 W. 5th St.,Sioux Falls,SD,57107,43.55283,-96.787724,605-334-7070,605-334-9083,"MONDAY - FRIDAY, 8:00 AM TO 4:30 PM",Jeff Garry,jgarry@srsbuildingproducts.com,Roofing Products; Columns and Patio Covers; Gutter Materials; Ventilation Products; Siding and Vinyl Shutters; Windows; Top-Shield; Other Nearby Locations; LINCOLN NORTH; OMAHA EAST; OMAHA WEST; SIOUX CITY; SEND A MESSAGE TO THE BRANCH MANAGER,https://www.srsdistribution.com/en/markets/our-brands/srs-building-products/srs-building-products---sioux-falls/
srs-building-products---grand-island,SRS BUILDING PRODUCTS - GRAND ISLAND,srs-building-products,3554 West Stolley Park Rd,Grand Island,NE,68803,40.903267,-98.385446,308-382-6161,308-382-1751,"MONDAY - FRIDAY, 8:00 AM TO 4:00 PM",Nicholas Luhn,Nicholas.Luhn@srsbuildingproducts.com,,https://www.srsdistribution.com/en/markets/our-brands/srs-building-products/srs-building-products---grand-island/
srs-building-products---traverse-city,SRS BUILDING PRODUCTS - TRAVERSE CITY,srs-building-products,3225 Astro Place,Traverse City,MI,49686,44.730891,-85.579604,231-668-5025,231-929-5190,"MONDAY - FRIDAY, 7:00 AM TO 4:30 PM",Roger Beattie,ROGER.BEATTIE@SRSBUILDINGPRODUCTS.COM,Steep Slope Roofing; Low Slope Roofing; Exterior Cladding; Windows & Doors; Specialty Building Materials; Services; Delivery; Consulting; Estimating; Showrooms; Will-Call Service; Seamless Gutter Program; Insulation Blower Rental; Other Nearby Locations; SAGINAW; SOUTH GRAND RAPIDS; TRAVERSE CITY NORTH; WEST OLIVE; SEND A MESSAGE TO THE BRANCH MANAGER,https://www.srsdistribution.com/en/markets/our-brands/srs-building-products/srs-building-products---traverse-city/
srs-building-products---arlington,SRS BUILDING PRODUCTS - ARLINGTON,srs-building-products,17305 59 Avenue NE,Arlington,WA,98223,48.153859,-122.149686,360-654-4900,360-435-2505,"MONDAY - FRIDAY, 7:00 AM TO 4:00 PM",Caroline Capoun,Caroline.Capoun@srsbuildingproducts.com,Columns and Patio Covers; Gutter Materials; Roofing Products; Siding and Vinyl Shutters; Ventilation Products; Windows; Other Nearby Locations; BELLINGHAM; BURLINGTON; LYNNWOOD; WOODINVILLE; SEND A MESSAGE TO THE BRANCH MANAGER,https://www.srsdistribution.com/en/markets/our-brands/srs-building-products/srs-building-products---arlington/
srs-building-products---omaha-east,SRS BUILDING PRODUCTS - OMAHA EAST,srs-building-products,4111 SO 94th Street,Omaha,NE,68127,41.219151,-96.056834,402-345-4141,402-345-0841,"MONDAY - FRIDAY, 8:00 AM TO 4:00 PM",Martin Cain,MCain@srsbuildingproducts.com,,https://www.srsdistribution.com/en/markets/our-brands/srs-building-products/srs-building-products---omaha-east/
srs-building-products---denver,SRS BUILDING PRODUCTS - DENVER,srs-building-products,4550 E. 52nd Avenue,Denver,CO,80022,39.7906522,-104.9347787,303-333-3700,303-333-3786,"MONDAY - FRIDAY, 7:00 AM TO 4:00 PM",Samuel Deherrera,Samuel.Deherrera@srsbuildingproducts.com,"Commercial; Single Ply Roofing: TPO, EPDM, & PVC; PolyIso Insulation; Roofing Products; Modified Bitumen; Roof Coatings; Waterproofing; Air & Vapor Barriers; Coverboards; Adhesives; Residential; Roofing Products; Columns and Patio Covers; Gutter Materials; Ventilation Products; Siding and Vinyl Shutters; Windows; Top-Shield; Affiliated Brands; Other Nearby Locations; CASTLE ROCK; COMMERCE CITY; FORT COLLINS; SOUTH DENVER; SEND A MESSAGE TO THE BRANCH MANAGER",https://www.srsdistribution.com/en/markets/our-brands/srs-building-products/srs-building-products---denver/
srs-building-products---longview,SRS BUILDING PRODUCTS - LONGVIEW,srs-building-products,3876 Whitehurst Dr,Longview,TX,75602,32.461328,-94.666936,903-291-1265,903-238-8702,"MONDAY - FRIDAY, 7:00 AM TO 4:30 PM",Jacob McMullen,Jacob.RossMcMullen@srsbuildingproducts.com,,https://www.srsdistribution.com/en/markets/our-brands/srs-building-products/srs-building-products---longview/
srs-building-products---newport-news,SRS BUILDING PRODUCTS - NEWPORT NEWS,srs-building-products,810 Bluecrab Road,Newport News,VA,23606,37.0913113,-76.4692321,757-913-5040,757-599-0703,"MONDAY - FRIDAY, 6:30 AM TO 3:00 PM",Ronald Shumate,rshumate@srsicorp.com,Columns and Patio Covers; Gutter Materials; Roofing Products; Siding and Vinyl Shutters; Ventilation Products; Windows; Asphalt Shingles; Cedar Shakes; Coatings & Waterproofing; Commercial Roofing; Decking; Doors; Insulation; Metal Roofing; Simulated & Real Stone Veneers; Skylights; Tools & Equipment; James Hardie Siding; Other Nearby Locations; FREDERICKSBURG; MIDLOTHIAN; NORFOLK; RICHMOND; SEND A MESSAGE TO THE BRANCH MANAGER,https://www.srsdistribution.com/en/markets/our-brands/srs-building-products/srs-building-products---newport-news/
srs-building-products---tempe,SRS BUILDING PRODUCTS - TEMPE,srs-building-products,625 S Perry Lane,Tempe,AZ,85281,33.424383,-111.90345,480-795-6330 ,480-968-2301,"MONDAY - FRIDAY, 5:30 AM TO 4:00 PM",Aileen Serrano,Aileen.Serrano@srsbuildingproducts.com,Columns and Patio Covers; Gutter Materials; Roofing Products; Siding and Vinyl Shutters; Ventilation Products; Windows; James Hardie Siding; Other Nearby Locations; PHOENIX; PRESCOTT; QUEEN CREEK; TUCSON; SEND A MESSAGE TO THE BRANCH MANAGER,https://www.srsdistribution.com/en/markets/our-brands/srs-building-products/srs-building-products---tempe/
srs-building-products---middletown,SRS BUILDING PRODUCTS - MIDDLETOWN,srs-building-products,3690 Commerce Dr,Middletown,OH,45005,39.497796286,-84.321066178,513-217-9889,513-217-9455,"MONDAY - FRIDAY, 7:30 AM TO 4:00 PM",Tony Steer,Tony.Steer@srsbuildingproducts.com,Shingles; Commercial Roofing; Metal Roofing; Windows,https://www.srsdistribution.com/en/markets/our-brands/srs-building-products/srs-building-products---middletown/
srs-building-products---melissa,SRS BUILDING PRODUCTS - MELISSA,srs-building-products,3550 Industrial Drive,Melissa,TX,75454,33.2956970294898,-96.537530088202,972-837-4412,972-837-4418,"MONDAY - FRIDAY, 7:30 AM TO 4:30 PM",Blake Mercer,Blake.Mercer@srsbuildingproducts.com,Columns and Patio Covers; Gutter Materials; Roofing Products; Siding and Vinyl Shutters; Ventilation Products; Windows; Asphalt Shingles; Cedar Shakes; Coatings & Waterproofing; Commercial Roofing; Decking; Doors; Insulation; Metal Roofing; Simulated & Real Stone Veneers; Skylights; Tools & Equipment; James Hardie Siding; Other Nearby Locations; DALLAS; FRISCO; RICHARDSON; WYLIE; SEND A MESSAGE TO THE BRANCH MANAGER,https://www.srsdistribution.com/en/markets/our-brands/srs-building-products/srs-building-products---melissa/
srs-building-products---weatherford,SRS BUILDING PRODUCTS - WEATHERFORD,srs-building-products,"2503 Mineral Wells Highway, BLDG 115",Weatherford,TX,76088,32.7632082,-97.8424532,817-598-0631,817-598-0635,"MONDAY - FRIDAY, 7:30 AM TO 4:30 PM",Braeden Derouen,Braeden.Derouen@srsbuildingproducts.com,Columns and Patio Covers; Gutter Materials; Roofing Products; Siding and Vinyl Shutters; Ventilation Products; Windows; Asphalt Shingles; Cedar Shakes; Coatings & Waterproofing; Commercial Roofing; Decking; Doors; Insulation; Metal Roofing; Simulated & Real Stone Veneers; Skylights; Tools & Equipment; James Hardie Siding; Other Nearby Locations; ARLINGTON TX; FORT WORTH; RICHLAND HILLS; SW FORT WORTH; SEND A MESSAGE TO THE BRANCH MANAGER,https://www.srsdistribution.com/en/markets/our-brands/srs-building-products/srs-building-products---weatherford/
srs-building-products---tyler,SRS BUILDING PRODUCTS - TYLER,srs-building-products,10145 State Highway 64 E,Tyler,TX,75707,32.3317586,-95.2421976,903-705-7177,214-451-6298,"MONDAY - FRIDAY, 7:30 AM TO 4:00 PM",William Dimsey,William.Dimsey@srsbuildingproducts.com,Columns and Patio Covers; Gutter Materials; Roofing Products; Siding and Vinyl Shutters; Ventilation Products; Windows; Asphalt Shingles; Cedar Shakes; Coatings & Waterproofing; Commercial Roofing; Decking; Doors; Insulation; Metal Roofing; Simulated & Real Stone Veneers; Skylights; Tools & Equipment; James Hardie Siding; Other Nearby Locations; LONGVIEW; MESQUITE; SHREVEPORT; WYLIE; SEND A MESSAGE TO THE BRANCH MANAGER,https://www.srsdistribution.com/en/markets/our-brands/srs-building-products/srs-building-products---tyler/
srs-building-products---fredericksburg,SRS BUILDING PRODUCTS - FREDERICKSBURG,srs-building-products,5112 Park Dr.,Fredericksburg,VA,22408,38.254892,-77.5047,540-322-2299,540-898-3474,"MONDAY - FRIDAY, 7:00 AM TO 3:00 PM",Ian Lipscomb,Ian.Lipscomb@srsbuildingproducts.com,Columns and Patio Covers; Gutter Materials; Roofing Products; Siding and Vinyl Shutters; Ventilation Products; Windows; Asphalt Shingles; Cedar Shakes; Coatings & Waterproofing; Commercial Roofing; Decking; Doors; Insulation; Metal Roofing; Simulated & Real Stone Veneers; Skylights; Tools & Equipment; James Hardie Siding; Other Nearby Locations; CHANTILLY; MIDLOTHIAN; RICHMOND; WALDORF; SEND A MESSAGE TO THE BRANCH MANAGER,https://www.srsdistribution.com/en/markets/our-brands/srs-building-products/srs-building-products---fredericksburg/
srs-building-products---canton,SRS BUILDING PRODUCTS - CANTON,srs-building-products,4900 Southway St. SW,Canton,OH,44706,40.781132,-81.440176,330-453-8080,330-479-1761,"MONDAY - FRIDAY, 7:30 AM TO 4:00 PM",,,Shingles; Commercial Roofing; Metal Roofing; Windows,https://www.srsdistribution.com/en/markets/our-brands/srs-building-products/srs-building-products---canton/
srs-building-products---elyria,SRS BUILDING PRODUCTS - ELYRIA,srs-building-products,41362 Griswold Rd,Elyria,OH,44035,41.401145,-82.12319,440-324-1155,440-324-7594,"MONDAY - FRIDAY, 7:00 AM TO 4:00 PM",Andrew Ellis,Drew.Ellis@srsbuildingproducts.com,Shingles; Commercial Roofing; Metal Roofing; Windows,https://www.srsdistribution.com/en/markets/our-brands/srs-building-products/srs-building-products---elyria/
srs-building-products---middleburg-hts,SRS BUILDING PRODUCTS - MIDDLEBURG HTS,srs-building-products,17901 Sheldon Road,Middleburg Heights,OH,44130,41.387847,-81.82592,216-452-1010,216-362-3280,"MONDAY - FRIDAY, 7:00 AM TO 4:00 PM",Jordan Johnson,Jordan.Johnson@srsbuildingproducts.com,"Commercial; Single Ply Roofing: TPO, EPDM, & PVC; PolyIso Insulation; Roofing Products; Modified Bitumen; Roof Coatings; Waterproofing; Air & Vapor Barriers; Coverboards; Adhesives; Residential; Shingles; Metal Roofing; Windows",https://www.srsdistribution.com/en/markets/our-brands/srs-building-products/srs-building-products---middleburg-hts/
srs-building-products---wooster,SRS BUILDING PRODUCTS - WOOSTER,srs-building-products,6692 Lincoln Way East,Wooster,OH,44691,40.798873,-81.852188,330-264-5151,330-264-4155,"MONDAY - FRIDAY, 7:30 AM TO 4:00 PM",Matt.Mayle@srsbuildingproducts.com,,Shingles; Commercial Roofing; Metal Roofing; Windows,https://www.srsdistribution.com/en/markets/our-brands/srs-building-products/srs-building-products---wooster/
srs-building-products---north-little-rock,SRS BUILDING PRODUCTS - NORTH LITTLE ROCK,srs-building-products,4500 Rixie Road,North Little Rock,AR,72117,34.8277,-92.18163,501-833-8727,501-833-5999,"MONDAY - FRIDAY, 7:00 AM TO 4:30 PM",Alec Pender,Alec.Pender@srsbuildingproducts.com,,https://www.srsdistribution.com/en/markets/our-brands/srs-building-products/srs-building-products---north-little-rock/
srs-building-products---richland-hills,SRS BUILDING PRODUCTS - RICHLAND HILLS,srs-building-products,"7500 Baker Blvd, Suite 180",Richland Hills,TX,76118,32.8072358,-97.21605,817-616-3450,817-616-3454,"MONDAY - FRIDAY, 7:00 AM TO 4:30 PM",Ryan Hughes,Ryan.Hughes@srsbuildingproducts.com,Columns and Patio Covers; Gutter Materials; Roofing Products; Siding and Vinyl Shutters; Ventilation Products; Windows; Asphalt Shingles; Cedar Shakes; Coatings & Waterproofing; Commercial Roofing; Decking; Doors; Insulation; Metal Roofing; Simulated & Real Stone Veneers; Skylights; Tools & Equipment; James Hardie Siding; Other Nearby Locations; ARLINGTON TX; COPPELL; FORT WORTH; SW FORT WORTH; SEND A MESSAGE TO THE BRANCH MANAGER,https://www.srsdistribution.com/en/markets/our-brands/srs-building-products/srs-building-products---richland-hills/
srs-building-products---roselle,SRS BUILDING PRODUCTS - ROSELLE,srs-building-products,625 West 1st Ave,Roselle,NJ,07203,40.657424,-74.279643,908-245-9292,908-245-0517,"MONDAY - FRIDAY, 7:00 AM TO 4:00 PM",Noah Westbrook,NOAH.WESTBROOK@SRSBUILDINGPRODUCTS.COM,"Roofing; Siding & Accessories; Windows; Doors; Waterproofing; Decking & Railing; Ventilation Products; Millwork, Shutters, Columns & Trim Boards; Tools & Equipment; Veneer Stone; Top Shield; Other Nearby Locations; BELLEVILLE; BRIDGEWATER; DOVER; RAMSEY; SEND A MESSAGE TO THE BRANCH MANAGER",https://www.srsdistribution.com/en/markets/our-brands/srs-building-products/srs-building-products---roselle/
srs-building-products---belleville,SRS BUILDING PRODUCTS - BELLEVILLE,srs-building-products,94 Stephens St.,Belleville,NJ,07109,40.78764,-74.149137,973-751-2626,973-751-6011,"MONDAY - FRIDAY, 7:00 AM TO 4:00 PM",Raynert Genao,RAYNERT.GENAO@SRSBUILDINGPRODUCTS.COM,"Roofing; Siding & Accessories; Windows; Doors; Waterproofing; Decking & Railing; Ventilation Products; Millwork, Shutters, Columns & Trim Boards; Tools & Equipment; Veneer Stone; Top Shield; Other Nearby Locations; BRIDGEWATER; DOVER; RAMSEY; ROSELLE; SEND A MESSAGE TO THE BRANCH MANAGER",https://www.srsdistribution.com/en/markets/our-brands/srs-building-products/srs-building-products---belleville/
srs-building-products---mentor,SRS BUILDING PRODUCTS - MENTOR,srs-building-products,7433 Clover Ave,Mentor,OH,44060,41.664859,-81.37573,440-269-1600,440-602-4380,"MONDAY - FRIDAY, 7:30 AM TO 4:00 PM",Kyle Robinson,Kyle.Robinson@srsbuildingproducts.com,Shingles; Commercial Roofing; Metal Roofing; Windows,https://www.srsdistribution.com/en/markets/our-brands/srs-building-products/srs-building-products---mentor/
srs-building-products---akron,SRS BUILDING PRODUCTS - AKRON,srs-building-products,859 Moe Drive,Akron,OH,44310,41.108575,-81.484424,330-630-6700,330-630-9630,"MONDAY - FRIDAY, 7:30 AM TO 4:00 PM",Mike Jackson,Mike.Jackson@srsdistribution.com,"Commercial; Single Ply Roofing: TPO, EPDM, & PVC; PolyIso Insulation; Roofing Products; Modified Bitumen; Roof Coatings; Waterproofing; Air & Vapor Barriers; Coverboards; Adhesives; Residential; Shingles; Metal Roofing; Windows",https://www.srsdistribution.com/en/markets/our-brands/srs-building-products/srs-building-products---akron/
srs-building-products---corpus-christi,SRS BUILDING PRODUCTS - CORPUS CHRISTI,srs-building-products,245 Omaha Drive,Corpus Christi,TX,78408,27.79,-97.44878,361-402-6200,361-402-6201,"MONDAY - FRIDAY, 7:30 AM TO 4:30 PM",Carlos Hernandez,Carlos.Hernandez@srsbuildingproducts.com,Columns and Patio Covers; Gutter Materials; Roofing Products; Siding and Vinyl Shutters; Ventilation Products; Windows; Asphalt Shingles; Cedar Shakes; Coatings & Waterproofing; Commercial Roofing; Decking; Doors; Insulation; Metal Roofing; Simulated & Real Stone Veneers; Skylights; Tools & Equipment; James Hardie Siding; Other Nearby Locations; CENTRAL SAN ANTONIO; LAREDO; NEW BRAUNFELS; SOUTH SAN ANTONIO; SEND A MESSAGE TO THE BRANCH MANAGER,https://www.srsdistribution.com/en/markets/our-brands/srs-building-products/srs-building-products---corpus-christi/
srs-building-products---st-augustine,SRS BUILDING PRODUCTS - ST AUGUSTINE,srs-building-products,1750 Dobbs Road,St Augustine,FL,32084,29.869448,-81.334195,904-429-1200,904-429-1218,"MONDAY - FRIDAY, 7:00 AM TO 4:30 PM",Michael Taborda,Michael.Taborda@srsbuildingproducts.com,,https://www.srsdistribution.com/en/markets/our-brands/srs-building-products/srs-building-products---st-augustine/
srs-building-products---south-orlando,SRS BUILDING PRODUCTS - SOUTH ORLANDO,srs-building-products,7600 South Orange Avenue,Orlando,FL,32809,28.45561,-81.36589,407-251-9070,407-251-9077,"MONDAY - FRIDAY, 7:00 AM TO 4:00 PM",Frank Joseph Colombino,FrankJoseph.Colombino@srsbuildingproducts.com,,https://www.srsdistribution.com/en/markets/our-brands/srs-building-products/srs-building-products---south-orlando/
srs-building-products---carson,SRS BUILDING PRODUCTS - CARSON,srs-building-products,18030 S. Figueroa Street,Gardena,CA,90248,33.866565,-118.281127,310-323-8881,310-323-2243,"MONDAY - FRIDAY, 6:00 AM TO 4:00 PM",Angel Vazquez,Angel.Vazquez@srsbuildingproducts.com,Commercial; Single-Ply; Built-Up; Modified APP/SBS; Roof Coating and Restoration; Roofing Accessories; Insulation; Poly Iso; Recover Boards; Perlite; Tapered Products; Residential; Asphalt Shingles; Roof Tiles; Metal Roofs; Slate and Synthetic Roofs; Wood Shake and Shingles; Self-Adhered Roofs; Underlayment; Ice and Water Barriers; Roof Ventilation; Roofing Accessories; Skylights,https://www.srsdistribution.com/en/markets/our-brands/srs-building-products/srs-building-products---carson/
srs-building-products---santa-ana,SRS BUILDING PRODUCTS - SANTA ANA,srs-building-products,1101 E. 6th Street,Santa Ana,CA,92701,33.750112,-117.853851,714-568-1900,714-568-1914,"MONDAY - FRIDAY, 6:00 AM TO 4:00 PM",Audomaro Vega,Audomaro.Vega@srsbuildingproducts.com,Residential; Asphalt Shingles; Roof Tiles; Metal Roofs; Slate and Synthetic Roofs; Wood Shake and Shingles; Self-Adhered Roofs; Underlayment; Ice and Water Barriers; Roof Ventilation; Roofing Accessories; Skylights,https://www.srsdistribution.com/en/markets/our-brands/srs-building-products/srs-building-products---santa-ana/
srs-building-products---dover,SRS BUILDING PRODUCTS - DOVER,srs-building-products,7 Lee Ave,Dover,NJ,07801,40.886738,-74.53749,973-989-6969,973-989-5210,"MONDAY - FRIDAY, 7:00 AM TO 3:30 PM",,,"Roofing; Siding & Accessories; Windows; Doors; Waterproofing; Decking & Railing; Ventilation Products; Millwork, Shutters, Columns & Trim Boards; Tools & Equipment; Veneer Stone; Top Shield; Other Nearby Locations; BELLEVILLE; BRIDGEWATER; RAMSEY; ROSELLE; SEND A MESSAGE TO THE BRANCH MANAGER",https://www.srsdistribution.com/en/markets/our-brands/srs-building-products/srs-building-products---dover/
srs-building-products---summerville,SRS BUILDING PRODUCTS - SUMMERVILLE,srs-building-products,"211 Farmington Road, Unit A",Summerville,SC,29486,33.02988,-80.13796,843-268-4199,843-268-4299,"MONDAY - FRIDAY, 7:00 AM TO 4:00 PM",Hugh McFaddin,Hugh.McFaddin@srsbuildingproducts.com,,https://www.srsdistribution.com/en/markets/our-brands/srs-building-products/srs-building-products---summerville/
srs-building-products---vista,SRS BUILDING PRODUCTS - VISTA,srs-building-products,458 W. California Avenue,Vista,CA,92083,33.207634,-117.250327,760-631-5559,760-631-5560,"MONDAY - FRIDAY, 6:30 AM TO 4:00 PM",Angel Moreno,Angel.Moreno@srsbuildingproducts.com,Columns and Patio Covers; Gutter Materials; Roofing Products; Siding and Vinyl Shutters; Ventilation Products; Windows; James Hardie Siding; Other Nearby Locations; EAST SAN DIEGO; MURRIETA; SAN DIEGO; SANTA ANA; SEND A MESSAGE TO THE BRANCH MANAGER,https://www.srsdistribution.com/en/markets/our-brands/srs-building-products/srs-building-products---vista/
srs-building-products---bremerton,SRS BUILDING PRODUCTS - BREMERTON,srs-building-products,1305 Marine Drive,Bremerton,WA,98312,47.573106,-122.667343,360-362-7755,360-362-7729,"MONDAY - FRIDAY, 7:00 AM TO 4:00 PM",Philip LeRoy,Philip.LeRoy@stonewayroofing.com,Columns and Patio Covers; Gutter Materials; Roofing Products; Siding and Vinyl Shutters; Ventilation Products; Windows; Other Nearby Locations; KENT; LYNNWOOD; TACOMA SIDING; WOODINVILLE; SEND A MESSAGE TO THE BRANCH MANAGER,https://www.srsdistribution.com/en/markets/our-brands/srs-building-products/srs-building-products---bremerton/
srs-building-products---selinsgrove,SRS BUILDING PRODUCTS - SELINSGROVE,srs-building-products,49 H&amp;S Drive,Selinsgrove,PA,17870,40.806417,-76.911484,570-374-0286,570-374-5729,"MONDAY - FRIDAY, 7:00 AM TO 3:30 PM",Dennis Kissinger,Dennis.Kissinger@SRSBUILDINGPRODUCTS.COM,"Roofing; Decking & Railing; McClure Flooring (Johnstown, PA Location Only)",https://www.srsdistribution.com/en/markets/our-brands/srs-building-products/srs-building-products---selinsgrove/
srs-building-products---mechanicsburg,SRS BUILDING PRODUCTS - MECHANICSBURG,srs-building-products,860 Wesley Drive,Mechanicsburg,PA,17055,40.212071,-76.965823,717-790-9814,717-697-0428,"MONDAY - FRIDAY, 7:00 AM TO 3:00 PM",Giovanni Torres,Giovanni.Torres@srsbuildingproducts.com,"Roofing; Decking & Railing; McClure Flooring (Johnstown, PA Location Only)",https://www.srsdistribution.com/en/markets/our-brands/srs-building-products/srs-building-products---mechanicsburg/
srs-building-products---stroudsburg,SRS BUILDING PRODUCTS - STROUDSBURG,srs-building-products,101 Gypsum Road,Stroudsburg,PA,18360,40.948574,-75.295678,570-992-5600,570-992-3420,"MONDAY - FRIDAY, 7:00 AM TO 3:30 PM",Maria Comunale,mcomunale@SRSBUILDINGPRODUCTS.COM,,https://www.srsdistribution.com/en/markets/our-brands/srs-building-products/srs-building-products---stroudsburg/
srs-building-products---york,SRS BUILDING PRODUCTS - YORK,srs-building-products,720 Neu Rd,York,PA,17404,39.98493,-76.74812,717-848-5820,717-848-5538,"MONDAY - FRIDAY, 7:00 AM TO 3:00 PM",Dave Allen,Dave.Allen@srsbuildingproducts.com,"Roofing; Decking & Railing; McClure Flooring (Johnstown, PA Location Only)",https://www.srsdistribution.com/en/markets/our-brands/srs-building-products/srs-building-products---york/
srs-building-products---bloomsburg,SRS BUILDING PRODUCTS - BLOOMSBURG,srs-building-products,6525 Low Street,Bloomsburg,PA,17815,41.026375,-76.344571,570-387-7708,866-829-5645,"MONDAY - FRIDAY, 7:00 AM TO 3:30 PM",Terry Dollman,Terry.Dollman@SRSBUILDINGPRODUCTS.COM,"Roofing; Decking & Railing; McClure Flooring (Johnstown, PA Location Only)",https://www.srsdistribution.com/en/markets/our-brands/srs-building-products/srs-building-products---bloomsburg/
srs-building-products---duncansville,SRS BUILDING PRODUCTS - DUNCANSVILLE,srs-building-products,160 Vision Dr,Duncansville,PA,16635,40.261616,-78.872278,814-288-5771,814-288-1215,"MONDAY - FRIDAY, 8:00 AM TO 4:00 PM",Jeremy Knott,JEREMY.KNOTT@SRSBUILDINGPRODUCTS.COM,"Asphalt Shingles; Commercial Roofing; Decking & Railing; Gutters & Stone; Metal Roofing; Siding & Shutters; Slate & Tile; Windows, Doors & Millwork; Other Nearby Locations; HAGERSTOWN; MONROEVILLE; N PITTSBURGH; PITTSBURGH; SEND A MESSAGE TO THE BRANCH MANAGER",https://www.srsdistribution.com/en/markets/our-brands/srs-building-products/srs-building-products---duncansville/
srs-building-products---joliet,SRS BUILDING PRODUCTS - JOLIET,srs-building-products,1806 Terry Drive,Joliet,IL,60436,41.489453,-88.142102,815-600-8886,815-600-8841,"MONDAY - FRIDAY, 7:00 AM TO 4:00 PM",Christopher Karasinski,Christopher.Karasinski@srsbuildingproducts.com,Roofing Products; Columns and Patio Covers; Gutter Materials; Ventilation Products; Siding and Vinyl Shutters; Windows; Top-Shield; Other Nearby Locations; ADDISON; CHICAGO HEIGHTS; CHICAGO WEST; NAPERVILLE; SEND A MESSAGE TO THE BRANCH MANAGER,https://www.srsdistribution.com/en/markets/our-brands/srs-building-products/srs-building-products---joliet/
srs-building-products---frederick,SRS BUILDING PRODUCTS - FREDERICK,srs-building-products,6809 Bowmans Crossing,Frederick,MD,21703,39.35957,-77.43259,301-695-5335,301-695-1049,"MONDAY - FRIDAY, 7:00 AM TO 4:00 PM",,,Columns and Patio Covers; Gutter Materials; Roofing Products; Siding and Vinyl Shutters; Ventilation Products; Windows; Asphalt Shingles; Cedar Shakes; Coatings & Waterproofing; Commercial Roofing; Decking; Doors; Insulation; Metal Roofing; Simulated & Real Stone Veneers; Skylights; Tools & Equipment; James Hardie Siding; Other Nearby Locations; BELTSVILLE; CHANTILLY; HAGERSTOWN; WOODLAWN; SEND A MESSAGE TO THE BRANCH MANAGER,https://www.srsdistribution.com/en/markets/our-brands/srs-building-products/srs-building-products---frederick/
srs-building-products---reading,SRS BUILDING PRODUCTS - READING,srs-building-products,1047 Old Bernville Road,Reading,PA,19605,40.392124,-75.991158,610-926-8800,610-926-0806,"MONDAY - FRIDAY, 7:00 AM TO 3:00 PM",Justin Mills,Justin.Mills@SRSBUILDINGPRODUCTS.COM,"Roofing; Decking & Railing; McClure Flooring (Johnstown, PA Location Only)",https://www.srsdistribution.com/en/markets/our-brands/srs-building-products/srs-building-products---reading/
srs-building-products---laredo,SRS BUILDING PRODUCTS - LAREDO,srs-building-products,1815 Aguila Azteca,Laredo,TX,78043,27.514108,-99.451973,956-284-6930,956-284-6919,"MONDAY - FRIDAY, 7:30 AM TO 4:30 PM",Oscar Vasquez,Oscar.Vasquez@srsbuildingproducts.com,Columns and Patio Covers; Gutter Materials; Roofing Products; Siding and Vinyl Shutters; Ventilation Products; Windows; Asphalt Shingles; Cedar Shakes; Coatings & Waterproofing; Commercial Roofing; Decking; Doors; Insulation; Metal Roofing; Simulated & Real Stone Veneers; Skylights; Tools & Equipment; James Hardie Siding; Other Nearby Locations; CENTRAL SAN ANTONIO; CORPUS CHRISTI; KERRVILLE; SOUTH SAN ANTONIO; SEND A MESSAGE TO THE BRANCH MANAGER,https://www.srsdistribution.com/en/markets/our-brands/srs-building-products/srs-building-products---laredo/
srs-building-products---port-richey,SRS BUILDING PRODUCTS - PORT RICHEY,srs-building-products,8326 Lemon Road,Port Richey,FL,34668,28.27851,-82.690153,727-859-1100,727-859-1104,"MONDAY - FRIDAY, 7:00 AM TO 4:30 PM",Quade McNaughton,Quade.McNaughton@srsbuildingproducts.com,,https://www.srsdistribution.com/en/markets/our-brands/srs-building-products/srs-building-products---port-richey/
srs-building-products---norfolk,SRS BUILDING PRODUCTS - NORFOLK,srs-building-products,4500 Progress Rd,Norfolk,VA,23502,36.864968,-76.234454,757-663-5531,757-663-5525,"MONDAY - FRIDAY, 7:30 AM TO 4:30 PM",Samuel Riddick,Samuel.Riddick@srsbuildingproducts.com,Columns and Patio Covers; Gutter Materials; Roofing Products; Siding and Vinyl Shutters; Ventilation Products; Windows; Asphalt Shingles; Cedar Shakes; Coatings & Waterproofing; Commercial Roofing; Decking; Doors; Insulation; Metal Roofing; Simulated & Real Stone Veneers; Skylights; Tools & Equipment; James Hardie Siding,https://www.srsdistribution.com/en/markets/our-brands/srs-building-products/srs-building-products---norfolk/
srs-building-products---alpharetta,SRS BUILDING PRODUCTS - ALPHARETTA,srs-building-products,"5890 Ronald Reagan Boulevard, Suite 100-A",Alpharetta,GA,30005-2222,34.113923,-84.217884,470-226-1313,470-226-1315,"MONDAY - FRIDAY, 7:00 AM TO 4:30 PM",Derek White,Derek.White@srsbuildingproducts.com,Columns and Patio Covers; Gutter Materials; Roofing Products; Siding and Vinyl Shutters; Ventilation Products; Windows; Asphalt Shingles; Cedar Shakes; Coatings & Waterproofing; Commercial Roofing; Decking; Doors; Insulation; Metal Roofing; Simulated & Real Stone Veneers; Skylights; Tools & Equipment; James Hardie Siding,https://www.srsdistribution.com/en/markets/our-brands/srs-building-products/srs-building-products---alpharetta/
srs-building-products---raleigh-durham,SRS BUILDING PRODUCTS - RALEIGH DURHAM,srs-building-products,7504 Precision Drive,Raleigh,NC,27617,35.912835,-78.7642697,919-323-3777,919-794-4913,"MONDAY - FRIDAY, 7:00 AM TO 4:00 PM",Jack Rhiel,Jack.Rhiel@SRSBuildingProducts.com,Columns and Patio Covers; Gutter Materials; Roofing Products; Siding and Vinyl Shutters; Ventilation Products; Windows; Asphalt Shingles; Cedar Shakes; Coatings & Waterproofing; Commercial Roofing; Decking; Doors; Insulation; Metal Roofing; Simulated & Real Stone Veneers; Skylights; Tools & Equipment; James Hardie Siding; Other Nearby Locations; FAYETTEVILLE (NC); GREENSBORO; RALEIGH; SANFORD; SEND A MESSAGE TO THE BRANCH MANAGER,https://www.srsdistribution.com/en/markets/our-brands/srs-building-products/srs-building-products---raleigh-durham/
srs-building-products---stamford,SRS BUILDING PRODUCTS - STAMFORD,srs-building-products,69 Jefferson Street,Stamford,CT,06902,41.048829,-73.531866,203-359-2745,203-359-0158,"MONDAY - FRIDAY, 7:00 AM TO 4:00 PM",Frank Domiziano,Frank.Domiziano@srsbuildingproducts.com,"Cedar, Slate, Synthetics & Tile; Commercial Roofing; Gutters & Accessories; Meta; Residential Roofing; Siding & Decking; Skylights, Windows & Doors; Waterproofing; Other Nearby Locations; DANBURY; PATCHOGUE; RAMSEY; STRATFORD; SEND A MESSAGE TO THE BRANCH MANAGER",https://www.srsdistribution.com/en/markets/our-brands/srs-building-products/srs-building-products---stamford/
srs-building-products---danbury,SRS BUILDING PRODUCTS - DANBURY,srs-building-products,30 Shelter Rock Road,Danbury,CT,06810,41.38984,-73.431619,203-790-9955,203-797-9131,"MONDAY - FRIDAY, 7:00 AM TO 4:00 PM",Matt Geronimo,Matt.Geronimo@srsbuildingproducts.com,"Cedar, Slate, Synthetics & Tile; Commercial Roofing; Gutters & Accessories; Meta; Residential Roofing; Siding & Decking; Skylights, Windows & Doors; Waterproofing; Other Nearby Locations; NORTH HAVEN; STAMFORD; STRATFORD; WATERBURY; SEND A MESSAGE TO THE BRANCH MANAGER",https://www.srsdistribution.com/en/markets/our-brands/srs-building-products/srs-building-products---danbury/
srs-building-products---south-madison,SRS BUILDING PRODUCTS - SOUTH MADISON,srs-building-products,7134 E. Cates Rd,Belleville,WI,53508,42.893825,-89.542638,608-424-3576,608-424-3459,"MONDAY - FRIDAY, 8:00 AM TO 3:00 PM",Rhoda Hehn,RHehn@srsbuildingproducts.com,Roofing Products; Columns and Patio Covers; Gutter Materials; Ventilation Products; Siding and Vinyl Shutters; Windows; Top-Shield; Other Nearby Locations; DELAVAN; MADISON; MENOMONEE FALLS; ROCKFORD; SEND A MESSAGE TO THE BRANCH MANAGER,https://www.srsdistribution.com/en/markets/our-brands/srs-building-products/srs-building-products---south-madison/
srs-building-products---medford-ma,SRS BUILDING PRODUCTS - MEDFORD MA,srs-building-products,206 Mystic Avenue,Medford,MA,02155,42.408226,-71.103572,781-395-9093,781-395-9163,"MONDAY - FRIDAY, 7:00 AM TO 3:30 PM",John Gately,jgately@srsbuildingproducts.com,Columns and Patio Covers; Gutter Materials; Roofing Products; Siding and Vinyl Shutters; Ventilation Products; Windows; Other Nearby Locations; BRAINTREE; HUDSON; MALDEN; SUDBURY; SEND A MESSAGE TO THE BRANCH MANAGER,https://www.srsdistribution.com/en/markets/our-brands/srs-building-products/srs-building-products---medford-ma/
srs-building-products---plymouth-ma,SRS BUILDING PRODUCTS - PLYMOUTH MA,srs-building-products,15 Robert J Way,Plymouth,MA,02360,41.929604,-70.648688,508-830-9400,508-830-9432,"MONDAY - FRIDAY, 7:00 AM TO 3:30 PM",Andy Pruchnicki,apruchnicki@srsbuildingproducts.com,Columns and Patio Covers; Gutter Materials; Roofing Products; Siding and Vinyl Shutters; Ventilation Products; Windows; Other Nearby Locations; BRAINTREE; FOXBORO; MALDEN; N DARTMOUTH; SEND A MESSAGE TO THE BRANCH MANAGER,https://www.srsdistribution.com/en/markets/our-brands/srs-building-products/srs-building-products---plymouth-ma/
srs-building-products---woodlawn,SRS BUILDING PRODUCTS - WOODLAWN,srs-building-products,2801 Lord Baltimore Drive,Baltimore,MD,21244,39.331461,-76.751857,240-965-8250,410-944-4385,"MONDAY - FRIDAY, 7:00 AM TO 3:00 PM",Brian Hack,Brian.Hack@srsbuildingproducts.com,Columns and Patio Covers; Gutter Materials; Roofing Products; Siding and Vinyl Shutters; Ventilation Products; Windows; Asphalt Shingles; Cedar Shakes; Coatings & Waterproofing; Commercial Roofing; Decking; Doors; Insulation; Metal Roofing; Simulated & Real Stone Veneers; Skylights; Tools & Equipment; James Hardie Siding; Other Nearby Locations; ANNAPOLIS; BALTIMORE; BELTSVILLE; FREDERICK; SEND A MESSAGE TO THE BRANCH MANAGER,https://www.srsdistribution.com/en/markets/our-brands/srs-building-products/srs-building-products---woodlawn/
srs-building-products---beltsville,SRS BUILDING PRODUCTS - BELTSVILLE,srs-building-products,10511 Tucker St.,Beltsville,MD,20705,39.02474,-76.91111,240-965-8230,301-441-2481,"MONDAY - FRIDAY, 7:30 AM TO 4:30 PM",cgrant@srsbuildingproducts.com,,Columns and Patio Covers; Gutter Materials; Roofing Products; Siding and Vinyl Shutters; Ventilation Products; Windows; Asphalt Shingles; Cedar Shakes; Coatings & Waterproofing; Commercial Roofing; Decking; Doors; Insulation; Metal Roofing; Simulated & Real Stone Veneers; Skylights; Tools & Equipment; James Hardie Siding; Other Nearby Locations; ANNAPOLIS; BALTIMORE; WALDORF; WOODLAWN; SEND A MESSAGE TO THE BRANCH MANAGER,https://www.srsdistribution.com/en/markets/our-brands/srs-building-products/srs-building-products---beltsville/
srs-building-products----monroe,SRS BUILDING PRODUCTS -  MONROE,srs-building-products,845 N Dixie Hwy,Monroe,MI,48162,41.923178,-83.37401,734-241-5250,734-241-3062,"MONDAY - FRIDAY, 7:30 AM TO 4:00 PM",Mark Grancitelli,mgrancitelli@srsbuildingproducts.com,Columns and Patio Covers; Gutter Materials; Roofing Products; Siding and Vinyl Shutters; Ventilation Products; Windows; Other Nearby Locations; MADISON HEIGHTS; PLYMOUTH; TOLEDO; WAYNE; SEND A MESSAGE TO THE BRANCH MANAGER,https://www.srsdistribution.com/en/markets/our-brands/srs-building-products/srs-building-products----monroe/
srs-building-products---monroeville,SRS BUILDING PRODUCTS - MONROEVILLE,srs-building-products,400 Seco Road,Monroeville,PA,15146,40.450374,-79.755019,412-357-1033,412-357-1515,"MONDAY - FRIDAY, 7:30 AM TO 4:00 PM",Taylor Goulder,taylor.goulder@SRSBUILDINGPRODUCTS.COM,"Asphalt Shingles; Commercial Roofing; Decking & Railing; Gutters & Stone; Metal Roofing; Siding & Shutters; Slate & Tile; Windows, Doors & Millwork; Other Nearby Locations; DUNCANSVILLE; N PITTSBURGH; PITTSBURGH; SRS BUILDING PRODUCTS – MORGANTOWN; SEND A MESSAGE TO THE BRANCH MANAGER",https://www.srsdistribution.com/en/markets/our-brands/srs-building-products/srs-building-products---monroeville/
srs-building-products---olympia,SRS BUILDING PRODUCTS - OLYMPIA,srs-building-products,2780 29th Ave. SW,Tumwater,WA,98512,47.022424,-122.941323,360-753-8543,360-753-0054,"MONDAY - FRIDAY, 7:00 AM TO 4:00 PM",Benjamin Patterson,Benjamin.Patterson@srsbuildingproducts.com,Columns and Patio Covers; Gutter Materials; Roofing Products; Siding and Vinyl Shutters; Ventilation Products; Windows; Other Nearby Locations; BREMERTON; KENT; TACOMA; TACOMA SIDING; SEND A MESSAGE TO THE BRANCH MANAGER,https://www.srsdistribution.com/en/markets/our-brands/srs-building-products/srs-building-products---olympia/
srs-building-products---patchogue,SRS BUILDING PRODUCTS - PATCHOGUE,srs-building-products,400 W. Main St.,Patchogue,NY,11772,40.76178,-73.027781,631-475-5215,631-475-5275,"MONDAY - FRIDAY, 7:00 AM TO 3:30 PM",Joe Capozzi,jcapozzi@SRSBUILDINGPRODUCTS.COM,Columns and Patio Covers; Gutter Materials; Roofing Products; Siding and Vinyl Shutters; Ventilation Products,https://www.srsdistribution.com/en/markets/our-brands/srs-building-products/srs-building-products---patchogue/
srs-building-products---trenton,SRS BUILDING PRODUCTS - TRENTON,srs-building-products,526 New York Avenue,Trenton,NJ,08638,40.234559,-74.749424,609-392-0623,609-393-0709,"MONDAY - FRIDAY, 7:00 AM TO 4:00 PM",Christopher Hayes,chayes@srsbuildingproducts.com,,https://www.srsdistribution.com/en/markets/our-brands/srs-building-products/srs-building-products---trenton/
srs-building-products---south-charlotte,SRS BUILDING PRODUCTS - SOUTH CHARLOTTE,srs-building-products,"5046 Old Pineville Road, Ste 150",Charlotte,NC,28217,35.16713,-80.87782,704-522-3735,704-676-4990,"MONDAY - FRIDAY, 7:00 AM TO 4:30 PM",Luke Sinclaire,Luke.Sinclaire@srsbuildingproducts.com,Columns and Patio Covers; Gutter Materials; Roofing Products; Siding and Vinyl Shutters; Ventilation Products; Windows; Asphalt Shingles; Cedar Shakes; Coatings & Waterproofing; Commercial Roofing; Decking; Doors; Insulation; Metal Roofing; Simulated & Real Stone Veneers; Skylights; Tools & Equipment; James Hardie Siding; Other Nearby Locations; CHARLOTTE; COLUMBIA; SPARTANBURG; STATESVILLE; SEND A MESSAGE TO THE BRANCH MANAGER,https://www.srsdistribution.com/en/markets/our-brands/srs-building-products/srs-building-products---south-charlotte/
srs-building-products---wilmington-de,SRS BUILDING PRODUCTS - WILMINGTON (DE),srs-building-products,"1204 East 12th Street, Suite 5",Wilmington,DE,19802,39.740478,-75.533899,302-501-7733,302-472-3896,"MONDAY - FRIDAY, 7:00 AM TO 3:30 PM",Francis Dick,Francis.Dick@srsbuildingproducts.com,Columns and Patio Covers; Gutter Materials; Roofing Products; Siding and Vinyl Shutters; Ventilation Products; Windows; Asphalt Shingles; Cedar Shakes; Coatings & Waterproofing; Commercial Roofing; Decking; Doors; Insulation; Metal Roofing; Simulated & Real Stone Veneers; Skylights; Tools & Equipment; James Hardie Siding; Other Nearby Locations; BLACKWOOD; PENNSAUKEN; VINELAND; WEST CHESTER; SEND A MESSAGE TO THE BRANCH MANAGER,https://www.srsdistribution.com/en/markets/our-brands/srs-building-products/srs-building-products---wilmington-de/
srs-building-products---myrtle-beach,SRS BUILDING PRODUCTS - MYRTLE BEACH,srs-building-products,8063 Moss Creek Rd,Myrtle Beach,SC,29588,33.64939,-79.02069,843-650-5660,843-650-5423,"MONDAY - FRIDAY, 7:00 AM TO 4:30 PM",John Politis,John.Politis@srsbuildingproducts.com,,https://www.srsdistribution.com/en/markets/our-brands/srs-building-products/srs-building-products---myrtle-beach/
srs-building-products---n-charleston,SRS BUILDING PRODUCTS - N CHARLESTON,srs-building-products,1922 Stromboli Avenue,North Charleston,SC,29405,32.8439956,-79.9621557,843-308-0040,843-308-0043,"MONDAY - FRIDAY, 7:00 AM TO 4:00 PM",Shawn.Gressly@srsbuildingproducts.com,,,https://www.srsdistribution.com/en/markets/our-brands/srs-building-products/srs-building-products---n-charleston/
srs-building-products---south-san-antonio,SRS BUILDING PRODUCTS - SOUTH SAN ANTONIO,srs-building-products,1120 North Foster Road,San Antonio,TX,78219,29.435651,-98.3584073,210-923-3475,210-924-6997,"MONDAY - FRIDAY, 7:00 AM TO 4:30 PM",Tim Lynch,tlynch@srsbuildingproducts.com,Columns and Patio Covers; Gutter Materials; Roofing Products; Siding and Vinyl Shutters; Ventilation Products; Windows; Asphalt Shingles; Cedar Shakes; Coatings & Waterproofing; Commercial Roofing; Decking; Doors; Insulation; Metal Roofing; Simulated & Real Stone Veneers; Skylights; Tools & Equipment; James Hardie Siding,https://www.srsdistribution.com/en/markets/our-brands/srs-building-products/srs-building-products---south-san-antonio/
srs-building-products---wylie,SRS BUILDING PRODUCTS - WYLIE,srs-building-products,903 W Kirby St.,Wylie,TX,75098-3918,33.00602,-96.550857,972-429-5002,972-429-5414,"MONDAY - FRIDAY, 7:00 AM TO 4:00 PM",Michael Nesbitt,mnesbitt@srsbuildingproducts.com,Columns and Patio Covers; Gutter Materials; Roofing Products; Siding and Vinyl Shutters; Ventilation Products; Windows; Asphalt Shingles; Cedar Shakes; Coatings & Waterproofing; Commercial Roofing; Decking; Doors; Insulation; Metal Roofing; Simulated & Real Stone Veneers; Skylights; Tools & Equipment; James Hardie Siding; Other Nearby Locations; DALLAS; FRISCO; MESQUITE; RICHARDSON; SEND A MESSAGE TO THE BRANCH MANAGER,https://www.srsdistribution.com/en/markets/our-brands/srs-building-products/srs-building-products---wylie/
srs-building-products---fresno,SRS BUILDING PRODUCTS - FRESNO,srs-building-products,3791 W. Richert Ave,Fresno,CA,93722,36.79673,-119.8746,559-456-1309,559-456-1585,"MONDAY - FRIDAY, 6:30 AM TO 4:30 PM",,,Columns and Patio Covers; Gutter Materials; Roofing Products; Siding and Vinyl Shutters; Ventilation Products; Windows; James Hardie Siding; Other Nearby Locations; MODESTO; SALINAS; STOCKTON; VISALIA; SEND A MESSAGE TO THE BRANCH MANAGER,https://www.srsdistribution.com/en/markets/our-brands/srs-building-products/srs-building-products---fresno/
srs-building-products---spokane,SRS BUILDING PRODUCTS - SPOKANE,srs-building-products,3410 E Trent Ave,Spokane,WA,99202-4415,47.668026,-117.359662,509-535-0255,509-535-4939,"MONDAY - FRIDAY, 7:00 AM TO 4:00 PM",Katie.Reno@srsbuildingproducts.com,,Columns and Patio Covers; Gutter Materials; Roofing Products; Siding and Vinyl Shutters; Ventilation Products; Windows; Other Nearby Locations; MISSOULA; TRI-CITIES; WOODINVILLE; YAKIMA; SEND A MESSAGE TO THE BRANCH MANAGER,https://www.srsdistribution.com/en/markets/our-brands/srs-building-products/srs-building-products---spokane/
srs-building-products---waukegan,SRS BUILDING PRODUCTS - WAUKEGAN,srs-building-products,1414 Jacobson Drive,Waukegan,IL,60085,42.3410216,-87.8474176,847-249-3328,847-249-3501,"MONDAY - FRIDAY, 6:00 AM TO 4:00 PM",Pamela.Mahler@SRSBuildingProducts.com,,Roofing Products; Columns and Patio Covers; Gutter Materials; Ventilation Products; Siding and Vinyl Shutters; Windows; Top-Shield; Other Nearby Locations; ADDISON; CHICAGO WEST; ELGIN; ELMHURST; SEND A MESSAGE TO THE BRANCH MANAGER,https://www.srsdistribution.com/en/markets/our-brands/srs-building-products/srs-building-products---waukegan/
srs-building-products---mishawaka,SRS BUILDING PRODUCTS - MISHAWAKA,srs-building-products,14000 McKinley Hwy,Mishawaka,IN,46545,41.673286,-86.137991,574-257-8040,574-257-8042,"MONDAY - FRIDAY, 7:30 AM TO 4:00 PM",Rob Cantwell,rcantwell@srsbuildingproducts.com,Roofing Products; Columns and Patio Covers; Gutter Materials; Ventilation Products; Siding and Vinyl Shutters; Windows; Top-Shield; Other Nearby Locations; FORT WAYNE; HOBART; KALAMAZOO; ST JOSEPH; SEND A MESSAGE TO THE BRANCH MANAGER,https://www.srsdistribution.com/en/markets/our-brands/srs-building-products/srs-building-products---mishawaka/
srs-building-products---midlothian,SRS BUILDING PRODUCTS - MIDLOTHIAN,srs-building-products,12739 Spectrim Lane,Midlothian,VA,23112,37.455021,-77.630654,804-639-7840,804-639-2141,"MONDAY - FRIDAY, 7:00 AM TO 3:30 PM",Gordon Smith,Gordon.Smith@srsbuildingproducts.com,Columns and Patio Covers; Gutter Materials; Roofing Products; Siding and Vinyl Shutters; Ventilation Products; Windows; Asphalt Shingles; Cedar Shakes; Coatings & Waterproofing; Commercial Roofing; Decking; Doors; Insulation; Metal Roofing; Simulated & Real Stone Veneers; Skylights; Tools & Equipment; James Hardie Siding; Other Nearby Locations; FREDERICKSBURG; NEWPORT NEWS; RICHMOND; WALDORF; SEND A MESSAGE TO THE BRANCH MANAGER,https://www.srsdistribution.com/en/markets/our-brands/srs-building-products/srs-building-products---midlothian/
srs-building-products---san-diego,SRS BUILDING PRODUCTS - SAN DIEGO,srs-building-products,5601 Eastgate Dr,San Diego,CA,92121,32.882354,-117.196458,858-824-9051,858-824-9108,"MONDAY - FRIDAY, 6:30 AM TO 4:00 PM",Ethan Higgins,Ethan.Higgins@srsbuildingproducts.com,Columns and Patio Covers; Gutter Materials; Roofing Products; Siding and Vinyl Shutters; Ventilation Products; Windows; James Hardie Siding; Other Nearby Locations; EAST SAN DIEGO; MURRIETA; SANTA ANA; VISTA; SEND A MESSAGE TO THE BRANCH MANAGER,https://www.srsdistribution.com/en/markets/our-brands/srs-building-products/srs-building-products---san-diego/
srs-building-products---little-rock,SRS BUILDING PRODUCTS - LITTLE ROCK,srs-building-products,25631 I-30 S,Bryant,AR,72022,34.6350081,-92.4558673,501-847-3332,501-847-3319,"MONDAY - FRIDAY, 7:00 AM TO 4:30 PM",Colton Naylor,Colton.Naylor@srsbuildingproducts.com,Columns and Patio Covers; Gutter Materials; Roofing Products; Siding and Vinyl Shutters; Ventilation Products; Windows; Asphalt Shingles; Cedar Shakes; Coatings & Waterproofing; Commercial Roofing; Decking; Doors; Insulation; Metal Roofing; Simulated & Real Stone Veneers; Skylights; Tools & Equipment; James Hardie Siding; Other Nearby Locations; FT SMITH; HOLLISTER; JONESBORO; NORTH LITTLE ROCK; SEND A MESSAGE TO THE BRANCH MANAGER,https://www.srsdistribution.com/en/markets/our-brands/srs-building-products/srs-building-products---little-rock/
srs-building-products---lake-charles,SRS BUILDING PRODUCTS - LAKE CHARLES,srs-building-products,6072 Candice Lane,Lake Charles,LA,70615,30.2367865,-93.125795,337-502-4800,337-502-4805,"MONDAY - FRIDAY, 6:30 AM TO 4:00 PM",Beth Reeves,Beth.Reeves@srsbuildingproducts.com,Commercial Roofing; Asphalt Shingles; Paint; Sealants; Underlayment; Metal Roofing; Fasteners; Ridge; Edge; Wood; Roofing Tile; Ventilation Products,https://www.srsdistribution.com/en/markets/our-brands/srs-building-products/srs-building-products---lake-charles/
srs-building-products---lafayette,SRS BUILDING PRODUCTS - LAFAYETTE,srs-building-products,127 Amedee Dr.,Scott,LA,70583,30.240227,-92.066727,337-233-8433,337-233-8477,"MONDAY - FRIDAY, 7:00 AM TO 4:30 PM",Dillon Files,Dillon.Files@srsbuildingproducts.com,Commercial Roofing; Asphalt Shingles; Paint; Sealants; Underlayment; Metal Roofing; Fasteners; Ridge; Edge; Wood; Roofing Tile; Ventilation Products,https://www.srsdistribution.com/en/markets/our-brands/srs-building-products/srs-building-products---lafayette/
srs-building-products---huntsville,SRS BUILDING PRODUCTS - HUNTSVILLE,srs-building-products,6215 Old Madison Pike NW,Huntsville,AL,35806,34.7128484,-86.6599151,256-852-6415,256-852-6416,"MONDAY - FRIDAY, 7:00 AM TO 4:30 PM",Adam Watson,Adam.Watson@srsbuildingproducts.com,Columns and Patio Covers; Gutter Materials; Roofing; Ventilation; Siding and Vinyl Shutters; Windows; Other Nearby Locations; BIRMINGHAM; CHATTANOOGA; SPRING HILL; WINCHESTER; SEND A MESSAGE TO THE BRANCH MANAGER,https://www.srsdistribution.com/en/markets/our-brands/srs-building-products/srs-building-products---huntsville/
srs-building-products---ft-lauderdale,SRS BUILDING PRODUCTS - FT LAUDERDALE,srs-building-products,6277 NW 28th Way,Ft. Lauderdale,FL,33309,26.204249,-80.184338,954-933-4770,954-933-4790,"MONDAY - FRIDAY, 7:00 AM TO 5:00 PM",Joseph Iammarino,Joseph.Iammarino@srsbuildingproducts.com,,https://www.srsdistribution.com/en/markets/our-brands/srs-building-products/srs-building-products---ft-lauderdale/
srs-building-products---west-palm-beach,SRS BUILDING PRODUCTS - WEST PALM BEACH,srs-building-products,7555 Garden Road,Riviera Beach,FL,33404,26.788882,-80.093382,561-848-1400,561-848-1477,"MONDAY - FRIDAY, 7:00 AM TO 4:30 PM",Mike Shehorn,Mike.Shehorn@srsbuildingproducts.com,,https://www.srsdistribution.com/en/markets/our-brands/srs-building-products/srs-building-products---west-palm-beach/
srs-building-products---rochester,SRS BUILDING PRODUCTS - ROCHESTER,srs-building-products,70 Hartford Street,Rochester,NY,14605,43.166289,-77.597701,585-546-6616,585-546-7326,"MONDAY - FRIDAY, 6:30 AM TO 4:30 PM",Richard Carapezza,rcarapezza@SRSBUILDINGPRODUCTS.COM,"Commercial; Single Ply Roofing: TPO, EPDM, & PVC; PolyIso Insulation; Roofing Products; Modified Bitumen; Roof Coatings; Waterproofing; Air & Vapor Barriers; Coverboards; Adhesives; Residential; Asphalt Shingles; Commercial Roofing; Decking & Railing; Gutters & Stone; Metal Roofing; Siding & Shutters; Slate & Tile; Windows, Doors & Millwork; Affiliated Brands; Other Nearby Locations; BUFFALO; JAMESTOWN; NORTH BUFFALO; SYRACUSE; SEND A MESSAGE TO THE BRANCH MANAGER",https://www.srsdistribution.com/en/markets/our-brands/srs-building-products/srs-building-products---rochester/
srs-building-products---buffalo,SRS BUILDING PRODUCTS - BUFFALO,srs-building-products,1 Bud Mil Drive,Buffalo,NY,14206,42.886128,-78.817404,716-853-2600,716-853-2623,"MONDAY - FRIDAY, 7:00 AM TO 4:00 PM",Joseph D'Attilio,jdattilio@SRSBUILDINGPRODUCTS.COM,"Commercial; Single Ply Roofing: TPO, EPDM, & PVC; PolyIso Insulation; Roofing Products; Modified Bitumen; Roof Coatings; Waterproofing; Air & Vapor Barriers; Coverboards; Adhesives; Residential; Asphalt Shingles; Commercial Roofing; Decking & Railing; Gutters & Stone; Metal Roofing; Siding & Shutters; Slate & Tile; Windows, Doors & Millwork; Affiliated Brands; Other Nearby Locations; JAMESTOWN; NORTH BUFFALO; NORTH ERIE; ROCHESTER; SEND A MESSAGE TO THE BRANCH MANAGER",https://www.srsdistribution.com/en/markets/our-brands/srs-building-products/srs-building-products---buffalo/
srs-building-products---erie,SRS BUILDING PRODUCTS - ERIE,srs-building-products,4623 Pacific Avenue,Erie,PA,16506,42.07475,-80.115312,814-833-9805,814-833-3634,"MONDAY - FRIDAY, 7:30 AM TO 4:00 PM",Mark Manczka,mmanczka@SRSBUILDINGPRODUCTS.COM,"Asphalt Shingles; Commercial Roofing; Decking & Railing; Gutters & Stone; Metal Roofing; Siding & Shutters; Slate & Tile; Windows, Doors & Millwork; Other Nearby Locations; JAMESTOWN; MENTOR; NORTH ERIE; YOUNGSTOWN; SEND A MESSAGE TO THE BRANCH MANAGER",https://www.srsdistribution.com/en/markets/our-brands/srs-building-products/srs-building-products---erie/
srs-building-products---jamestown,SRS BUILDING PRODUCTS - JAMESTOWN,srs-building-products,2887 Strunk Road,Jamestown,NY,14701,42.123796,-79.274015,716-484-0158,716-664-5471,"MONDAY - FRIDAY, 7:30 AM TO 4:00 PM",Marty Manczka,martymanczka@SRSBUILDINGPRODUCTS.COM,"Asphalt Shingles; Commercial Roofing; Decking & Railing; Gutters & Stone; Metal Roofing; Siding & Shutters; Slate & Tile; Windows, Doors & Millwork; Other Nearby Locations; BUFFALO; ERIE; NORTH BUFFALO; NORTH ERIE; SEND A MESSAGE TO THE BRANCH MANAGER",https://www.srsdistribution.com/en/markets/our-brands/srs-building-products/srs-building-products---jamestown/
srs-building-products---pittsburgh,SRS BUILDING PRODUCTS - PITTSBURGH,srs-building-products,142 S Johnson Rd,Houston,PA,15342-1328,40.239841,-80.208176,724-745-2080,724-745-3295,"MONDAY - FRIDAY, 7:30 AM TO 3:00 PM",,,"Asphalt Shingles; Commercial Roofing; Decking & Railing; Gutters & Stone; Metal Roofing; Siding & Shutters; Slate & Tile; Windows, Doors & Millwork",https://www.srsdistribution.com/en/markets/our-brands/srs-building-products/srs-building-products---pittsburgh/
srs-building-products---honolulu,SRS BUILDING PRODUCTS - HONOLULU,srs-building-products,91-235 Oihana Street,Kapolei,HI,96707,21.309898,-158.09528,808-682-5104,808-207-1055,"MONDAY - FRIDAY, 6:00 AM TO 4:00 PM",Chandon Pajardo,Chandon.Pajardo@srsbuildingproducts.com,"Asphalt Shingles; Concrete Roof Tiles; Clay Roof Tiles; Treated Cedar Shakes; Composite; Metal Roofing; Underlayments; Roof COatings & Accessories; Fasteners; Flashings; Caulks; Services; Material Delivery; Conveyor Roof Loading; Roof Debris Hauling and Disposal; 42-foot Boom Truck Services; Forklifts; Flatbed Trucks and Trailers; Certified, Professional Equipment Operators; On-site Metal roof roll forming services; Other Nearby Locations; KAUAI; OAKLAND; PETALUMA; SOUTH SAN FRANCISCO; SEND A MESSAGE TO THE BRANCH MANAGER",https://www.srsdistribution.com/en/markets/our-brands/srs-building-products/srs-building-products---honolulu/
srs-building-products---harahan,SRS BUILDING PRODUCTS - HARAHAN,srs-building-products,5734 Jefferson Highway,Harahan,LA,70123,29.942887,-90.185713,504-733-8200,504-733-8852,"MONDAY - FRIDAY, 7:00 AM TO 3:00 PM",Vincent Goss,Vincent.Goss@srsbuildingproducts.com,Commercial Roofing; Asphalt Shingles; Paint; Sealants; Underlayment; Metal Roofing; Fasteners; Ridge; Edge; Wood; Roofing Tile; Ventilation Products,https://www.srsdistribution.com/en/markets/our-brands/srs-building-products/srs-building-products---harahan/
srs-building-products---baton-rouge,SRS BUILDING PRODUCTS - BATON ROUGE,srs-building-products,10213 S. Perdue Ave,Baton Rouge,LA,70814,30.47387,-91.07072,225-275-8200,225-275-8220,"MONDAY - FRIDAY, 7:00 AM TO 4:00 PM",Matthew Gray,Matthew.Gray@srsbuildingproducts.com,Commercial Roofing; Asphalt Shingles; Paint; Sealants; Underlayment; Metal Roofing; Fasteners; Ridge; Edge; Wood; Roofing Tile; Ventilation Products,https://www.srsdistribution.com/en/markets/our-brands/srs-building-products/srs-building-products---baton-rouge/
srs-building-products---richardson,SRS BUILDING PRODUCTS - RICHARDSON,srs-building-products,"1800 Jay Ell Dr, Ste 200",Richardson,TX,75081,32.9713644,-96.713628,214-920-5090,214-819-7081,"MONDAY - FRIDAY, 7:00 AM TO 4:30 PM",Aaron Williams,Aaron.Williams@srsbuildingproducts.com,,https://www.srsdistribution.com/en/markets/our-brands/srs-building-products/srs-building-products---richardson/
srs-building-products---n-houston,SRS BUILDING PRODUCTS - N HOUSTON,srs-building-products,5707 Mitchelldale Street,Houston,TX,77092,29.926439,-95.340111,281-227-1777,281-227-1566,"MONDAY - FRIDAY, 7:00 AM TO 4:30 PM",Nestor.Gutierrez@commercialdistributionspecialists.com,,,https://www.srsdistribution.com/en/markets/our-brands/srs-building-products/srs-building-products---n-houston/
srs-building-products---tri-cities,SRS BUILDING PRODUCTS - TRI-CITIES,srs-building-products,6403 W Rio Grande Ave,Kennewick,WA,99336,46.223644,-119.206727,509-374-0502,509-374-4911,"MONDAY - FRIDAY, 7:00 AM TO 4:00 PM",Mauricio.Garcia@srsbuildingproducts.com,,Columns and Patio Covers; Gutter Materials; Roofing Products; Siding and Vinyl Shutters; Ventilation Products; Windows; Other Nearby Locations; KENT; SPOKANE; TACOMA; YAKIMA; SEND A MESSAGE TO THE BRANCH MANAGER,https://www.srsdistribution.com/en/markets/our-brands/srs-building-products/srs-building-products---tri-cities/
srs-building-products---lamarque,SRS BUILDING PRODUCTS - LAMARQUE,srs-building-products,4701 Texas Ave.,La Marque,TX,77568,29.378629,-95.008983,409-935-2807,409-935-2067,"MONDAY - FRIDAY, 7:00 AM TO 4:30 PM",Joe Woodburn,Joe.Woodburn@srsbuildingproducts.com,Columns and Patio Covers; Gutter Materials; Roofing Products; Siding and Vinyl Shutters; Ventilation Products; Windows; Asphalt Shingles; Cedar Shakes; Coatings & Waterproofing; Commercial Roofing; Decking; Doors; Insulation; Metal Roofing; Simulated & Real Stone Veneers; Skylights; Tools & Equipment; James Hardie Siding; Other Nearby Locations; HUMBLE; N HOUSTON; PASADENA TX; SUGAR LAND; SEND A MESSAGE TO THE BRANCH MANAGER,https://www.srsdistribution.com/en/markets/our-brands/srs-building-products/srs-building-products---lamarque/
srs-building-products---miami,SRS BUILDING PRODUCTS - MIAMI,srs-building-products,8205 NW 74th Ave,Medley,FL,33166,25.849165,-80.318231,305-455-6690,305-883-8665,"MONDAY - FRIDAY, 7:00 AM TO 4:30 PM",Abe Cordoba,acordoba@srsbuildingproducts.com,,https://www.srsdistribution.com/en/markets/our-brands/srs-building-products/srs-building-products---miami/
srs-building-products---north-haven,SRS BUILDING PRODUCTS - NORTH HAVEN,srs-building-products,171 McDermott Road,North Haven,CT,06473,41.338068,-72.871714,203-467-1180,203-889-2998,"MONDAY - FRIDAY, 7:00 AM TO 4:00 PM",Jeffrey Carpenter,Jeffrey.Carpenter@srsbuildingproducts.com,"Cedar, Slate, Synthetics & Tile; Commercial Roofing; Gutters & Accessories; Meta; Residential Roofing; Siding & Decking; Skylights, Windows & Doors; Waterproofing; Other Nearby Locations; DANBURY; STRATFORD; WATERBURY; WINDSOR; SEND A MESSAGE TO THE BRANCH MANAGER",https://www.srsdistribution.com/en/markets/our-brands/srs-building-products/srs-building-products---north-haven/
srs-building-products---bakersfield,SRS BUILDING PRODUCTS - BAKERSFIELD,srs-building-products,4540 Easton Drive,Bakersfield,CA,93309,35.369715,-119.053419,661-325-8200,661-325-8208,"MONDAY - FRIDAY, 6:00 AM TO 4:00 PM",Dylan Clark,Dylan.Clark@srsbuildingproducts.com,Columns and Patio Covers; Gutter Materials; Roofing Products; Siding and Vinyl Shutters; Ventilation Products; Windows; James Hardie Siding; Other Nearby Locations; CANYON COUNTRY; LANCASTER; SANTA BARBARA; VISALIA; SEND A MESSAGE TO THE BRANCH MANAGER,https://www.srsdistribution.com/en/markets/our-brands/srs-building-products/srs-building-products---bakersfield/
srs-building-products---tucson,SRS BUILDING PRODUCTS - TUCSON,srs-building-products,2110 E. 19th Street,Tucson,AZ,85719,32.210385,-110.941576,520-622-6775,520-798-3350,"MONDAY - FRIDAY, 6:30 AM TO 3:30 PM",Ryan Miles,Ryan.Miles@srsbuildingproducts.com,Columns and Patio Covers; Gutter Materials; Roofing Products; Siding and Vinyl Shutters; Ventilation Products; Windows; James Hardie Siding; Other Nearby Locations; PHOENIX; PRESCOTT; QUEEN CREEK; TEMPE; SEND A MESSAGE TO THE BRANCH MANAGER,https://www.srsdistribution.com/en/markets/our-brands/srs-building-products/srs-building-products---tucson/
srs-building-products---phoenix,SRS BUILDING PRODUCTS - PHOENIX,srs-building-products,6970 N. W. Grand Avenue,Glendale,AZ,85301,33.558643,-112.209026,623-215-0370,623-215-0400,"MONDAY - FRIDAY, 6:00 AM TO 4:00 PM",Matt Pribyl,Matt.Pribyl@srsbuildingproducts.com,Columns and Patio Covers; Gutter Materials; Roofing Products; Siding and Vinyl Shutters; Ventilation Products; Windows; James Hardie Siding; Other Nearby Locations; FLAGSTAFF; PRESCOTT; QUEEN CREEK; TEMPE; SEND A MESSAGE TO THE BRANCH MANAGER,https://www.srsdistribution.com/en/markets/our-brands/srs-building-products/srs-building-products---phoenix/
srs-building-products---salt-lake-city-south,SRS BUILDING PRODUCTS - SALT LAKE CITY SOUTH,srs-building-products,955 W. 2100 South,Salt Lake City,UT,84119,40.725327,-111.9189,801-478-0167,801-972-7048,"MONDAY - FRIDAY, 8:00 AM TO 4:00 PM",Juan Rivera,Juan.Rivera@srsbuildingproducts.com,Residential Roofing; Commercial Roofing; Synthetic Roofing; Waterproofing Products; Underlayments; Coatings / Caulking; Tile Roofing; Siding / Decking; Ventilation; Insulation; Metal Roofing; Skylights; Other Nearby Locations; LINDON; LOGAN; OGDEN; SALT LAKE CITY CENTRAL; SEND A MESSAGE TO THE BRANCH MANAGER,https://www.srsdistribution.com/en/markets/our-brands/srs-building-products/srs-building-products---salt-lake-city-south/
srs-building-products---south-san-francisco,SRS BUILDING PRODUCTS - SOUTH SAN FRANCISCO,srs-building-products,464 Victory Ave,South San Francisco,CA,94080,37.648191,-122.417694,650-952-3444,650-952-8186,"MONDAY - FRIDAY, 7:00 AM TO 4:00 PM",Sean Marsland,Sean.Marsland@srsbuildingproducts.com,Columns and Patio Covers; Gutter Materials; Roofing Products; Siding and Vinyl Shutters; Ventilation Products; Windows; James Hardie Siding; Other Nearby Locations; CENTRAL SAN JOSE; OAKLAND; PITTSBURG; SAN JOSE; SEND A MESSAGE TO THE BRANCH MANAGER,https://www.srsdistribution.com/en/markets/our-brands/srs-building-products/srs-building-products---south-san-francisco/
srs-building-products---central-point,SRS BUILDING PRODUCTS - CENTRAL POINT,srs-building-products,5759 Crater Lake Hwy,Central Point,OR,97502,42.400448,-122.857662,541-830-3040,541-830-3140,"MONDAY - FRIDAY, 7:30 AM TO 4:30 PM",Jeff Childress,Jeff.Childress@srsbuildingproducts.com,Columns and Patio Covers; Gutter Materials; Roofing Products; Siding and Vinyl Shutters; Ventilation Products; Windows; James Hardie Siding; Other Nearby Locations; BEND; EUGENE; REDDING; SALEM; SEND A MESSAGE TO THE BRANCH MANAGER,https://www.srsdistribution.com/en/markets/our-brands/srs-building-products/srs-building-products---central-point/
srs-building-products---vancouver,SRS BUILDING PRODUCTS - VANCOUVER,srs-building-products,14411 NE 13th Ave.,Vancouver,WA,98685,45.725835,-122.657113,360-448-7494,360-448-7301,"MONDAY - FRIDAY, 7:00 AM TO 4:30 PM",Ryan Yoccabel-Dibble,Ryan.Yoccabel-Dibble@srsbuildingproducts.com,Columns and Patio Covers; Gutter Materials; Roofing Products; Siding and Vinyl Shutters; Ventilation Products; Windows; James Hardie Siding; Other Nearby Locations; CLACKAMAS; LAKE OSWEGO; PORTLAND OR; SALEM; SEND A MESSAGE TO THE BRANCH MANAGER,https://www.srsdistribution.com/en/markets/our-brands/srs-building-products/srs-building-products---vancouver/
srs-building-products---sacramento,SRS BUILDING PRODUCTS - SACRAMENTO,srs-building-products,4350 Pell Drive. Ste 100 ,Sacramento,CA,95838,38.647964,-121.469924,916-637-9030,916-637-9035,"MONDAY - FRIDAY, 7:00 AM TO 4:00 PM",Taulealo Tauiliili,Taulealo.Tauiliili@srsbuildingproducts.com,Columns and Patio Covers; Gutter Materials; Roofing Products; Siding and Vinyl Shutters; Ventilation Products; Windows; James Hardie Siding; Other Nearby Locations; AUBURN; PITTSBURG; RANCHO CORDOVA; STOCKTON; SEND A MESSAGE TO THE BRANCH MANAGER,https://www.srsdistribution.com/en/markets/our-brands/srs-building-products/srs-building-products---sacramento/
srs-building-products---modesto,SRS BUILDING PRODUCTS - MODESTO,srs-building-products,1518 Lone Palm,Modesto,CA,95351,37.657411,-121.024679,209-524-4563,209-521-1482,"MONDAY - FRIDAY, 7:00 AM TO 4:00 PM",Dakota Ackerman,Dakota.Draper@srsbuildingproducts.com,Columns and Patio Covers; Gutter Materials; Roofing Products; Siding and Vinyl Shutters; Ventilation Products; Windows; James Hardie Siding; Other Nearby Locations; CENTRAL SAN JOSE; PITTSBURG; SAN JOSE; STOCKTON; SEND A MESSAGE TO THE BRANCH MANAGER,https://www.srsdistribution.com/en/markets/our-brands/srs-building-products/srs-building-products---modesto/
srs-building-products---oakland,SRS BUILDING PRODUCTS - OAKLAND,srs-building-products,900 37th Avenue,Oakland,CA,94601,37.772126,-122.222512,510-535-1311,510-535-0450,"MONDAY - FRIDAY, 6:30 AM TO 3:30 PM",Fernando Silva,Fernando.Silva@srsbuildingproducts.com,Columns and Patio Covers; Gutter Materials; Roofing Products; Siding and Vinyl Shutters; Ventilation Products; Windows; James Hardie Siding; Other Nearby Locations; CENTRAL SAN JOSE; PITTSBURG; SAN JOSE; SOUTH SAN FRANCISCO; SEND A MESSAGE TO THE BRANCH MANAGER,https://www.srsdistribution.com/en/markets/our-brands/srs-building-products/srs-building-products---oakland/
srs-building-products---san-jose,SRS BUILDING PRODUCTS - SAN JOSE,srs-building-products,1341 Oakland Road,San Jose,CA,95112,37.368917,-121.893885,408-477-3460,408-535-6990,"MONDAY - FRIDAY, 7:00 AM TO 4:00 PM",Christian Arredondo,Christian.Arredondo@srsbuildingproducts.com,Columns and Patio Covers; Gutter Materials; Roofing Products; Siding and Vinyl Shutters; Ventilation Products; Windows; James Hardie Siding; Other Nearby Locations; CENTRAL SAN JOSE; OAKLAND; PITTSBURG; SOUTH SAN FRANCISCO; SEND A MESSAGE TO THE BRANCH MANAGER,https://www.srsdistribution.com/en/markets/our-brands/srs-building-products/srs-building-products---san-jose/
srs-building-products---boise,SRS BUILDING PRODUCTS - BOISE,srs-building-products,2779 South Liberty Street,Boise,ID,83709,43.577772,-116.26241,208-639-9155,208-362-2992,"MONDAY - FRIDAY, 7:00 AM TO 4:00 PM",Brad Bean,Brad.Bean@srsbuildingproducts.com,Roofing Products; Columns and Patio Covers; Gutter Materials; Ventilation Products; Siding and Vinyl Shutters; Windows; Top-Shield,https://www.srsdistribution.com/en/markets/our-brands/srs-building-products/srs-building-products---boise/
srs-building-products---burbank,SRS BUILDING PRODUCTS - BURBANK,srs-building-products,700 North Victory Blvd,Burbank,CA,91502,34.169252,-118.310541,818-840-8851,818-840-8234,"MONDAY - FRIDAY, 6:00 AM TO 4:00 PM",Luis.Barajas@srsbuildingproducts.com,,Residential; Asphalt Shingles; Roof Tiles; Metal Roofs; Slate and Synthetic Roofs; Wood Shake and Shingles; Self-Adhered Roofs; Underlayment; Ice and Water Barriers; Roof Ventilation; Roofing Accessories; Skylights,https://www.srsdistribution.com/en/markets/our-brands/srs-building-products/srs-building-products---burbank/
srs-building-products---riverside,SRS BUILDING PRODUCTS - RIVERSIDE,srs-building-products,841 Iowa Avenue,Riverside,CA,92507,34.006503,-117.340492,951-342-0080,951-342-0084,"MONDAY - FRIDAY, 7:00 AM TO 4:00 PM",Jimmy Kim,Jeamin.Kim@srsbuildingproducts.com,Commercial; Single-Ply; Built-Up; Modified APP/SBS; Roof Coating and Restoration; Roofing Accessories; Insulation; Poly Iso; Recover Boards; Perlite; Tapered Products; Residential; Asphalt Shingles; Roof Tiles; Metal Roofs; Slate and Synthetic Roofs; Wood Shake and Shingles; Self-Adhered Roofs; Underlayment; Ice and Water Barriers; Roof Ventilation; Roofing Accessories; Skylights,https://www.srsdistribution.com/en/markets/our-brands/srs-building-products/srs-building-products---riverside/
srs-building-products---victor-valley,SRS BUILDING PRODUCTS - VICTOR VALLEY,srs-building-products,17253 Eucalyptus,Hesperia,CA,92345,34.454324,-117.286811,760-948-7277,760-948-7282,"MONDAY - FRIDAY, 6:30 AM TO 4:00 PM",Adrian Mena,Adrian.Mena@srsbuildingproducts.com,Residential; Asphalt Shingles; Roof Tiles; Metal Roofs; Slate and Synthetic Roofs; Wood Shake and Shingles; Self-Adhered Roofs; Underlayment; Ice and Water Barriers; Roof Ventilation; Roofing Accessories; Skylights,https://www.srsdistribution.com/en/markets/our-brands/srs-building-products/srs-building-products---victor-valley/
srs-building-products---simi-valley,SRS BUILDING PRODUCTS - SIMI VALLEY,srs-building-products,4845 Los Angeles Avenue,Simi Valley,CA,93063,34.27261,-118.699251,805-584-6891,805-584-6896,"MONDAY - FRIDAY, 6:30 AM TO 4:00 PM",Gersain.Perez@srsbuildingproducts.com,,Residential; Asphalt Shingles; Roof Tiles; Metal Roofs; Slate and Synthetic Roofs; Wood Shake and Shingles; Self-Adhered Roofs; Underlayment; Ice and Water Barriers; Roof Ventilation; Roofing Accessories; Skylights,https://www.srsdistribution.com/en/markets/our-brands/srs-building-products/srs-building-products---simi-valley/
srs-building-products---pomona,SRS BUILDING PRODUCTS - POMONA,srs-building-products,2016 S Reservoir St,Pomona,CA,91766,34.035075,-117.731196,909-623-8191,909-620-7873,"MONDAY - FRIDAY, 6:30 AM TO 4:00 PM",Zawil Vasquez,Zawil.Vasquez@srsbuildingproducts.com,Residential; Asphalt Shingles; Roof Tiles; Metal Roofs; Slate and Synthetic Roofs; Wood Shake and Shingles; Self-Adhered Roofs; Underlayment; Ice and Water Barriers; Roof Ventilation; Roofing Accessories; Skylights,https://www.srsdistribution.com/en/markets/our-brands/srs-building-products/srs-building-products---pomona/
srs-building-products---eugene,SRS BUILDING PRODUCTS - EUGENE,srs-building-products,3297 West 1st Avenue,Eugene,OR,97402,44.059498,-123.146934,541-345-1253,541-345-9504,"MONDAY - FRIDAY, 7:00 AM TO 4:00 PM",John Baker,John.Baker@srsbuildingproducts.com,Columns and Patio Covers; Gutter Materials; Roofing Products; Siding and Vinyl Shutters; Ventilation Products; Windows; James Hardie Siding,https://www.srsdistribution.com/en/markets/our-brands/srs-building-products/srs-building-products---eugene/
srs-building-products---bend,SRS BUILDING PRODUCTS - BEND,srs-building-products,1303 SE Armour Road,Bend,OR,97702,44.046059,-121.288186,541-389-6790,541-389-7743,"MONDAY - FRIDAY, 7:00 AM TO 4:00 PM",Cody Marcoulier,Cody.Marcoulier@srsbuildingproducts.com,Columns and Patio Covers; Gutter Materials; Roofing Products; Siding and Vinyl Shutters; Ventilation Products; Windows; James Hardie Siding; Other Nearby Locations; CLACKAMAS; EUGENE; PORTLAND OR; SALEM; SEND A MESSAGE TO THE BRANCH MANAGER,https://www.srsdistribution.com/en/markets/our-brands/srs-building-products/srs-building-products---bend/
srs-building-products---lake-oswego,SRS BUILDING PRODUCTS - LAKE OSWEGO,srs-building-products,5757 Lakeview Blvd,Lake Oswego,OR,97035,45.395376,-122.73828,503-981-9866,503-981-3844,"MONDAY - FRIDAY, 7:30 AM TO 4:00 PM",Kyla Kleinsmith,Kyla.Kleinsmith@srsbuildingproducts.com,Columns and Patio Covers; Gutter Materials; Roofing Products; Siding and Vinyl Shutters; Ventilation Products; Windows; James Hardie Siding; Other Nearby Locations; CLACKAMAS; PORTLAND OR; SALEM; VANCOUVER; SEND A MESSAGE TO THE BRANCH MANAGER,https://www.srsdistribution.com/en/markets/our-brands/srs-building-products/srs-building-products---lake-oswego/
srs-building-products---portland-or,SRS BUILDING PRODUCTS - PORTLAND OR,srs-building-products,12454 S.E. Jennifer St.,Clackamas,OR,97015,45.404135,-122.534919,503-657-5400,503-657-0160,"MONDAY - FRIDAY, 7:00 AM TO 4:00 PM",Helder Cocom,Helder.Cocom@srsbuildingproducts.com,Columns and Patio Covers; Gutter Materials; Roofing Products; Siding and Vinyl Shutters; Ventilation Products; Windows; James Hardie Siding; Other Nearby Locations; CLACKAMAS; LAKE OSWEGO; SALEM; VANCOUVER; SEND A MESSAGE TO THE BRANCH MANAGER,https://www.srsdistribution.com/en/markets/our-brands/srs-building-products/srs-building-products---portland-or/
srs-building-products---woodinville,SRS BUILDING PRODUCTS - WOODINVILLE,srs-building-products,"5927 234th Street SE, Suite A",Woodinville,WA,98072,47.786077,-122.15332,425-861-0100,425-869-7159,"MONDAY - FRIDAY, 7:00 AM TO 4:00 PM",John.Hale@srsbuildingproducts.com,,Columns and Patio Covers; Gutter Materials; Roofing Products; Siding and Vinyl Shutters; Ventilation Products; Windows; Other Nearby Locations; ARLINGTON; BREMERTON; KENT; LYNNWOOD; SEND A MESSAGE TO THE BRANCH MANAGER,https://www.srsdistribution.com/en/markets/our-brands/srs-building-products/srs-building-products---woodinville/
srs-building-products---kent,SRS BUILDING PRODUCTS - KENT,srs-building-products,8420 S 190TH ST STE B,Kent,WA,98032,47.4329214,-122.2269523,253-395-3500,253-395-3480,"MONDAY - FRIDAY, 7:00 AM TO 4:00 PM",Marc Stankey,Marc.Stankey@srsbuildingproducts.com,Columns and Patio Covers; Gutter Materials; Roofing Products; Siding and Vinyl Shutters; Ventilation Products; Windows,https://www.srsdistribution.com/en/markets/our-brands/srs-building-products/srs-building-products---kent/
srs-building-products---lynnwood,SRS BUILDING PRODUCTS - LYNNWOOD,srs-building-products,20621 52nd Avenue West,Lynnwood,WA,98036,47.8117667,-122.3020871,206-632-7820,206-633-1306,"MONDAY - FRIDAY, 7:00 AM TO 4:00 PM",Francis Nelson,Francis.Nelson@srsbuildingproducts.com,Columns and Patio Covers; Gutter Materials; Roofing Products; Siding and Vinyl Shutters; Ventilation Products; Windows; Other Nearby Locations; ARLINGTON; BREMERTON; KENT; WOODINVILLE; SEND A MESSAGE TO THE BRANCH MANAGER,https://www.srsdistribution.com/en/markets/our-brands/srs-building-products/srs-building-products---lynnwood/
srs-building-products---tacoma-------,SRS BUILDING PRODUCTS - TACOMA       ,srs-building-products,"10801 A Street S, Suite O",Tacoma,WA,98444,47.158821,-122.430035,253-203-2122,253-203-2126,"MONDAY - FRIDAY, 7:00 AM TO 4:00 PM",Danielle Cypert,Danielle.Cypert@srsbuildingproducts.com,Columns and Patio Covers; Gutter Materials; Roofing Products; Siding and Vinyl Shutters; Ventilation Products; Windows; Other Nearby Locations; BREMERTON; KENT; OLYMPIA; TACOMA SIDING; SEND A MESSAGE TO THE BRANCH MANAGER,https://www.srsdistribution.com/en/markets/our-brands/srs-building-products/srs-building-products---tacoma-------/
srs-building-products---south-louisville,SRS BUILDING PRODUCTS - SOUTH LOUISVILLE,srs-building-products,6705 Preston Highway,Louisville,KY,40219,38.154877,-85.695741,502-968-7778,502-968-7881,"MONDAY - FRIDAY, 7:00 AM TO 4:00 PM",Skyler.Reas@srsbuildingproducts.com,,Columns and Patio Covers; Gutter Materials; Roofing Products; Siding and Vinyl Shutters; Ventilation Products; Windows; Other Nearby Locations; LEXINGTON; LOUISVILLE; N LEXINGTON; SE LOUISVILLE; SEND A MESSAGE TO THE BRANCH MANAGER,https://www.srsdistribution.com/en/markets/our-brands/srs-building-products/srs-building-products---south-louisville/
srs-building-products---cincinnati,SRS BUILDING PRODUCTS - CINCINNATI,srs-building-products,4100 Rev Drive,Cincinnati,OH,45232,39.1666126,-84.507115,513-541-2434,513-541-2436,"MONDAY - FRIDAY, 7:30 AM TO 4:00 PM",Alexis.Hollowell@srsbuildingproducts.com,,"Commercial; Single Ply Roofing: TPO, EPDM, & PVC; PolyIso Insulation; Roofing Products; Modified Bitumen; Roof Coatings; Waterproofing; Air & Vapor Barriers; Coverboards; Adhesives; Residential; Shingles; Metal Roofing; Windows",https://www.srsdistribution.com/en/markets/our-brands/srs-building-products/srs-building-products---cincinnati/
srs-building-products---n-columbus,SRS BUILDING PRODUCTS - N COLUMBUS,srs-building-products,3949 Business Park Dr,Columbus,OH,43204,39.97733,-83.10916,614-396-7484,614-396-7479,"MONDAY - FRIDAY, 7:30 AM TO 4:30 PM",cdoerr@srsbuildingproducts.com,,,https://www.srsdistribution.com/en/markets/our-brands/srs-building-products/srs-building-products---n-columbus/
srs-building-products---bloomington,SRS BUILDING PRODUCTS - BLOOMINGTON,srs-building-products,298 Country Club Drive,Bloomington,IN,47403,39.136319,-86.535488,812-335-8748,812-335-8770,"MONDAY - FRIDAY, 8:00 AM TO 4:00 PM",Matthew Adams,MAdams@srsbuildingproducts.com,Roofing Products; Columns and Patio Covers; Gutter Materials; Ventilation Products; Siding and Vinyl Shutters; Windows; Top-Shield; Other Nearby Locations; EAST INDIANAPOLIS; INDIANAPOLIS; LOUISVILLE; NORTHWEST INDIANAPOLIS; SEND A MESSAGE TO THE BRANCH MANAGER,https://www.srsdistribution.com/en/markets/our-brands/srs-building-products/srs-building-products---bloomington/
srs-building-products---hobart,SRS BUILDING PRODUCTS - HOBART,srs-building-products,2520 W. 37th Avenue,Hobart,IN,46342-1830,41.551636,-87.289931,219-962-1173,219-962-6245,"MONDAY - FRIDAY, 7:00 AM TO 3:00 PM",Jimmy Stelter,Jimmy.Stelter@srsbuildingproducts.com,,https://www.srsdistribution.com/en/markets/our-brands/srs-building-products/srs-building-products---hobart/
srs-building-products---sioux-city,SRS BUILDING PRODUCTS - SIOUX CITY,srs-building-products,3232 US 75 Business,Sioux City,IA,51105,42.5258187,-96.3625398,712-252-0571,712-252-1023,"MONDAY - FRIDAY, 8:00 AM TO 4:30 PM",Steve Blume,sblume@srsbuildingproducts.com,Residential Roofing; Residential Accessories; Commercial Roofing; Commercial Accessories; Sealants and Coatings,https://www.srsdistribution.com/en/markets/our-brands/srs-building-products/srs-building-products---sioux-city/
srs-building-products---kansas-city-mo,SRS BUILDING PRODUCTS - KANSAS CITY (MO),srs-building-products,2801 East 85th Street,Kansas City,MO,64132,38.97227,-94.55472,816-333-7889,816-444-3843,"MONDAY - FRIDAY, 7:00 AM TO 4:30 PM",Ryan Shaffer,Ryan.Shaffer@srsbuildingproducts.com,,https://www.srsdistribution.com/en/markets/our-brands/srs-building-products/srs-building-products---kansas-city-mo/
srs-building-products---naperville,SRS BUILDING PRODUCTS - NAPERVILLE,srs-building-products,1736 N. Aurora Rd,Naperville,IL,60563,41.779307,-88.197801,630-637-0750,630-637-0755,"MONDAY - FRIDAY, 6:00 AM TO 4:00 PM",Armando Ramos,Armando.Ramos@srsbuildingproducts.com,Roofing Products; Columns and Patio Covers; Gutter Materials; Ventilation Products; Siding and Vinyl Shutters; Windows; Top-Shield; Other Nearby Locations; ADDISON; ELGIN; ELMHURST; JOLIET; SEND A MESSAGE TO THE BRANCH MANAGER,https://www.srsdistribution.com/en/markets/our-brands/srs-building-products/srs-building-products---naperville/
srs-building-products---elgin,SRS BUILDING PRODUCTS - ELGIN,srs-building-products,1407 Timber Drive,Elgin,IL,60123-1827,42.057528,-88.312434,847-241-2000,847-241-2005,"MONDAY - FRIDAY, 7:00 AM TO 3:00 PM",Jason.Aguilar@srsbuildingproducts.com,,Roofing Products; Columns and Patio Covers; Gutter Materials; Ventilation Products; Siding and Vinyl Shutters; Windows; Top-Shield; Other Nearby Locations; ADDISON; ELMHURST; NAPERVILLE; WAUKEGAN; SEND A MESSAGE TO THE BRANCH MANAGER,https://www.srsdistribution.com/en/markets/our-brands/srs-building-products/srs-building-products---elgin/
srs-building-products---rockford,SRS BUILDING PRODUCTS - ROCKFORD,srs-building-products,600 Boylston Street,Loves Park,IL,61111,42.301943,-89.054018,815-877-6778,815-877-7928,"MONDAY - FRIDAY, 7:30 AM TO 3:00 PM",Patrick.Gorman@srsbuildingproducts.com,,Roofing Products; Columns and Patio Covers; Gutter Materials; Ventilation Products; Siding and Vinyl Shutters; Windows; Top-Shield; Other Nearby Locations; DELAVAN; ELGIN; MADISON; SOUTH MADISON; SEND A MESSAGE TO THE BRANCH MANAGER,https://www.srsdistribution.com/en/markets/our-brands/srs-building-products/srs-building-products---rockford/
srs-building-products---indianapolis,SRS BUILDING PRODUCTS - INDIANAPOLIS,srs-building-products,3331 Raton Ct.,Indianapolis,IN,46226,39.818179,-86.017625,317-897-9931,317-897-9943,"MONDAY - FRIDAY, 7:30 AM TO 4:30 PM",Keelie.Cantwell@srsbuildingproducts.com,,Roofing Products; Columns and Patio Covers; Gutter Materials; Ventilation Products; Siding and Vinyl Shutters; Windows; Top-Shield; Other Nearby Locations; BLOOMINGTON; CINCINNATI; EAST INDIANAPOLIS; NORTHWEST INDIANAPOLIS; SEND A MESSAGE TO THE BRANCH MANAGER,https://www.srsdistribution.com/en/markets/our-brands/srs-building-products/srs-building-products---indianapolis/
srs-building-products---minneapolis,SRS BUILDING PRODUCTS - MINNEAPOLIS,srs-building-products,2050 Main St,Centerville,MN,55038-8766,45.1637115,-93.0384876,612-378-6006,612-378-6066,"MONDAY - FRIDAY, 7:00 AM TO 4:00 PM",Josh Helland,Josh.Helland@srsbuildingproducts.com,,https://www.srsdistribution.com/en/markets/our-brands/srs-building-products/srs-building-products---minneapolis/
srs-building-products---lawton,SRS BUILDING PRODUCTS - LAWTON,srs-building-products,411 SE Simpson St,Lawton,OK,73501,34.60791,-98.14189,580-357-3360,580-357-7585,"MONDAY - FRIDAY, 7:30 AM TO 4:30 PM",Dan Barrette,Dan.Barrette@srsbuildingproducts.com,Columns and Patio Covers; Gutter Materials; Roofing Products; Siding and Vinyl Shutters; Ventilation Products; Windows; Asphalt Shingles; Cedar Shakes; Coatings & Waterproofing; Commercial Roofing; Decking; Doors; Insulation; Metal Roofing; Simulated & Real Stone Veneers; Skylights; Tools & Equipment; James Hardie Siding; Other Nearby Locations; CENTRAL OKLAHOMA CITY; FRISCO; NORTH OKLAHOMA CITY; OKLAHOMA CITY; SEND A MESSAGE TO THE BRANCH MANAGER,https://www.srsdistribution.com/en/markets/our-brands/srs-building-products/srs-building-products---lawton/
srs-building-products---west-st-louis,SRS BUILDING PRODUCTS - WEST ST LOUIS,srs-building-products,1404 Sachs Business Parkway,Wentzville,MO,63385,38.820556,-90.834068,636-327-7172,636-327-7180,"MONDAY - FRIDAY, 7:00 AM TO 4:00 PM",Carol Carreiro,Carol.Carreiro@srsbuildingproducts.com,Commercial Roofing; Asphalt Shingles; Paint; Sealants; Underlayment; Metal Roofing; Fasteners; Ridge; Edge; Wood; Roofing Tile; Ventilation Products,https://www.srsdistribution.com/en/markets/our-brands/srs-building-products/srs-building-products---west-st-louis/
srs-building-products---ofallon,SRS BUILDING PRODUCTS - O&#39;FALLON,srs-building-products,8661 US-50 ,O’Fallon,IL,62269,38.5884472,-89.8611959,618-622-3010,618-622-3012,"MONDAY - FRIDAY, 7:00 AM TO 4:00 PM",Paul Pilackas,paulp@srsbuildingproducts.com,Commercial Roofing; Asphalt Shingles; Paint; Sealants; Underlayment; Metal Roofing; Fasteners; Ridge; Edge; Wood; Roofing Tile; Ventilation Products,https://www.srsdistribution.com/en/markets/our-brands/srs-building-products/srs-building-products---ofallon/
srs-building-products---springfield,SRS BUILDING PRODUCTS - SPRINGFIELD,srs-building-products,4615 W. Chestnut Expressway,Springfield,MO,65802,37.213334,-93.374522,417-865-4266,417-831-0482,"MONDAY - FRIDAY, 7:00 AM TO 4:30 PM",Jim Eilers,JimE@srsbuildingproducts.com,Commercial Roofing; Asphalt Shingles; Paint; Sealants; Underlayment; Metal Roofing; Fasteners; Ridge; Edge; Wood; Roofing Tile; Ventilation Products,https://www.srsdistribution.com/en/markets/our-brands/srs-building-products/srs-building-products---springfield/
srs-building-products---joplin,SRS BUILDING PRODUCTS - JOPLIN,srs-building-products,2711 E. 24th St.,Joplin,MO,64804,37.06348,-94.48088,417-623-1234,417-623-8739,"MONDAY - FRIDAY, 7:30 AM TO 4:00 PM",James Willett,James.Willett@srsbuildingproducts.com,Commercial Roofing; Asphalt Shingles; Paint; Sealants; Underlayment; Metal Roofing; Fasteners; Ridge; Edge; Wood; Roofing Tile; Ventilation Products,https://www.srsdistribution.com/en/markets/our-brands/srs-building-products/srs-building-products---joplin/
srs-building-products---north-columbia,SRS BUILDING PRODUCTS - NORTH COLUMBIA,srs-building-products,2904 Paris Road,Columbia,MO,65202,38.980223,-92.294378,573-474-4880,573-474-4890,"MONDAY - FRIDAY, 7:30 AM TO 4:00 PM",Dane Land,dland@srsbuildingproducts.com,Commercial Roofing; Asphalt Shingles; Paint; Sealants; Underlayment; Metal Roofing; Fasteners; Ridge; Edge; Wood; Roofing Tile; Ventilation Products,https://www.srsdistribution.com/en/markets/our-brands/srs-building-products/srs-building-products---north-columbia/
srs-building-products---wichita,SRS BUILDING PRODUCTS - WICHITA,srs-building-products,1310 S Osage St,Wichita,KS,67213,37.669066,-97.348196,316-838-7408,316-263-9558,"MONDAY - FRIDAY, 7:00 AM TO 4:30 PM",Jay Silva,Jay.Silva@srsbuildingproducts.com,,https://www.srsdistribution.com/en/markets/our-brands/srs-building-products/srs-building-products---wichita/
srs-building-products---omaha-west,SRS BUILDING PRODUCTS - OMAHA WEST,srs-building-products,11510 I Street,Omaha,NE,68137,41.216224,-96.093478,402-778-5910,402-334-2062,"MONDAY - FRIDAY, 8:00 AM TO 4:00 PM",Michael Egenberger,megenberger@srsbuildingproducts.com,Roofing Products; Columns and Patio Covers; Gutter Materials; Ventilation Products; Siding and Vinyl Shutters; Windows; Top-Shield; Other Nearby Locations; GRAND ISLAND; LINCOLN NORTH; OMAHA EAST; SIOUX CITY; SEND A MESSAGE TO THE BRANCH MANAGER,https://www.srsdistribution.com/en/markets/our-brands/srs-building-products/srs-building-products---omaha-west/
srs-building-products---commerce-city,SRS BUILDING PRODUCTS - COMMERCE CITY,srs-building-products,6780 Brighton Blvd.,Commerce City,CO,80022,39.818605,-104.933062,303-289-5727,303-289-5728,"MONDAY - FRIDAY, 7:00 AM TO 4:00 PM",Nick Dingman,Nick.Dingman@srsbuildingproducts.com,Roofing Products; Columns and Patio Covers; Gutter Materials; Ventilation Products; Siding and Vinyl Shutters; Windows; Top-Shield; Other Nearby Locations; CASTLE ROCK; DENVER; FORT COLLINS; SOUTH DENVER; SEND A MESSAGE TO THE BRANCH MANAGER,https://www.srsdistribution.com/en/markets/our-brands/srs-building-products/srs-building-products---commerce-city/
srs-building-products---colorado-springs,SRS BUILDING PRODUCTS - COLORADO SPRINGS,srs-building-products,3270 Astrozon Blvd,Colorado Springs,CO,80910,38.785469,-104.766803,719-219-0537,719-219-0240,"MONDAY - FRIDAY, 7:30 AM TO 4:30 PM",Jonathan Oeftering,Jonathan.Oeftering@srsbuildingproducts.com,Roofing Products; Columns and Patio Covers; Gutter Materials; Ventilation Products; Siding and Vinyl Shutters; Windows; Top-Shield; Other Nearby Locations; CASTLE ROCK; COMMERCE CITY; DENVER; SOUTH DENVER; SEND A MESSAGE TO THE BRANCH MANAGER,https://www.srsdistribution.com/en/markets/our-brands/srs-building-products/srs-building-products---colorado-springs/
srs-building-products---fort-collins,SRS BUILDING PRODUCTS - FORT COLLINS,srs-building-products,7221 East US Highway 34,Loveland,CO,80537,40.41841,-105.18202,970-530-0070,970-530-0004,"MONDAY - FRIDAY, 7:30 AM TO 4:00 PM",Brett Hailey,Brett.Hailey@srsbuildingproducts.com,Roofing Products; Columns and Patio Covers; Gutter Materials; Ventilation Products; Siding and Vinyl Shutters; Windows; Top-Shield; Other Nearby Locations; CASTLE ROCK; COMMERCE CITY; DENVER; SOUTH DENVER; SEND A MESSAGE TO THE BRANCH MANAGER,https://www.srsdistribution.com/en/markets/our-brands/srs-building-products/srs-building-products---fort-collins/
srs-building-products---san-angelo,SRS BUILDING PRODUCTS - SAN ANGELO,srs-building-products,1221 S Hill St.,San Angelo,TX,76903,31.44944,-100.43753,325-617-5710,325-617-5720,"MONDAY - FRIDAY, 7:30 AM TO 4:30 PM",Tim.Owens@srsbuildingproducts.com,,Columns and Patio Covers; Gutter Materials; Roofing Products; Siding and Vinyl Shutters; Ventilation Products; Windows; Asphalt Shingles; Cedar Shakes; Coatings & Waterproofing; Commercial Roofing; Decking; Doors; Insulation; Metal Roofing; Simulated & Real Stone Veneers; Skylights; Tools & Equipment; James Hardie Siding; Other Nearby Locations; ABILENE; KERRVILLE; LUBBOCK; MIDLAND; SEND A MESSAGE TO THE BRANCH MANAGER,https://www.srsdistribution.com/en/markets/our-brands/srs-building-products/srs-building-products---san-angelo/
srs-building-products---ft-smith,SRS BUILDING PRODUCTS - FT SMITH,srs-building-products,2808 McKinley Avenue,Fort Smith,AR,72908,35.3214301,-94.4038229,479-471-5711,479-471-8254,"MONDAY - FRIDAY, 7:00 AM TO 4:30 PM",Mackenzie Seats,Mackenzie.Seats@srsbuildingproducts.com,,https://www.srsdistribution.com/en/markets/our-brands/srs-building-products/srs-building-products---ft-smith/
srs-building-products---oklahoma-city,SRS BUILDING PRODUCTS - OKLAHOMA CITY,srs-building-products,7128 SW 44th Street,Oklahoma City,OK,73179,35.4201266,-97.6385369,405-632-1250,405-632-1665,"MONDAY - FRIDAY, 7:30 AM TO 4:30 PM",Tyler Linney,Tyler.Linney@srsbuildingproducts.com,,https://www.srsdistribution.com/en/markets/our-brands/srs-building-products/srs-building-products---oklahoma-city/
srs-building-products---south-tulsa,SRS BUILDING PRODUCTS - SOUTH TULSA,srs-building-products,10708 E 61st Street,Tulsa,OK,74133,36.074549,-95.857255,918-994-5600,918-994-5601,"MONDAY - FRIDAY, 7:30 AM TO 4:30 PM",Jake.Harris@srsbuildingproducts.com,,,https://www.srsdistribution.com/en/markets/our-brands/srs-building-products/srs-building-products---south-tulsa/
srs-building-products---new-braunfels,SRS BUILDING PRODUCTS - NEW BRAUNFELS,srs-building-products,9525 N Interstate 35,New Braunfels,TX,78130,29.802254,-98.017801,512-392-4505,512-392-0821,"MONDAY - FRIDAY, 7:00 AM TO 4:00 PM",Wyatt Mott,Wyatt.Mott@srsbuildingproducts.com,,https://www.srsdistribution.com/en/markets/our-brands/srs-building-products/srs-building-products---new-braunfels/
srs-building-products---spring,SRS BUILDING PRODUCTS - SPRING,srs-building-products,22411 Interstate 45,Spring,TX,77389,30.086994,-95.437911,832-616-4100,281-907-7351,"MONDAY - FRIDAY, 7:30 AM TO 4:30 PM",Josh Brown,Jbrown@srsicorp.com,Columns and Patio Covers; Gutter Materials; Roofing Products; Siding and Vinyl Shutters; Ventilation Products; Windows; Asphalt Shingles; Cedar Shakes; Coatings & Waterproofing; Commercial Roofing; Decking; Doors; Insulation; Metal Roofing; Simulated & Real Stone Veneers; Skylights; Tools & Equipment; James Hardie Siding; Other Nearby Locations; HOUSTON; HOUSTON LUMBER; HUMBLE; N HOUSTON; SEND A MESSAGE TO THE BRANCH MANAGER,https://www.srsdistribution.com/en/markets/our-brands/srs-building-products/srs-building-products---spring/
srs-building-products---amarillo,SRS BUILDING PRODUCTS - AMARILLO,srs-building-products,10020 S. GEORGIA,Amarillo,TX,79118,35.104889,-101.867329,806-622-9320,806-622-9365,"MONDAY - FRIDAY, 8:00 AM TO 4:00 PM",Tanner Howery,thowery@srsbuildingproducts.com,Columns and Patio Covers; Gutter Materials; Roofing Products; Siding and Vinyl Shutters; Ventilation Products; Windows; Asphalt Shingles; Cedar Shakes; Coatings & Waterproofing; Commercial Roofing; Decking; Doors; Insulation; Metal Roofing; Simulated & Real Stone Veneers; Skylights; Tools & Equipment; James Hardie Siding; Other Nearby Locations; ABILENE; LAWTON; LUBBOCK; MIDLAND; SEND A MESSAGE TO THE BRANCH MANAGER,https://www.srsdistribution.com/en/markets/our-brands/srs-building-products/srs-building-products---amarillo/
srs-building-products---college-station,SRS BUILDING PRODUCTS - COLLEGE STATION,srs-building-products,4700 Elmo Weedon Road Suite 122,College Station,TX,77845,30.660923,-96.26876,979-774-2819,979-776-3892,"MONDAY - FRIDAY, 7:30 AM TO 4:30 PM",Krey Bratsen,Krey.Bratsen@srsbuildingproducts.com,Columns and Patio Covers; Gutter Materials; Roofing Products; Siding and Vinyl Shutters; Ventilation Products; Windows; Asphalt Shingles; Cedar Shakes; Coatings & Waterproofing; Commercial Roofing; Decking; Doors; Insulation; Metal Roofing; Simulated & Real Stone Veneers; Skylights; Tools & Equipment; James Hardie Siding; Other Nearby Locations; HOUSTON; HOUSTON LUMBER; KATY; SPRING; SEND A MESSAGE TO THE BRANCH MANAGER,https://www.srsdistribution.com/en/markets/our-brands/srs-building-products/srs-building-products---college-station/
srs-building-products---sugar-land,SRS BUILDING PRODUCTS - SUGAR LAND,srs-building-products,15646 Ennis Road,Sugar Land,TX,77498,29.668765,-95.661352,281-313-2405,281-313-2406,"MONDAY - FRIDAY, 7:00 AM TO 4:30 PM",Jake White,Jake.White@srsbuildingproducts.com,Columns and Patio Covers; Gutter Materials; Roofing Products; Siding and Vinyl Shutters; Ventilation Products; Windows; Asphalt Shingles; Cedar Shakes; Coatings & Waterproofing; Commercial Roofing; Decking; Doors; Insulation; Metal Roofing; Simulated & Real Stone Veneers; Skylights; Tools & Equipment; James Hardie Siding; Other Nearby Locations; HOUSTON; HOUSTON LUMBER; KATY; N HOUSTON; SEND A MESSAGE TO THE BRANCH MANAGER,https://www.srsdistribution.com/en/markets/our-brands/srs-building-products/srs-building-products---sugar-land/
srs-building-products---round-rock,SRS BUILDING PRODUCTS - ROUND ROCK,srs-building-products,1821 Central Commerce Court,Round Rock,TX,78664,30.4644462,-97.658727,512-670-5300,512-670-1593,"MONDAY - FRIDAY, 7:00 AM TO 4:00 PM",Andrew.Cisneros@srsbuildingproducts.com,,,https://www.srsdistribution.com/en/markets/our-brands/srs-building-products/srs-building-products---round-rock/
srs-building-products---lubbock,SRS BUILDING PRODUCTS - LUBBOCK,srs-building-products,1116 East 50th,Lubbock,TX,79404,33.548362,-101.823954,806-744-0671,806-744-1370,"MONDAY - FRIDAY, 7:30 AM TO 4:30 PM",Christopher House,Christopher.House@SRSBuildingProducts.Com,Columns and Patio Covers; Gutter Materials; Roofing Products; Siding and Vinyl Shutters; Ventilation Products; Windows; Asphalt Shingles; Cedar Shakes; Coatings & Waterproofing; Commercial Roofing; Decking; Doors; Insulation; Metal Roofing; Simulated & Real Stone Veneers; Skylights; Tools & Equipment; James Hardie Siding; Other Nearby Locations; ABILENE; AMARILLO; MIDLAND; SAN ANGELO; SEND A MESSAGE TO THE BRANCH MANAGER,https://www.srsdistribution.com/en/markets/our-brands/srs-building-products/srs-building-products---lubbock/
srs-building-products---houston,SRS BUILDING PRODUCTS - HOUSTON,srs-building-products,12400 Taylor Road,Houston,TX,77041,29.894213,-95.595208,832-300-3770,832-300-3751,"MONDAY - FRIDAY, 7:30 AM TO 4:30 PM",Carlos.Amaya@srsbuildingproducts.com,,Columns and Patio Covers; Gutter Materials; Roofing Products; Siding and Vinyl Shutters; Ventilation Products; Windows; Asphalt Shingles; Cedar Shakes; Coatings & Waterproofing; Commercial Roofing; Decking; Doors; Insulation; Metal Roofing; Simulated & Real Stone Veneers; Skylights; Tools & Equipment; James Hardie Siding; Other Nearby Locations; HOUSTON LUMBER; KATY; N HOUSTON; SUGAR LAND; SEND A MESSAGE TO THE BRANCH MANAGER,https://www.srsdistribution.com/en/markets/our-brands/srs-building-products/srs-building-products---houston/
srs-building-products---coppell,SRS BUILDING PRODUCTS - COPPELL,srs-building-products,"200 East Beltline Road, Bldg. 10",Coppell,TX,75019,32.950965,-96.989227,972-462-7222,972-462-9518,"MONDAY - FRIDAY, 7:30 AM TO 4:30 PM",Dwight Brosam,dbrosam@srsbuildingproducts.com,Columns and Patio Covers; Gutter Materials; Roofing Products; Siding and Vinyl Shutters; Ventilation Products; Windows; Asphalt Shingles; Cedar Shakes; Coatings & Waterproofing; Commercial Roofing; Decking; Doors; Insulation; Metal Roofing; Simulated & Real Stone Veneers; Skylights; Tools & Equipment; James Hardie Siding; Other Nearby Locations; ARLINGTON TX; FRISCO; RICHARDSON; RICHLAND HILLS; SEND A MESSAGE TO THE BRANCH MANAGER,https://www.srsdistribution.com/en/markets/our-brands/srs-building-products/srs-building-products---coppell/
srs-building-products---fort-worth,SRS BUILDING PRODUCTS - FORT WORTH,srs-building-products,1420 Forum Way South,Fort Worth,TX,76140,32.620939,-97.305161,817-435-5457,682-518-0974,"MONDAY - FRIDAY, 7:30 AM TO 4:00 PM",Blake Slaughter,Blake.Slaughter@srsdistribution.com,,https://www.srsdistribution.com/en/markets/our-brands/srs-building-products/srs-building-products---fort-worth/
srs-building-products---dallas,SRS BUILDING PRODUCTS - DALLAS,srs-building-products,1604 Peavy Road,Dallas,TX,75228,32.833365,-96.690054,214-321-6461,214-328-3543,"MONDAY - FRIDAY, 7:30 AM TO 4:30 PM",Raymond Smith,Raymond.Smith@srsbuildingproducts.com,Columns and Patio Covers; Gutter Materials; Roofing Products; Siding and Vinyl Shutters; Ventilation Products; Windows; Asphalt Shingles; Cedar Shakes; Coatings & Waterproofing; Commercial Roofing; Decking; Doors; Insulation; Metal Roofing; Simulated & Real Stone Veneers; Skylights; Tools & Equipment; James Hardie Siding; Other Nearby Locations; COPPELL; MESQUITE; RICHARDSON; WYLIE; SEND A MESSAGE TO THE BRANCH MANAGER,https://www.srsdistribution.com/en/markets/our-brands/srs-building-products/srs-building-products---dallas/
srs-building-products---frisco,SRS BUILDING PRODUCTS - FRISCO,srs-building-products,6725 Ash Street,Frisco,TX,75034,33.1476359,-96.828154,817-741-1968,817-741-1973,"MONDAY - FRIDAY, 7:30 AM TO 4:30 PM",Stephanie Altpeter,Stephanie.Altpeter@srsbuildingproducts.com,Columns and Patio Covers; Gutter Materials; Roofing Products; Siding and Vinyl Shutters; Ventilation Products; Windows; Asphalt Shingles; Cedar Shakes; Coatings & Waterproofing; Commercial Roofing; Decking; Doors; Insulation; Metal Roofing; Simulated & Real Stone Veneers; Skylights; Tools & Equipment; James Hardie Siding; Other Nearby Locations; COPPELL; MELISSA; RICHARDSON; WYLIE; SEND A MESSAGE TO THE BRANCH MANAGER,https://www.srsdistribution.com/en/markets/our-brands/srs-building-products/srs-building-products---frisco/
srs-building-products---malden,SRS BUILDING PRODUCTS - MALDEN,srs-building-products,326 Commercial Street,Malden,MA,02148,42.415854,-71.074452,781-324-8100,781-324-1535,"MONDAY - FRIDAY, 7:00 AM TO 3:30 PM",Frank Wood,Frank.Wood@srsbuildingproducts.com,Columns and Patio Covers; Gutter Materials; Roofing Products; Siding and Vinyl Shutters; Ventilation Products; Windows; Other Nearby Locations; BRAINTREE; HUDSON; MEDFORD MA; SUDBURY; SEND A MESSAGE TO THE BRANCH MANAGER,https://www.srsdistribution.com/en/markets/our-brands/srs-building-products/srs-building-products---malden/
srs-building-products---worcester,SRS BUILDING PRODUCTS - WORCESTER,srs-building-products,29 Glennie St,Worcester,MA,01605,42.28601,-71.80604,508-831-7900,508-425-4532,"MONDAY - FRIDAY, 7:00 AM TO 4:00 PM",Brian Crawford,BCrawford@srsbuildingproducts.com,Columns and Patio Covers; Gutter Materials; Roofing Products; Siding and Vinyl Shutters; Ventilation Products; Windows; Other Nearby Locations; FOXBORO; HUDSON; MEDFORD MA; SUDBURY; SEND A MESSAGE TO THE BRANCH MANAGER,https://www.srsdistribution.com/en/markets/our-brands/srs-building-products/srs-building-products---worcester/
srs-building-products---n-dartmouth,SRS BUILDING PRODUCTS - N DARTMOUTH,srs-building-products,975 Reed Road,N. Dartmouth,MA,02747,41.662778,-71.035352,508-994-7663,508-991-4638,"MONDAY - FRIDAY, 7:00 AM TO 3:30 PM",Brad.Rebello@srsbuildingproducts.com,,Columns and Patio Covers; Gutter Materials; Roofing Products; Siding and Vinyl Shutters; Ventilation Products; Windows; Other Nearby Locations; BRAINTREE; FOXBORO; NORTH KINGSTOWN; PLYMOUTH MA; SEND A MESSAGE TO THE BRANCH MANAGER,https://www.srsdistribution.com/en/markets/our-brands/srs-building-products/srs-building-products---n-dartmouth/
srs-building-products---braintree,SRS BUILDING PRODUCTS - BRAINTREE,srs-building-products,69 Campanelli Drive,Braintree,MA,02185,42.203323,-71.027251,781-519-4850,781-849-2925,"MONDAY - FRIDAY, 7:00 AM TO 3:30 PM",,,Columns and Patio Covers; Gutter Materials; Roofing Products; Siding and Vinyl Shutters; Ventilation Products; Windows; Other Nearby Locations; FOXBORO; MALDEN; MEDFORD MA; SUDBURY; SEND A MESSAGE TO THE BRANCH MANAGER,https://www.srsdistribution.com/en/markets/our-brands/srs-building-products/srs-building-products---braintree/
srs-building-products---hudson,SRS BUILDING PRODUCTS - HUDSON,srs-building-products,31 Flagstone Drive,Hudson,NH,03051,42.731479,-71.428487,603-821-9100,603-821-9090,"MONDAY - FRIDAY, 7:00 AM TO 3:30 PM",Larry Rackliff,LRackliff@srsbuildingproducts.com,Columns and Patio Covers; Gutter Materials; Roofing Products; Siding and Vinyl Shutters; Ventilation Products; Windows; Other Nearby Locations; BOW; MALDEN; MEDFORD MA; SUDBURY; SEND A MESSAGE TO THE BRANCH MANAGER,https://www.srsdistribution.com/en/markets/our-brands/srs-building-products/srs-building-products---hudson/
srs-building-products---montgomery,SRS BUILDING PRODUCTS - MONTGOMERY,srs-building-products,1580 Parallel Street,Montgomery,AL,36104,32.406414,-86.320114,334-557-1534,334-264-1112,"MONDAY - FRIDAY, 7:00 AM TO 4:30 PM",Michael Allgaier,Michael.Allgaier@srsbuildingproducts.com,Columns and Patio Covers; Gutter Materials; Roofing; Ventilation; Siding and Vinyl Shutters; Windows; Other Nearby Locations; ALBANY; BIRMINGHAM; LITHIA SPRINGS; NEWNAN; SEND A MESSAGE TO THE BRANCH MANAGER,https://www.srsdistribution.com/en/markets/our-brands/srs-building-products/srs-building-products---montgomery/
srs-building-products---birmingham,SRS BUILDING PRODUCTS - BIRMINGHAM,srs-building-products,3441 Mary Taylor Rd,Birmingham,AL,35235-3234,33.603315,-86.625508,205-721-2794,205-655-7008,"MONDAY - FRIDAY, 7:00 AM TO 4:00 PM",Timothy Carter,ticarter@srsbuildingproducts.com,Columns and Patio Covers; Gutter Materials; Roofing; Ventilation; Siding and Vinyl Shutters; Windows; Other Nearby Locations; CARTERSVILLE; HUNTSVILLE; MONTGOMERY; NEWNAN; SEND A MESSAGE TO THE BRANCH MANAGER,https://www.srsdistribution.com/en/markets/our-brands/srs-building-products/srs-building-products---birmingham/
srs-building-products---jackson,SRS BUILDING PRODUCTS - JACKSON,srs-building-products,1350 Hwy 80 West,Jackson,MS,39204,32.287089,-90.207616,769-230-1400,601-960-9494,"MONDAY - FRIDAY, 7:00 AM TO 4:00 PM",Sam Madden,Sam.Madden@srsbuildingproducts.com,Commercial Roofing; Asphalt Shingles; Paint; Sealants; Underlayment; Metal Roofing; Fasteners; Ridge; Edge; Wood; Roofing Tile; Ventilation Products,https://www.srsdistribution.com/en/markets/our-brands/srs-building-products/srs-building-products---jackson/
srs-building-products---richmond,SRS BUILDING PRODUCTS - RICHMOND,srs-building-products,5801 School Avenue,Henrico,VA,23228,37.60651,-77.49259,804-262-4001,804-261-1913,"MONDAY - FRIDAY, 7:00 AM TO 3:30 PM",Jacob.Bruce@srsbuildingproducts.com,,Columns and Patio Covers; Gutter Materials; Roofing Products; Siding and Vinyl Shutters; Ventilation Products; Windows; Asphalt Shingles; Cedar Shakes; Coatings & Waterproofing; Commercial Roofing; Decking; Doors; Insulation; Metal Roofing; Simulated & Real Stone Veneers; Skylights; Tools & Equipment; James Hardie Siding,https://www.srsdistribution.com/en/markets/our-brands/srs-building-products/srs-building-products---richmond/
srs-building-products---chantilly,SRS BUILDING PRODUCTS - CHANTILLY,srs-building-products,"3920 Stonecroft Blvd, Ste A",Chantilly,VA,20151,38.908633,-77.458919,571-612-5106,703-464-7387,"MONDAY - FRIDAY, 6:30 AM TO 4:00 PM",Sean Maxwell,Sean.Maxwell@srsbuildingproducts.com,Columns and Patio Covers; Gutter Materials; Roofing Products; Siding and Vinyl Shutters; Ventilation Products; Windows; Asphalt Shingles; Cedar Shakes; Coatings & Waterproofing; Commercial Roofing; Decking; Doors; Insulation; Metal Roofing; Simulated & Real Stone Veneers; Skylights; Tools & Equipment; James Hardie Siding,https://www.srsdistribution.com/en/markets/our-brands/srs-building-products/srs-building-products---chantilly/
srs-building-products---baltimore,SRS BUILDING PRODUCTS - BALTIMORE,srs-building-products,7455 Lake Drive,Rosedale,MD,21237,39.30864,-76.525774,410-866-1251,410-866-3615,"MONDAY - FRIDAY, 7:00 AM TO 4:00 PM",Wes Cooper,Wes.Cooper@srsbuildingproducts.com,Columns and Patio Covers; Gutter Materials; Roofing Products; Siding and Vinyl Shutters; Ventilation Products; Windows; Asphalt Shingles; Cedar Shakes; Coatings & Waterproofing; Commercial Roofing; Decking; Doors; Insulation; Metal Roofing; Simulated & Real Stone Veneers; Skylights; Tools & Equipment; James Hardie Siding,https://www.srsdistribution.com/en/markets/our-brands/srs-building-products/srs-building-products---baltimore/
srs-building-products---greensboro,SRS BUILDING PRODUCTS - GREENSBORO,srs-building-products,717 N. Regional Rd,Greensboro,NC,27409,36.116612,-79.957388,336-763-2077,336-763-2197,"MONDAY - FRIDAY, 7:30 AM TO 4:30 PM",Larry Simmons,lsimmons@srsbuildingproducts.com,Asphalt Shingles; Cedar Shakes; Coatings & Waterproofing; Commercial Roofing; Decking; Doors; Insulation; Kitchen Cabinets; Metal Roofing; Siding & Siding Accessories; Simulated & Real Stone Veneers; Skylights; Windows; Other Nearby Locations; CHARLOTTE; SANFORD; STATESVILLE; WINSTON-SALEM; SEND A MESSAGE TO THE BRANCH MANAGER,https://www.srsdistribution.com/en/markets/our-brands/srs-building-products/srs-building-products---greensboro/
srs-building-products---wilmington,SRS BUILDING PRODUCTS - WILMINGTON,srs-building-products,2318 N 23rd St,Wilmington,NC,28401,34.262974,-77.919783,910-399-2747,910-399-2456,"MONDAY - FRIDAY, 7:00 AM TO 4:00 PM",Richard Kodetsky,rkodetsky@srsbuildingproducts.com,Columns and Patio Covers; Gutter Materials; Roofing Products; Siding and Vinyl Shutters; Ventilation Products; Windows; Asphalt Shingles; Cedar Shakes; Coatings & Waterproofing; Commercial Roofing; Decking; Doors; Insulation; Metal Roofing; Simulated & Real Stone Veneers; Skylights; Tools & Equipment; James Hardie Siding; Other Nearby Locations; FAYETTEVILLE (NC); GREENVILLE NC; MYRTLE BEACH; RALEIGH; SEND A MESSAGE TO THE BRANCH MANAGER,https://www.srsdistribution.com/en/markets/our-brands/srs-building-products/srs-building-products---wilmington/
srs-building-products---roanoke,SRS BUILDING PRODUCTS - ROANOKE,srs-building-products,914 Rhodes Ave.,Roanoke,VA,24012 ,37.280842,-79.92293,540-491-2190,540-344-0250,"MONDAY - FRIDAY, 7:00 AM TO 4:00 PM",Angela McCadden,Angela.McCadden@srsbuildingproducts.com,Asphalt Shingles; Cedar Shakes; Coatings & Waterproofing; Commercial Roofing; Decking; Doors; Insulation; Kitchen Cabinets; Metal Roofing; Siding & Siding Accessories; Simulated & Real Stone Veneers; Skylights; Windows; Other Nearby Locations; GREENSBORO; HARRISONBURG; RALEIGH DURHAM; WINSTON-SALEM; SEND A MESSAGE TO THE BRANCH MANAGER,https://www.srsdistribution.com/en/markets/our-brands/srs-building-products/srs-building-products---roanoke/
srs-building-products---knoxville,SRS BUILDING PRODUCTS - KNOXVILLE,srs-building-products,5907 Casey Drive,Knoxville,TN,37909,35.950562,-84.011508,865-342-1715,865-558-0332,"MONDAY - FRIDAY, 7:00 AM TO 4:30 PM",Curtis Wood,cwood@srsbuildingproducts.com,Columns and Patio Covers; Gutter Materials; Roofing Products; Siding and Vinyl Shutters; Ventilation Products; Windows; Asphalt Shingles; Cedar Shakes; Coatings & Waterproofing; Commercial Roofing; Decking; Doors; Insulation; Metal Roofing; Simulated & Real Stone Veneers; Skylights; Tools & Equipment; James Hardie Siding; Other Nearby Locations; ASHEVILLE; CHATTANOOGA; COOKEVILLE; DALTON; SEND A MESSAGE TO THE BRANCH MANAGER,https://www.srsdistribution.com/en/markets/our-brands/srs-building-products/srs-building-products---knoxville/
srs-building-products---spring-hill,SRS BUILDING PRODUCTS - SPRING HILL,srs-building-products,"3515 Cleburne Road, Suite A",Spring Hill,TN,37174,35.744145,-86.9715422,615-650-4950,615-650-9321,"MONDAY - FRIDAY, 7:00 AM TO 4:30 PM",Brody Burrus,Brody.Burrus@srsbuildingproducts.com,,https://www.srsdistribution.com/en/markets/our-brands/srs-building-products/srs-building-products---spring-hill/
srs-building-products---clarksville,SRS BUILDING PRODUCTS - CLARKSVILLE,srs-building-products,485 International Boulevard,Clarksville,TN,37040,36.596544,-87.258808,931-802-6500,931-802-6504,"MONDAY - FRIDAY, 7:00 AM TO 4:30 PM",Chris Hendricks,Chris.Hendricks@srsbuildingproducts.com,Columns and Patio Covers; Gutter Materials; Roofing Products; Siding and Vinyl Shutters; Ventilation Products; Windows; Asphalt Shingles; Cedar Shakes; Coatings & Waterproofing; Commercial Roofing; Decking; Doors; Insulation; Metal Roofing; Simulated & Real Stone Veneers; Skylights; Tools & Equipment; James Hardie Siding; Other Nearby Locations; BOWLING GREEN; LA VERGNE; NASHVILLE; SRS BUILDING PRODUCTS METAL SHOP – NASHVILLE; SEND A MESSAGE TO THE BRANCH MANAGER,https://www.srsdistribution.com/en/markets/our-brands/srs-building-products/srs-building-products---clarksville/
srs-building-products---annapolis,SRS BUILDING PRODUCTS - ANNAPOLIS,srs-building-products,2062 Generals Highway,Annapolis,MD,21401,38.991315,-76.551233,443-837-9663,410-571-1573,"MONDAY - FRIDAY, 7:00 AM TO 3:00 PM",Elizabeth Walter-Haque,Elizabeth.Walter-Haque@srsbuildingproducts.com,Columns and Patio Covers; Gutter Materials; Roofing Products; Siding and Vinyl Shutters; Ventilation Products; Windows; Asphalt Shingles; Cedar Shakes; Coatings & Waterproofing; Commercial Roofing; Decking; Doors; Insulation; Metal Roofing; Simulated & Real Stone Veneers; Skylights; Tools & Equipment; James Hardie Siding; Other Nearby Locations; BALTIMORE; BELTSVILLE; WALDORF; WOODLAWN; SEND A MESSAGE TO THE BRANCH MANAGER,https://www.srsdistribution.com/en/markets/our-brands/srs-building-products/srs-building-products---annapolis/
srs-building-products---tallahassee,SRS BUILDING PRODUCTS - TALLAHASSEE,srs-building-products,1170 Capital Circle NE,Tallahassee,FL,32301,30.450708,-84.227268,850-329-7469,850-765-8917,"MONDAY - FRIDAY, 7:00 AM TO 4:30 PM",,,,https://www.srsdistribution.com/en/markets/our-brands/srs-building-products/srs-building-products---tallahassee/
srs-building-products---west-chester,SRS BUILDING PRODUCTS - WEST CHESTER,srs-building-products,312 Turner Lane,Westchester,PA,19380,39.973571,-75.590161,610-431-2374,610-431-3812,"MONDAY - FRIDAY, 7:00 AM TO 4:00 PM",Ian McKelvey,IAN.MCKELVEY@SRSBUILDINGPRODUCTS.COM,,https://www.srsdistribution.com/en/markets/our-brands/srs-building-products/srs-building-products---west-chester/
srs-building-products---lakewood,SRS BUILDING PRODUCTS - LAKEWOOD,srs-building-products,430 Oberlin Avenue S.,Lakewood,NJ,08701,40.072272,-74.182724,732-961-5123,732-364-3641,"MONDAY - FRIDAY, 7:00 AM TO 4:00 PM",Eli Roman,Eli.Roman@SRSBUILDINGPRODUCTS.COM,"Roofing; Siding & Accessories; Windows; Doors; Waterproofing; Decking & Railing; Ventilation Products; Millwork, Shutters, Columns & Trim Boards; Tools & Equipment; Veneer Stone; Top Shield; Other Nearby Locations; BRIDGEWATER; LEVITTOWN; ROSELLE; TRENTON; SEND A MESSAGE TO THE BRANCH MANAGER",https://www.srsdistribution.com/en/markets/our-brands/srs-building-products/srs-building-products---lakewood/
srs-building-products---charlotte,SRS BUILDING PRODUCTS - CHARLOTTE,srs-building-products,5047 Highway 2427 E,Midland,NC,28107,35.25561075,-80.490670061,704-319-5003,704-888-3384,"MONDAY - FRIDAY, 7:00 AM TO 4:30 PM",Cameron.Brackman@srsbuildingproducts.com,,Columns and Patio Covers; Gutter Materials; Roofing Products; Siding and Vinyl Shutters; Ventilation Products; Windows; Asphalt Shingles; Cedar Shakes; Coatings & Waterproofing; Commercial Roofing; Decking; Doors; Insulation; Metal Roofing; Simulated & Real Stone Veneers; Skylights; Tools & Equipment; James Hardie Siding; Other Nearby Locations; GREENSBORO; SOUTH CHARLOTTE; STATESVILLE; WINSTON-SALEM; SEND A MESSAGE TO THE BRANCH MANAGER,https://www.srsdistribution.com/en/markets/our-brands/srs-building-products/srs-building-products---charlotte/
srs-building-products---raleigh,SRS BUILDING PRODUCTS - RALEIGH,srs-building-products,"2000 Citation Drive, Suite 140",Garner,NC,27529,35.7258928,-78.5741088,919-645-3750,919-835-2213,"MONDAY - FRIDAY, 7:00 AM TO 4:00 PM",Phil Bishop,pbishop@srsbuildingproducts.com,Columns and Patio Covers; Gutter Materials; Roofing Products; Siding and Vinyl Shutters; Ventilation Products; Windows; Asphalt Shingles; Cedar Shakes; Coatings & Waterproofing; Commercial Roofing; Decking; Doors; Insulation; Metal Roofing; Simulated & Real Stone Veneers; Skylights; Tools & Equipment; James Hardie Siding; Other Nearby Locations; FAYETTEVILLE (NC); GREENVILLE NC; RALEIGH DURHAM; SANFORD; SEND A MESSAGE TO THE BRANCH MANAGER,https://www.srsdistribution.com/en/markets/our-brands/srs-building-products/srs-building-products---raleigh/
srs-building-products---jacksonville-south,SRS BUILDING PRODUCTS - JACKSONVILLE SOUTH,srs-building-products,7531 Salisbury Rd,Jacksonville,FL,32256,30.2359507,-81.5790628,904-674-0375,904-674-0376,"MONDAY - FRIDAY, 7:00 AM TO 4:30 PM",Ryan Hummell,Ryan.Hummell@srsbuildingproducts.com,,https://www.srsdistribution.com/en/markets/our-brands/srs-building-products/srs-building-products---jacksonville-south/
srs-building-products---ft-myers,SRS BUILDING PRODUCTS - FT MYERS,srs-building-products,3601 Work Drive,Ft Myers,FL,33916,26.617383,-81.845118,239-275-6433,239-275-6434,"MONDAY - FRIDAY, 7:00 AM TO 5:00 PM",Yader Areas,Yader.Areas@srsbuildingproducts.com,,https://www.srsdistribution.com/en/markets/our-brands/srs-building-products/srs-building-products---ft-myers/
srs-building-products---tampa,SRS BUILDING PRODUCTS - TAMPA,srs-building-products,14212 N. Nebraska Ave,Tampa,FL,33613,28.075167,-82.453521,813-664-8686,813-664-8674,"MONDAY - FRIDAY, 7:00 AM TO 4:00 PM",Enzo Pipitone,epipitone@srsbuildingproducts.com,,https://www.srsdistribution.com/en/markets/our-brands/srs-building-products/srs-building-products---tampa/
srs-building-products---the-villages,SRS BUILDING PRODUCTS - THE VILLAGES,srs-building-products,721 Industrial Dr,Wildwood,FL,34785,28.85182,-82.05701,352-464-6417,352-341-2841,"MONDAY - FRIDAY, 7:00 AM TO 4:00 PM",Jeffrey Huff,Jeffrey.Huff@srsbuildingproducts.com,,https://www.srsdistribution.com/en/markets/our-brands/srs-building-products/srs-building-products---the-villages/
srs-building-products---lakeland,SRS BUILDING PRODUCTS - LAKELAND,srs-building-products,4401 US Hwy 92 East,Lakeland,FL,33801,28.034767,-82.020543,863-393-0093,863-393-0094,"MONDAY - FRIDAY, 7:00 AM TO 4:00 PM",Eric Vaughn,Eric.Vaughn@srsbuildingproducts.com,,https://www.srsdistribution.com/en/markets/our-brands/srs-building-products/srs-building-products---lakeland/
srs-building-products---orlando,SRS BUILDING PRODUCTS - ORLANDO,srs-building-products,2251 Mercy Drive,Orlando,FL,32808-5624,28.572091,-81.429748,407-650-9152,407-650-4940,"MONDAY - FRIDAY, 7:00 AM TO 4:00 PM",Patrick Hunt,Patrick.Hunt@srsbuildingproducts.com,,https://www.srsdistribution.com/en/markets/our-brands/srs-building-products/srs-building-products---orlando/
srs-building-products---sarasota,SRS BUILDING PRODUCTS - SARASOTA,srs-building-products,1926  72nd Drive East,Sarasota,FL,34243,27.411122,-82.540458,941-752-1986,941-751-3465,"MONDAY - FRIDAY, 6:30 AM TO 4:00 PM",Mike.Roach@srsbuildingproducts.com,,,https://www.srsdistribution.com/en/markets/our-brands/srs-building-products/srs-building-products---sarasota/
srs-building-products---clearwater,SRS BUILDING PRODUCTS - CLEARWATER,srs-building-products,12883 US Hwy 19 No.,Clearwater,FL,33764,27.889342,-82.717548,727-535-9596,727-535-9528,"MONDAY - FRIDAY, 7:00 AM TO 4:30 PM",Collin Goettel,Collin.Goettel@srsbuildingproducts.com,,https://www.srsdistribution.com/en/markets/our-brands/srs-building-products/srs-building-products---clearwater/
srs-building-products---greenville,SRS BUILDING PRODUCTS - GREENVILLE,srs-building-products,297 Commerce Rd.,Greenville,SC,29611,34.81463,-82.43935,864-269-2071,864-269-4633,"MONDAY - FRIDAY, 7:00 AM TO 4:30 PM",Michael.Medlin@srsbuildingproducts.com,,Columns and Patio Covers; Gutter Materials; Roofing Products; Siding and Vinyl Shutters; Ventilation Products; Windows; Asphalt Shingles; Cedar Shakes; Coatings & Waterproofing; Commercial Roofing; Decking; Doors; Insulation; Metal Roofing; Simulated & Real Stone Veneers; Skylights; Tools & Equipment; James Hardie Siding,https://www.srsdistribution.com/en/markets/our-brands/srs-building-products/srs-building-products---greenville/
srs-building-products---augusta,SRS BUILDING PRODUCTS - AUGUSTA,srs-building-products,701 S. Old Belair Rd.,Grovetown,GA,30813,33.48255,-82.136,706-210-3475,706-869-9359,"MONDAY - FRIDAY, 7:00 AM TO 4:00 PM",Matt Roberts,matroberts@srsbuildingproducts.com,Columns and Patio Covers; Gutter Materials; Roofing Products; Siding and Vinyl Shutters; Ventilation Products; Windows; Asphalt Shingles; Cedar Shakes; Coatings & Waterproofing; Commercial Roofing; Decking; Doors; Insulation; Metal Roofing; Simulated & Real Stone Veneers; Skylights; Tools & Equipment; James Hardie Siding; Other Nearby Locations; ATHENS; COLUMBIA; GREENVILLE; WEST COLUMBIA; SEND A MESSAGE TO THE BRANCH MANAGER,https://www.srsdistribution.com/en/markets/our-brands/srs-building-products/srs-building-products---augusta/
srs-building-products---marietta,SRS BUILDING PRODUCTS - MARIETTA,srs-building-products,"1179 Canton Road, Ste. 100",Marietta,GA,30066,33.980495,-84.542445,678-718-1070,678-718-1074,"MONDAY - FRIDAY, 7:00 AM TO 4:30 PM",Jake Salmon,Jake.Salmon@srsbuildingproducts.com,Columns and Patio Covers; Gutter Materials; Roofing Products; Siding and Vinyl Shutters; Ventilation Products; Windows; Asphalt Shingles; Cedar Shakes; Coatings & Waterproofing; Commercial Roofing; Decking; Doors; Insulation; Metal Roofing; Simulated & Real Stone Veneers; Skylights; Tools & Equipment; James Hardie Siding; Other Nearby Locations; ALPHARETTA; CARTERSVILLE; LITHIA SPRINGS; NORCROSS; SEND A MESSAGE TO THE BRANCH MANAGER,https://www.srsdistribution.com/en/markets/our-brands/srs-building-products/srs-building-products---marietta/
srs-building-products---norcross,SRS BUILDING PRODUCTS - NORCROSS,srs-building-products,1400 Beaver Ruin Road NW,Norcross,GA,30093-3009,33.928436,-84.139296,678-892-1023,770-925-9011,"MONDAY - FRIDAY, 7:30 AM TO 4:30 PM",Emmanuel Scott,Emmanuel.Scott@srsbuildingproducts.com,Columns and Patio Covers; Gutter Materials; Roofing Products; Siding and Vinyl Shutters; Ventilation Products; Windows; Asphalt Shingles; Cedar Shakes; Coatings & Waterproofing; Commercial Roofing; Decking; Doors; Insulation; Metal Roofing; Simulated & Real Stone Veneers; Skylights; Tools & Equipment; James Hardie Siding; Other Nearby Locations; ALPHARETTA; CONYERS; LITHIA SPRINGS; MARIETTA; SEND A MESSAGE TO THE BRANCH MANAGER,https://www.srsdistribution.com/en/markets/our-brands/srs-building-products/srs-building-products---norcross/
srs-building-products---west-columbia,SRS BUILDING PRODUCTS - WEST COLUMBIA,srs-building-products,1801 Dixiana Rd.,West Columbia,SC,29172,33.932114,-81.068084,803-779-0740,803-779-0743,"MONDAY - FRIDAY, 7:00 AM TO 4:30 PM",Zach Wukits,Zach.Wukits@srsbuildingproducts.com,Columns and Patio Covers; Gutter Materials; Roofing Products; Siding and Vinyl Shutters; Ventilation Products; Windows; Asphalt Shingles; Cedar Shakes; Coatings & Waterproofing; Commercial Roofing; Decking; Doors; Insulation; Metal Roofing; Simulated & Real Stone Veneers; Skylights; Tools & Equipment; James Hardie Siding; Other Nearby Locations; AUGUSTA; COLUMBIA; SOUTH CHARLOTTE; SUMMERVILLE; SEND A MESSAGE TO THE BRANCH MANAGER,https://www.srsdistribution.com/en/markets/our-brands/srs-building-products/srs-building-products---west-columbia/
srs-building-products---savannah,SRS BUILDING PRODUCTS - SAVANNAH,srs-building-products,40 Westgate Blvd,Savannah,GA,31405,32.05536,-81.14821,912-233-5737,912-233-4681,"MONDAY - FRIDAY, 6:30 AM TO 4:00 PM",William Deloe,William.Deloe@srsbuildingproducts.com,Asphalt Shingles; Cedar Shakes; Coatings & Waterproofing; Commercial Roofing; Decking; Doors; Insulation; Kitchen Cabinets; Metal Roofing; Siding & Siding Accessories; Simulated & Real Stone Veneers; Skylights; Windows; Other Nearby Locations; AUGUSTA; HILTON HEAD; N CHARLESTON; SUMMERVILLE; SEND A MESSAGE TO THE BRANCH MANAGER,https://www.srsdistribution.com/en/markets/our-brands/srs-building-products/srs-building-products---savannah/
srs-building-products---hilton-head,SRS BUILDING PRODUCTS - HILTON HEAD,srs-building-products,323 Industrial Court,Hardeeville,SC,29927,32.202277,-81.0639647,843-645-9904,843-645-9915,"MONDAY - FRIDAY, 7:00 AM TO 4:00 PM",James Davis,jadavis@srsbuildingproducts.com,Columns and Patio Covers; Gutter Materials; Roofing Products; Siding and Vinyl Shutters; Ventilation Products; Windows; Asphalt Shingles; Cedar Shakes; Coatings & Waterproofing; Commercial Roofing; Decking; Doors; Insulation; Metal Roofing; Simulated & Real Stone Veneers; Skylights; Tools & Equipment; James Hardie Siding; Other Nearby Locations; AUGUSTA; N CHARLESTON; SAVANNAH; SUMMERVILLE; SEND A MESSAGE TO THE BRANCH MANAGER,https://www.srsdistribution.com/en/markets/our-brands/srs-building-products/srs-building-products---hilton-head/
amagansett-building-materials---mattituck,AMAGANSETT BUILDING MATERIALS - MATTITUCK,amagansett-bldg-materials,12585 Sound Ave,Mattituck,NY,11952,40.99082,-72.53812,631-996-4800,631-996-7207,"MONDAY - FRIDAY, 7:00 AM TO 4:00 PM",Joseph Licavoli,jlicavoli@florencecorp.com,"Roofing & Siding; Windows & Doors; Decking & Railing; Kitchen & Bath; Lumber & Wood Products; Skylights; Trim & Millwork; Columns; Insulation, Backer & Wraps; Other Nearby Locations; AMAGANSETT; SEND A MESSAGE TO THE BRANCH MANAGER",https://www.srsdistribution.com/en/markets/our-brands/amagansett-bldg-materials/amagansett-building-materials---mattituck/
amagansett-building-materials---amagansett,AMAGANSETT BUILDING MATERIALS - AMAGANSETT,amagansett-bldg-materials,16 Abrahams Landing Rd,Amagansett,NY,11930,40.9803587,-72.1299202,631-267-3560,361-267-6986,"MONDAY - FRIDAY, 7:00 AM TO 3:00 PM",John Kingston,John.Kingston@florencecorp.com,"Roofing & Siding; Windows & Doors; Decking & Railing; Kitchen & Bath; Lumber & Wood Products; Skylights; Trim & Millwork; Columns; Insulation, Backer & Wraps; Other Nearby Locations; MATTITUCK; SEND A MESSAGE TO THE BRANCH MANAGER",https://www.srsdistribution.com/en/markets/our-brands/amagansett-bldg-materials/amagansett-building-materials---amagansett/
florence-building-materials---medford,FLORENCE BUILDING MATERIALS - MEDFORD,florence-bldg-materials,643 Long Island Ave,Medford,NY,11763,40.86056,-72.61406,631-758-4800,631-458-4941,"MONDAY - FRIDAY, 7:00 AM TO 4:00 PM",Raymond Samson,Raymond.Samson@florencecorp.com,"Roofing & Siding; Windows & Doors; Decking & Railing; Kitchen & Bath; Lumber & Wood Products; Skylights; Trim & Millwork; Columns; Insulation, Backer & Wraps; Other Nearby Locations; EAST QUOGUE; HUNTINGTON; SEND A MESSAGE TO THE BRANCH MANAGER",https://www.srsdistribution.com/en/markets/our-brands/florence-bldg-materials/florence-building-materials---medford/
florence-building-materials---east-quogue,FLORENCE BUILDING MATERIALS - EAST QUOGUE,florence-bldg-materials,2325 Quogue Riverhead Road,East Quogue,NY,11942,40.8609317,-72.6140451,631-653-6600,631-653-6687,"MONDAY - FRIDAY, 7:00 AM TO 3:00 PM",Stephen Droesch,Stephen.Droesch@srsdistribution.com,"Roofing & Siding; Windows & Doors; Decking & Railing; Kitchen & Bath; Lumber & Wood Products; Skylights; Trim & Millwork; Columns; Insulation, Backer & Wraps; Other Nearby Locations; HUNTINGTON; MEDFORD; SEND A MESSAGE TO THE BRANCH MANAGER",https://www.srsdistribution.com/en/markets/our-brands/florence-bldg-materials/florence-building-materials---east-quogue/
florence-building-materials---huntington,FLORENCE BUILDING MATERIALS - HUNTINGTON,florence-bldg-materials,1667 E Jericho Tpke,Huntington,NY,11743,40.8331844,-73.3417632,631-499-6200,931-499-0228,"MONDAY - FRIDAY, 7:00 AM TO 4:00 PM",Robert Pihlkar,Robert.Pihlkar@florencecorp.com,"Roofing & Siding; Windows & Doors; Decking & Railing; Kitchen & Bath; Lumber & Wood Products; Skylights; Trim & Millwork; Columns; Insulation, Backer & Wraps; Other Nearby Locations; EAST QUOGUE; MEDFORD; SEND A MESSAGE TO THE BRANCH MANAGER",https://www.srsdistribution.com/en/markets/our-brands/florence-bldg-materials/florence-building-materials---huntington/
metro-roofing-supplies---poughkeepsie,METRO ROOFING SUPPLIES - POUGHKEEPSIE,metro-roofing-supplies,100 Salt Point Tpke,Poughkeepsie,NY,12603,41.7146448,-73.9008468,845-302-7663,845-379-8901,"MONDAY - FRIDAY, 7:00 AM TO 4:00 PM",Andrew Deloe,Andrew.Deloe@metroroofingsupplies.com,Asphalt shingles; TPO; EPDM; BUR; Mod Bit; Tapered Insulation; Hatches; Edge Metal; Skylight; Coatings; Decking; Metal Roofing; Underlayment; SEND A MESSAGE TO THE BRANCH MANAGER,https://www.srsdistribution.com/en/markets/our-brands/metro-roofing-supplies/metro-roofing-supplies---poughkeepsie/
national-building--roofing-supplies---farmingdale,NATIONAL BUILDING &amp; ROOFING SUPPLIES - FARMINGDALE,national-building--roofing-supplies,2099 New Highway,Farmingdale,NY,11735,40.752903,-73.414662,631-752-0704,631-752-0708,"MONDAY - FRIDAY, 7:00 AM TO 4:00 PM",Jr Capozzi,JR@nationalroofingsupplies.com,Columns and Patio Covers; Gutter Materials; Roofing Products; Siding and Vinyl Shutters; Ventilation Products,https://www.srsdistribution.com/en/markets/our-brands/national-building--roofing-supplies/national-building--roofing-supplies---farmingdale/
national-building-supply---bergenfield,NATIONAL BUILDING SUPPLY - BERGENFIELD,national-building-supply,140 Woodbine St.,Bergenfield,NJ,07621,40.916555,-74.001385,201-387-7663,201-387-6327,"MONDAY - FRIDAY, 7:00 AM TO 3:30 PM",Bari Siano,Bari.Siano@nationalsupply.net,"Roofing; Siding & Accessories; Windows; Doors; Waterproofing; Decking & Railing; Ventilation Products; Millwork, Shutters, Columns & Trim Boards; Tools & Equipment; Veneer Stone; Top Shield; Other Nearby Locations; CHATHAM; HARRISON; ROSELLE PARK; NATIONAL BUILDING SUPPLY – BELFORD; SEND A MESSAGE TO THE BRANCH MANAGER",https://www.srsdistribution.com/en/markets/our-brands/national-building-supply/national-building-supply---bergenfield/
national-building-supply---chatham,NATIONAL BUILDING SUPPLY - CHATHAM,national-building-supply,100 Summit Avenue,Chatham,NJ,07928,40.735283,-74.379117,973-635-9000,973-635-9216,"MONDAY - FRIDAY, 7:00 AM TO 3:30 PM",Brian Garay,Brian.Garay@nationalsupply.net,"Roofing; Siding & Accessories; Windows; Doors; Waterproofing; Decking & Railing; Ventilation Products; Millwork, Shutters, Columns & Trim Boards; Tools & Equipment; Veneer Stone; Top Shield; Other Nearby Locations; BERGENFIELD; HARRISON; ROSELLE PARK; NATIONAL BUILDING SUPPLY – BELFORD; SEND A MESSAGE TO THE BRANCH MANAGER",https://www.srsdistribution.com/en/markets/our-brands/national-building-supply/national-building-supply---chatham/
national-building-supply---roselle-park,NATIONAL BUILDING SUPPLY - ROSELLE PARK,national-building-supply,210 W. Westfield Avenue,Roselle Park,NJ,07204,40.660238,-74.271117,908-245-7296,908-241-3441,"MONDAY - FRIDAY, 7:00 AM TO 3:30 PM",Frank Barreira,Frank.Barreira@nationalsupply.net,"Roofing; Siding & Accessories; Windows; Doors; Waterproofing; Decking & Railing; Ventilation Products; Millwork, Shutters, Columns & Trim Boards; Tools & Equipment; Veneer Stone; Top Shield; Other Nearby Locations; BERGENFIELD; CHATHAM; HARRISON; NATIONAL BUILDING SUPPLY – BELFORD; SEND A MESSAGE TO THE BRANCH MANAGER",https://www.srsdistribution.com/en/markets/our-brands/national-building-supply/national-building-supply---roselle-park/
national-building-supply--belford,NATIONAL BUILDING SUPPLY – BELFORD,national-building-supply,195 Leonardville Road,Belford,NJ,07718,40.4151144,-74.0893287,732-697-0025,732-697-0029,"MONDAY - FRIDAY, 7:00 AM TO 4:00 PM",Luis Moncion,Luis.Moncion@nationalsupply.net,"Roofing; Siding & Accessories; Windows; Doors; Waterproofing; Decking & Railing; Ventilation Products; Millwork, Shutters, Columns & Trim Boards; Tools & Equipment; Veneer Stone; Top Shield; Other Nearby Locations; BERGENFIELD; CHATHAM; HARRISON; ROSELLE PARK; SEND A MESSAGE TO THE BRANCH MANAGER",https://www.srsdistribution.com/en/markets/our-brands/national-building-supply/national-building-supply--belford/
national-building-supply---harrison,NATIONAL BUILDING SUPPLY - HARRISON,national-building-supply,43-57 Harrison Avenue,Harrison,NJ,07029,40.745364,-74.162613,973-481-0600,973-481-3725,"MONDAY - FRIDAY, 7:00 AM TO 3:00 PM",Jorge Huapaya,Jorge.Huapaya@nationalsupply.net,"Roofing; Siding & Accessories; Windows; Doors; Waterproofing; Decking & Railing; Ventilation Products; Millwork, Shutters, Columns & Trim Boards; Tools & Equipment; Veneer Stone; Top Shield; Other Nearby Locations; BERGENFIELD; CHATHAM; ROSELLE PARK; NATIONAL BUILDING SUPPLY – BELFORD; SEND A MESSAGE TO THE BRANCH MANAGER",https://www.srsdistribution.com/en/markets/our-brands/national-building-supply/national-building-supply---harrison/
rock-materials---austin,ROCK MATERIALS - AUSTIN,rock-materials,16409 Bratton Lane,Austin,TX,78728,30.4683376,-97.6751166,737-284-9399,737-284-9398,"MONDAY - FRIDAY, 8:00 AM TO 4:00 PM",Robert Romo,Robert.Romo@rockmaterials.com,,https://www.srsdistribution.com/en/markets/our-brands/rock-materials/rock-materials---austin/
rock-materials---dallas,ROCK MATERIALS - DALLAS,rock-materials,1854 East Beltline Road #3,Coppell,TX,75019,32.9525405,-96.9400986,972-393-8083,972-393-0435,"MONDAY - FRIDAY, 7:30 AM TO 4:30 PM",Ryan Nicholson,Ryan.Nicholson@rockmaterials.com,Building Stone; Landscaping Stone; Masonry Supplies; Flagstone; Edging; Wall Ties; Brick Cleaners; Address Blocks; Other Nearby Locations; AUSTIN; HOUSTON; SEND A MESSAGE TO THE BRANCH MANAGER,https://www.srsdistribution.com/en/markets/our-brands/rock-materials/rock-materials---dallas/
rock-materials---houston,ROCK MATERIALS - HOUSTON,rock-materials,13315 Theis Lane,Tomball,TX,77375,30.0761665,-95.6224204,281-353-3100,,"MONDAY - FRIDAY, 7:30 AM TO 4:00 PM",Brooks Maak,Brooks.Maak@rockmaterials.com,Building Stone; Landscaping Stone; Masonry Supplies; Flagstone; Edging; Wall Ties; Brick Cleaners; Address Blocks; Other Nearby Locations; AUSTIN; DALLAS; SEND A MESSAGE TO THE BRANCH MANAGER,https://www.srsdistribution.com/en/markets/our-brands/rock-materials/rock-materials---houston/
specialty-wood-products---aurora,SPECIALTY WOOD PRODUCTS - AURORA,specialty-wood-products,2790 Laredo St,Aurora,CO,80011,39.7561194,-104.7995648,303-288-8484,310-539-7665,"MONDAY - FRIDAY, 7:30 AM TO 4:30 PM",Jeff DeGuire,Jeff.DeGuire@swp.net,,https://www.srsdistribution.com/en/markets/our-brands/specialty-wood-products/specialty-wood-products---aurora/
specialty-wood-products---kyle,SPECIALTY WOOD PRODUCTS - KYLE,specialty-wood-products,1080 Bunton Creek Rd,Kyle,TX,78640,30.003639,-97.855836,737-600-1809,303-288-5650,"MONDAY - FRIDAY, 7:30 AM TO 4:30 PM",Tanner Clem,Tanner.Clem@swp.net,,https://www.srsdistribution.com/en/markets/our-brands/specialty-wood-products/specialty-wood-products---kyle/
sider-lumber--supply--nesconset,SIDER LUMBER &amp; SUPPLY – NESCONSET,sider-lumber--supply,45 Southern Boulevard,Nesconset,NY,11767,40.8566257,-73.1590645,631-265-1012,631-265-1077,"MONDAY - FRIDAY, 7:00 AM TO 5:00 PM",Joseph Sider,Joseph.Sider@siderlumber.com,,https://www.srsdistribution.com/en/markets/our-brands/sider-lumber--supply/sider-lumber--supply--nesconset/
ls-building-products--pontiac,LS BUILDING PRODUCTS -PONTIAC,ls-building-products,423 N Court St,Pontiac,IL,61764,40.8812655,-88.6347104,815-842-3831,,"MONDAY - FRIDAY, 7:00 AM TO 4:30 PM",Michael Todd,Michael.Todd@ls-usa.com,,https://www.srsdistribution.com/en/markets/our-brands/ls-building-products/ls-building-products--pontiac/
ls-building-products---truss,LS BUILDING PRODUCTS - TRUSS,ls-building-products,700 S Springfield St,Virden,IL,62690,39.4901532,-89.7690781,217-965-4911,,"MONDAY - FRIDAY, 7:00 AM TO 4:30 PM",Byron Walker,Byron.Walker@ls-usa.com,,https://www.srsdistribution.com/en/markets/our-brands/ls-building-products/ls-building-products---truss/
ls-building-products---champaign,LS BUILDING PRODUCTS - CHAMPAIGN,ls-building-products,211 S Staley Rd,Champaign,IL,61822,40.1167841,-88.3151636,217-398-1646,,"MONDAY - FRIDAY, 7:00 AM TO 4:30 PM",Rick Gregory,Rick.Gregory@ls-usa.com,,https://www.srsdistribution.com/en/markets/our-brands/ls-building-products/ls-building-products---champaign/
ls-building-products---east-peoria,LS BUILDING PRODUCTS - EAST PEORIA,ls-building-products,300 Pinecrest Dr,East Peoria,IL,61611,40.6385116,-89.5428014,800-322-1565,,"MONDAY - FRIDAY, 7:00 AM TO 4:30 PM",,,,https://www.srsdistribution.com/en/markets/our-brands/ls-building-products/ls-building-products---east-peoria/
ls-building-products---millwork,LS BUILDING PRODUCTS - MILLWORK,ls-building-products,3405 N Main St,East Peoria,IL,61611,40.7047127,-89.5370102,309-699-0233,,"MONDAY - FRIDAY, 7:00 AM TO 4:30 PM",Casey Carey,Casey.Carey@ls-usa.com,,https://www.srsdistribution.com/en/markets/our-brands/ls-building-products/ls-building-products---millwork/
ls-building-products---fence-and-rail,LS BUILDING PRODUCTS - FENCE AND RAIL,ls-building-products,3201 N Main St,East Peoria,IL,61611,40.7026733,-89.5381947,309-699-0263,,"MONDAY - FRIDAY, 7:00 AM TO 4:30 PM",Scott Lee,Scott.Lee@ls-usa.com,,https://www.srsdistribution.com/en/markets/our-brands/ls-building-products/ls-building-products---fence-and-rail/
ls-building-products---springfield,LS BUILDING PRODUCTS - SPRINGFIELD,ls-building-products,3441 Lumber Ln,Springfield,IL,62707,39.8300777,-89.5891074,217-965-4019,,"MONDAY - FRIDAY, 7:00 AM TO 4:30 PM",Doug.Pickrel@ls-usa.com,,,https://www.srsdistribution.com/en/markets/our-brands/ls-building-products/ls-building-products---springfield/
